# If this file contains data that relates to a time no more than 48 hours ago,
# BY USING IT YOU AGREE TO THE LEGALLY BINDING TERMS OF USE FOUND AT
#   https://storage.googleapis.com/weathernext-public/terms-of-use.pdf
# Any data that relates to a time more than 48 hours ago is licensed under the
# Creative Commons Attribution International License, Version 4.0 (CC BY 4.0).
# BEGIN DATA
init_time,track_id,sample,valid_time,lead_time,lat,lon,minimum_sea_level_pressure_hpa,maximum_sustained_wind_speed_knots,radius_of_maximum_winds_km,radius_34_knot_winds_ne_km,radius_34_knot_winds_se_km,radius_34_knot_winds_sw_km,radius_34_knot_winds_nw_km,radius_50_knot_winds_ne_km,radius_50_knot_winds_se_km,radius_50_knot_winds_sw_km,radius_50_knot_winds_nw_km,radius_64_knot_winds_ne_km,radius_64_knot_winds_se_km,radius_64_knot_winds_sw_km,radius_64_knot_winds_nw_km
2025-06-29 12:00:00,AL022025,0.0,2025-06-29 12:00:00,0 days 00:00:00,20.1,-96.0,1008.0,35.0,56.0,56.0,0.0,0.0,0.0,,,,,,,,
2025-06-29 12:00:00,AL022025,0.0,2025-06-29 18:00:00,0 days 06:00:00,15.27,-99.36,1002.1,42.0,63.7235221862793,14.430333137512209,7.13092565536499,0.6913273334503174,5.723680019378662,0.0,0.0,0.0,0.0,0.010766315,0.00068716233,0.0,0.0
2025-06-29 12:00:00,AL022025,0.0,2025-06-30 00:00:00,0 days 12:00:00,13.89,-100.73,1003.6,35.7,73.46697235107422,63.10686111450195,56.96879196166992,53.03895568847656,52.10835647583008,0.0,0.0,0.0,0.0,0.0,0.0,0.0020174212,0.0
2025-06-29 12:00:00,AL022025,0.0,2025-06-30 06:00:00,0 days 18:00:00,14.61,-101.66,995.5,51.6,60.02954864501953,78.66694641113281,62.59959411621094,40.52855682373047,59.82465362548828,24.414505,18.387165,11.733865,17.723991,0.20656511,0.0,0.0,0.0
2025-06-29 12:00:00,AL022025,0.0,2025-06-30 12:00:00,1 days 00:00:00,15.15,-102.16,998.4,47.7,49.81197738647461,31.72045516967773,24.14354515075684,10.038195610046388,18.535106658935547,0.2100207,0.15050396,0.0,0.0,0.09397335,0.09179963,0.14567234,0.0
2025-06-29 12:00:00,AL022025,0.0,2025-06-30 18:00:00,1 days 06:00:00,15.93,-102.96,995.5,54.1,51.909912109375,95.6988754272461,81.14448547363281,54.58835983276367,74.22262573242188,32.612507,25.86899,16.738178,23.84432,0.90023345,0.0,0.0,0.13886891
2025-06-29 12:00:00,AL022025,0.0,2025-07-01 00:00:00,1 days 12:00:00,16.75,-103.85,992.9,56.4,38.137794494628906,133.75450134277344,113.32048797607422,81.07938385009766,103.31682586669922,34.724487,27.955502,18.352724,25.01054,0.71333164,0.0,0.0,0.22810341
2025-06-29 12:00:00,AL022025,0.0,2025-07-01 06:00:00,1 days 18:00:00,17.35,-105.07,991.0,57.2,32.887664794921875,172.24168395996094,160.03749084472656,129.0302734375,138.69110107421875,22.851398,18.770844,12.701067,16.272966,0.06746866,0.0,0.0,0.0
2025-06-29 12:00:00,AL022025,0.0,2025-07-01 12:00:00,2 days 00:00:00,18.26,-105.93,986.6,63.2,59.98359298706055,118.6848602294922,109.99928283691406,81.00398254394531,93.97499084472656,36.00793,31.307716,22.72779,26.994324,3.3134215,2.3068314,1.5939071,2.6470976
2025-06-29 12:00:00,AL022025,0.0,2025-07-01 18:00:00,2 days 06:00:00,19.08,-106.5,983.1,71.8,24.96336936950684,155.5694580078125,135.15493774414062,96.81071472167967,133.47377014160156,74.22332,62.00009,48.87377,63.083237,30.2448,26.33495,21.128286,26.098396
2025-06-29 12:00:00,AL022025,0.0,2025-07-02 00:00:00,2 days 12:00:00,19.6,-107.17,981.4,76.4,18.978872299194336,113.0990219116211,96.8543930053711,67.08502960205078,95.1956024169922,51.129322,40.800045,29.786005,43.182594,24.869404,20.620617,15.88566,20.959812
2025-06-29 12:00:00,AL022025,0.0,2025-07-02 06:00:00,2 days 18:00:00,20.28,-108.1,975.7,82.2,11.432132720947266,103.73955535888672,90.85152435302734,63.19293975830078,85.19750213623047,46.82711,38.897907,29.183928,39.747375,19.531214,16.288485,13.210502,16.807932
2025-06-29 12:00:00,AL022025,0.0,2025-07-02 12:00:00,3 days 00:00:00,20.97,-108.48,979.1,78.2,40.7675895690918,111.36994934082033,97.11846923828124,65.92916870117188,91.567626953125,58.0667,48.317898,36.842262,49.4392,31.51522,27.167994,21.37804,26.735426
2025-06-29 12:00:00,AL022025,0.0,2025-07-02 18:00:00,3 days 06:00:00,21.61,-109.11,984.6,70.3,27.47491836547852,96.07848358154295,84.44232940673828,66.86634063720703,78.86116027832031,46.845013,40.608818,32.20399,41.20059,21.318468,18.869982,15.259419,18.625212
2025-06-29 12:00:00,AL022025,0.0,2025-07-03 00:00:00,3 days 12:00:00,21.79,-109.73,989.0,63.9,59.692626953125,112.29833221435548,99.53323364257812,74.4473876953125,92.25176239013672,37.160526,29.15515,18.727085,29.144415,10.345219,7.096128,4.555639,7.803969
2025-06-29 12:00:00,AL022025,0.0,2025-07-03 06:00:00,3 days 18:00:00,22.33,-110.07,996.7,50.1,22.329158782958984,75.88860321044922,66.06900787353516,51.25255584716797,61.32577896118164,18.640715,14.39716,10.170478,13.588575,0.39268255,0.0,0.0,0.15210119
2025-06-29 12:00:00,AL022025,0.0,2025-07-03 12:00:00,4 days 00:00:00,23.25,-109.97,995.0,51.5,28.92441940307617,50.1728401184082,45.49800109863281,31.27305221557617,37.8670768737793,14.222588,10.92025,6.7783475,9.608466,0.54072326,0.0,0.0,0.16268323
2025-06-29 12:00:00,AL022025,0.0,2025-07-03 18:00:00,4 days 06:00:00,23.81,-110.39,997.8,45.5,40.94616317749024,51.31461715698242,39.92198181152344,23.607709884643555,36.48740005493164,13.527493,9.815036,5.889506,9.469296,0.8717563,0.10883783,0.0,0.39817291
2025-06-29 12:00:00,AL022025,0.0,2025-07-04 00:00:00,4 days 12:00:00,24.68,-110.87,999.9,44.7,71.65095520019531,69.56977081298828,58.33149719238281,29.98545455932617,50.25076675415039,18.663025,13.835693,8.823728,13.249746,0.5634955,0.02949337,0.0,0.26923648
2025-06-29 12:00:00,AL022025,0.0,2025-07-04 06:00:00,4 days 18:00:00,25.21,-111.15,1006.2,26.9,115.59446716308594,23.6831169128418,19.83973503112793,14.496472358703612,16.987268447875977,1.2299551,0.32899213,0.11677515,1.0168904,0.20963608,0.12897922,0.0,0.18071063
2025-06-29 12:00:00,AL022025,0.0,2025-07-04 12:00:00,5 days 00:00:00,26.04,-111.75,1007.8,24.7,51.75512313842773,0.7339724898338318,0.8038979768753052,0.0,0.1427690088748932,0.07834272,0.0,0.0,0.063806936,0.044259112,0.1439117,0.035086043,0.0027408667
2025-06-29 12:00:00,EP062025,0.0,2025-06-29 12:00:00,0 days 00:00:00,13.2,-99.7,1005.0,35.0,167.0,167.0,37.0,0.0,0.0,,,,,,,,
2025-06-29 12:00:00,EP062025,0.0,2025-06-29 18:00:00,0 days 06:00:00,13.56,-100.39,1002.2,41.9,63.93136978149414,14.374693870544434,7.101813316345215,0.6746364831924438,5.693310737609863,0.0,0.0,0.0,0.0,0.010774819,0.00045685476,0.0,0.0
2025-06-29 12:00:00,EP062025,0.0,2025-06-30 00:00:00,0 days 12:00:00,13.89,-100.73,1003.6,35.7,73.46697235107422,63.10686111450195,56.96879196166992,53.03895568847656,52.10835647583008,0.0,0.0,0.0,0.0,0.0,0.0,0.0020174212,0.0
2025-06-29 12:00:00,EP062025,0.0,2025-06-30 06:00:00,0 days 18:00:00,14.61,-101.66,995.5,51.6,60.02954864501953,78.66694641113281,62.59959411621094,40.52855682373047,59.82465362548828,24.414505,18.387165,11.733865,17.723991,0.20656511,0.0,0.0,0.0
2025-06-29 12:00:00,EP062025,0.0,2025-06-30 12:00:00,1 days 00:00:00,15.15,-102.16,998.4,47.7,49.81197738647461,31.72045516967773,24.14354515075684,10.038195610046388,18.535106658935547,0.2100207,0.15050396,0.0,0.0,0.09397335,0.09179963,0.14567234,0.0
2025-06-29 12:00:00,EP062025,0.0,2025-06-30 18:00:00,1 days 06:00:00,15.93,-102.96,995.5,54.1,51.909912109375,95.6988754272461,81.14448547363281,54.58835983276367,74.22262573242188,32.612507,25.86899,16.738178,23.84432,0.90023345,0.0,0.0,0.13886891
2025-06-29 12:00:00,EP062025,0.0,2025-07-01 00:00:00,1 days 12:00:00,16.75,-103.85,992.9,56.4,38.137794494628906,133.75450134277344,113.32048797607422,81.07938385009766,103.31682586669922,34.724487,27.955502,18.352724,25.01054,0.71333164,0.0,0.0,0.22810341
2025-06-29 12:00:00,EP062025,0.0,2025-07-01 06:00:00,1 days 18:00:00,17.35,-105.07,991.0,57.2,32.887664794921875,172.24168395996094,160.03749084472656,129.0302734375,138.69110107421875,22.851398,18.770844,12.701067,16.272966,0.06746866,0.0,0.0,0.0
2025-06-29 12:00:00,EP062025,0.0,2025-07-01 12:00:00,2 days 00:00:00,18.26,-105.93,986.6,63.2,59.98359298706055,118.6848602294922,109.99928283691406,81.00398254394531,93.97499084472656,36.00793,31.307716,22.72779,26.994324,3.3134215,2.3068314,1.5939071,2.6470976
2025-06-29 12:00:00,EP062025,0.0,2025-07-01 18:00:00,2 days 06:00:00,19.08,-106.5,983.1,71.8,24.96336936950684,155.5694580078125,135.15493774414062,96.81071472167967,133.47377014160156,74.22332,62.00009,48.87377,63.083237,30.2448,26.33495,21.128286,26.098396
2025-06-29 12:00:00,EP062025,0.0,2025-07-02 00:00:00,2 days 12:00:00,19.6,-107.17,981.4,76.4,18.978872299194336,113.0990219116211,96.8543930053711,67.08502960205078,95.1956024169922,51.129322,40.800045,29.786005,43.182594,24.869404,20.620617,15.88566,20.959812
2025-06-29 12:00:00,EP062025,0.0,2025-07-02 06:00:00,2 days 18:00:00,20.28,-108.1,975.7,82.2,11.432132720947266,103.73955535888672,90.85152435302734,63.19293975830078,85.19750213623047,46.82711,38.897907,29.183928,39.747375,19.531214,16.288485,13.210502,16.807932
2025-06-29 12:00:00,EP062025,0.0,2025-07-02 12:00:00,3 days 00:00:00,20.97,-108.48,979.1,78.2,40.7675895690918,111.36994934082033,97.11846923828124,65.92916870117188,91.567626953125,58.0667,48.317898,36.842262,49.4392,31.51522,27.167994,21.37804,26.735426
2025-06-29 12:00:00,EP062025,0.0,2025-07-02 18:00:00,3 days 06:00:00,21.61,-109.11,984.6,70.3,27.47491836547852,96.07848358154295,84.44232940673828,66.86634063720703,78.86116027832031,46.845013,40.608818,32.20399,41.20059,21.318468,18.869982,15.259419,18.625212
2025-06-29 12:00:00,EP062025,0.0,2025-07-03 00:00:00,3 days 12:00:00,21.79,-109.73,989.0,63.9,59.692626953125,112.29833221435548,99.53323364257812,74.4473876953125,92.25176239013672,37.160526,29.15515,18.727085,29.144415,10.345219,7.096128,4.555639,7.803969
2025-06-29 12:00:00,EP062025,0.0,2025-07-03 06:00:00,3 days 18:00:00,22.33,-110.07,996.7,50.1,22.329158782958984,75.88860321044922,66.06900787353516,51.25255584716797,61.32577896118164,18.640715,14.39716,10.170478,13.588575,0.39268255,0.0,0.0,0.15210119
2025-06-29 12:00:00,EP062025,0.0,2025-07-03 12:00:00,4 days 00:00:00,23.25,-109.97,995.0,51.5,28.92441940307617,50.1728401184082,45.49800109863281,31.27305221557617,37.8670768737793,14.222588,10.92025,6.7783475,9.608466,0.54072326,0.0,0.0,0.16268323
2025-06-29 12:00:00,EP062025,0.0,2025-07-03 18:00:00,4 days 06:00:00,23.81,-110.39,997.8,45.5,40.94616317749024,51.31461715698242,39.92198181152344,23.607709884643555,36.48740005493164,13.527493,9.815036,5.889506,9.469296,0.8717563,0.10883783,0.0,0.39817291
2025-06-29 12:00:00,EP062025,0.0,2025-07-04 00:00:00,4 days 12:00:00,24.68,-110.87,999.9,44.7,71.65095520019531,69.56977081298828,58.33149719238281,29.98545455932617,50.25076675415039,18.663025,13.835693,8.823728,13.249746,0.5634955,0.02949337,0.0,0.26923648
2025-06-29 12:00:00,EP062025,0.0,2025-07-04 06:00:00,4 days 18:00:00,25.21,-111.15,1006.2,26.9,115.59446716308594,23.6831169128418,19.83973503112793,14.496472358703612,16.987268447875977,1.2299551,0.32899213,0.11677515,1.0168904,0.20963608,0.12897922,0.0,0.18071063
2025-06-29 12:00:00,EP062025,0.0,2025-07-04 12:00:00,5 days 00:00:00,26.04,-111.75,1007.8,24.7,51.75512313842773,0.7339724898338318,0.8038979768753052,0.0,0.1427690088748932,0.07834272,0.0,0.0,0.063806936,0.044259112,0.1439117,0.035086043,0.0027408667
2025-06-29 12:00:00,AL022025,1.0,2025-06-29 12:00:00,0 days 00:00:00,20.1,-96.0,1008.0,35.0,56.0,56.0,0.0,0.0,0.0,,,,,,,,
2025-06-29 12:00:00,AL022025,1.0,2025-06-29 18:00:00,0 days 06:00:00,20.72,-96.77,1006.5,31.0,72.50979614257812,11.328476905822754,5.299532890319824,0.3196950554847717,6.856173992156982,1.3134111,0.40982828,0.32290944,1.3977015,1.0567392,1.1035674,1.0149628,1.0736252
2025-06-29 12:00:00,EP062025,1.0,2025-06-29 12:00:00,0 days 00:00:00,13.2,-99.7,1005.0,35.0,167.0,167.0,37.0,0.0,0.0,,,,,,,,
2025-06-29 12:00:00,EP062025,1.0,2025-06-29 18:00:00,0 days 06:00:00,13.45,-100.52,1002.5,41.2,71.95906829833984,95.01364135742188,84.52235412597656,67.09203338623047,77.91658020019531,0.0,0.0,0.0,0.0,0.0,0.07859344,0.14874381,0.02110848
2025-06-29 12:00:00,EP062025,1.0,2025-06-30 00:00:00,0 days 12:00:00,13.32,-100.69,999.6,41.9,88.3772964477539,92.97785186767578,88.81282806396484,81.41392517089844,79.2719955444336,0.0,0.0,0.0,0.0,0.0,0.0,0.0,0.033282433
2025-06-29 12:00:00,EP062025,1.0,2025-06-30 06:00:00,0 days 18:00:00,14.55,-101.61,1001.6,42.0,93.66706085205078,93.88640594482422,75.41587829589844,46.962989807128906,69.8785629272461,24.574379,21.168747,15.779262,18.16706,0.0,0.06822852,0.0,0.0
2025-06-29 12:00:00,EP062025,1.0,2025-06-30 12:00:00,1 days 00:00:00,15.31,-102.34,1002.5,40.0,50.104454040527344,26.67216110229492,18.017152786254883,5.474696159362793,16.592805862426758,0.17077425,0.050107438,0.0,0.0,0.11456993,0.13130914,0.19602843,0.017923929
2025-06-29 12:00:00,EP062025,1.0,2025-06-30 18:00:00,1 days 06:00:00,16.05,-103.07,990.3,60.9,25.254323959350582,108.47938537597656,91.23252868652344,67.97003936767578,86.00625610351562,45.137676,36.574577,25.207083,36.51322,9.3993845,6.710395,4.239798,7.3865113
2025-06-29 12:00:00,EP062025,1.0,2025-07-01 00:00:00,1 days 12:00:00,16.63,-104.25,997.3,53.0,44.87638092041016,117.57821655273438,96.79329681396484,62.569095611572266,89.83760833740234,31.550407,23.905165,14.525905,22.670225,0.8906961,0.0,0.0,0.26465708
2025-06-29 12:00:00,EP062025,1.0,2025-07-01 06:00:00,1 days 18:00:00,17.41,-105.15,993.1,57.5,53.03007888793945,133.86581420898438,114.31000518798828,83.18446350097656,112.02392578125,59.283752,48.23017,34.38937,48.290092,16.01944,12.120471,8.739718,12.975433
2025-06-29 12:00:00,EP062025,1.0,2025-07-01 12:00:00,2 days 00:00:00,17.95,-106.2,988.0,64.1,38.60171890258789,120.65731048583984,103.65169525146484,65.79803466796875,93.34757232666016,44.81014,34.20037,21.186268,33.15416,5.047487,2.367812,0.61140466,3.3514192
2025-06-29 12:00:00,EP062025,1.0,2025-07-01 18:00:00,2 days 06:00:00,18.17,-107.0,987.5,65.4,42.12154769897461,120.41124725341795,103.78095245361328,74.97615051269531,95.09270477294922,49.27881,39.932682,27.291424,38.98499,9.930859,6.913777,4.5253024,7.6969733
2025-06-29 12:00:00,EP062025,1.0,2025-07-02 00:00:00,2 days 12:00:00,18.78,-107.85,982.5,73.7,38.9706916809082,162.79872131347656,147.2771453857422,120.8618621826172,134.31951904296875,43.231644,34.868664,25.11056,35.447994,18.71333,15.381094,11.624881,15.591353
2025-06-29 12:00:00,EP062025,1.0,2025-07-02 06:00:00,2 days 18:00:00,19.61,-108.37,977.1,79.4,51.5218505859375,94.81481170654295,82.2862777709961,59.75357437133789,79.42918395996094,50.730938,42.643883,33.212387,44.33029,27.815569,23.786234,19.0409,23.811346
2025-06-29 12:00:00,EP062025,1.0,2025-07-02 12:00:00,3 days 00:00:00,20.03,-109.02,987.1,62.9,52.341644287109375,114.57242584228516,98.09519958496094,72.70122528076172,96.06819152832033,50.04097,40.858456,28.121777,40.36952,13.82415,10.113486,7.2238193,10.842606
2025-06-29 12:00:00,EP062025,1.0,2025-07-02 18:00:00,3 days 06:00:00,20.48,-109.66,996.3,50.1,39.82223510742188,99.78156280517578,83.77951049804688,57.46263885498047,75.95836639404297,32.21887,25.504587,17.878983,23.665977,0.2838295,0.0,0.0,0.05110433
2025-06-29 12:00:00,EP062025,1.0,2025-07-03 00:00:00,3 days 12:00:00,21.14,-110.14,990.9,58.9,30.76431655883789,91.02139282226562,78.80776977539062,65.30620574951172,79.0302734375,33.61989,25.873026,17.976942,27.698421,12.410041,9.430485,6.533191,9.967804
2025-06-29 12:00:00,EP062025,1.0,2025-07-03 06:00:00,3 days 18:00:00,21.75,-110.71,1001.9,39.6,69.64436340332031,39.01475524902344,29.853553771972656,15.553452491760254,30.01506233215332,0.77829957,0.0,0.0,0.1762706,0.061562818,0.023197906,0.0,0.06706193
2025-06-29 12:00:00,EP062025,1.0,2025-07-03 12:00:00,4 days 00:00:00,22.45,-111.3,1002.1,39.0,41.529815673828125,32.24270248413086,25.008745193481445,13.214252471923828,24.367706298828125,1.3239526,0.60273063,0.01762548,0.37210375,0.06585914,0.0,0.06828143,0.05313382
2025-06-29 12:00:00,EP062025,1.0,2025-07-03 18:00:00,4 days 06:00:00,23.12,-112.25,1004.5,32.3,60.52992630004883,52.48423004150391,45.21418762207031,34.36530303955078,43.94514083862305,0.37036633,0.20109549,0.35743007,1.0913728,0.20671073,0.36420408,0.15029778,0.24015574
2025-06-29 12:00:00,EP062025,1.0,2025-07-04 00:00:00,4 days 12:00:00,24.21,-112.57,1004.4,31.3,95.79866027832033,10.438077926635742,6.134570598602295,5.355053424835205,7.176174640655518,0.0,0.0,0.0,0.0,0.056181725,0.18734974,0.031362932,0.13335885
2025-06-29 12:00:00,EP062025,1.0,2025-07-04 06:00:00,4 days 18:00:00,24.68,-113.17,1006.2,28.0,47.56473159790039,31.728816986083984,28.96786117553711,29.00101089477539,26.91888999938965,0.15115614,0.0,0.18196662,0.0,0.17242984,0.17322618,0.0,0.13081309
2025-06-29 12:00:00,EP062025,1.0,2025-07-04 12:00:00,5 days 00:00:00,24.86,-113.77,1007.0,28.2,84.41010284423828,0.4909388422966003,0.0,0.5819388031959534,0.0,0.0,0.0,0.28936815,0.0,0.0,0.22601356,0.0,0.0
2025-06-29 12:00:00,EP062025,1.0,2025-07-04 18:00:00,5 days 06:00:00,25.43,-114.58,1009.1,22.9,50.393585205078125,1.992962956428528,0.7008580565452576,1.5597068071365356,0.3925410807132721,0.0066614635,0.06165819,0.46543565,0.0,0.13640273,0.17649221,0.11728393,0.10293879
2025-06-29 12:00:00,EP062025,1.0,2025-07-05 00:00:00,5 days 12:00:00,25.73,-114.79,1010.4,21.1,55.39044570922852,0.0,0.0,0.0,0.0,0.27102333,0.011913781,0.4062136,0.4057883,0.11612951,0.22231632,0.118723094,0.3687017
2025-06-29 12:00:00,EP062025,1.0,2025-07-05 06:00:00,5 days 18:00:00,25.81,-114.89,1012.6,19.0,108.65454864501952,0.1255304217338562,0.0,0.0,0.0,0.2524363,0.033932406,0.06541129,0.28193954,0.027407767,0.24562518,0.0,0.3077544
2025-06-29 12:00:00,EP062025,1.0,2025-07-05 12:00:00,6 days 00:00:00,26.03,-114.89,1009.2,21.0,33.92560958862305,1.935790061950684,3.708897590637207,3.741508722305298,2.3652596473693848,0.00035881207,0.13835606,0.7035994,0.0017172645,0.13321584,0.12030801,0.13126715,0.13741422
2025-06-29 12:00:00,AL022025,2.0,2025-06-29 12:00:00,0 days 00:00:00,20.1,-96.0,1008.0,35.0,56.0,56.0,0.0,0.0,0.0,,,,,,,,
2025-06-29 12:00:00,AL022025,2.0,2025-06-29 18:00:00,0 days 06:00:00,15.27,-99.64,999.5,45.2,74.72310638427734,87.2846908569336,69.43123626708984,47.08466720581055,68.34613800048828,24.466269,19.73029,14.298313,18.162346,0.0,0.0,0.0,0.0
2025-06-29 12:00:00,AL022025,2.0,2025-06-30 00:00:00,0 days 12:00:00,13.61,-101.4,1000.0,41.5,105.79865264892578,134.07679748535156,118.60330963134766,99.6634292602539,112.4447250366211,2.1033082,1.0793386,0.5710379,1.1476413,0.0,0.0,0.022638518,0.0
2025-06-29 12:00:00,AL022025,2.0,2025-06-30 06:00:00,0 days 18:00:00,14.64,-101.52,997.2,51.2,66.6606674194336,65.76800537109375,47.17533874511719,20.06103515625,45.02475357055664,10.431255,7.192852,3.6639,6.359534,0.09283077,0.0,0.0,0.043128744
2025-06-29 12:00:00,AL022025,2.0,2025-06-30 12:00:00,1 days 00:00:00,15.36,-102.18,996.3,53.6,28.50512313842773,74.70751953125,60.10673141479492,32.58116912841797,53.22888946533203,16.34899,12.644321,7.6596603,10.980416,0.09245708,0.0,0.0,0.0
2025-06-29 12:00:00,AL022025,2.0,2025-06-30 18:00:00,1 days 06:00:00,15.49,-103.09,989.6,63.0,25.708885192871094,112.2697982788086,98.10546875,81.3697280883789,96.15292358398438,60.09276,52.508102,42.139225,53.852478,27.245611,23.881254,19.11199,23.445496
2025-06-29 12:00:00,AL022025,2.0,2025-07-01 00:00:00,1 days 12:00:00,16.28,-104.14,989.9,63.9,40.3636589050293,155.1483917236328,137.86781311035156,113.96215057373048,130.6063232421875,45.9338,36.353645,25.551607,37.919907,18.16762,14.444452,10.036333,14.764818
2025-06-29 12:00:00,AL022025,2.0,2025-07-01 06:00:00,1 days 18:00:00,17.05,-104.99,992.2,58.0,35.8896369934082,136.66592407226562,128.3542938232422,103.2743682861328,108.4264907836914,22.365982,19.19095,12.816517,16.588625,0.78795356,0.18929482,0.0,0.5234184
2025-06-29 12:00:00,AL022025,2.0,2025-07-01 12:00:00,2 days 00:00:00,17.4,-105.85,986.1,69.6,51.36935806274414,145.90908813476562,121.2400360107422,86.98001861572266,122.73786926269533,74.55053,61.314102,46.507698,63.73033,35.622803,30.344349,23.69213,30.174093
2025-06-29 12:00:00,AL022025,2.0,2025-07-01 18:00:00,2 days 06:00:00,17.81,-106.31,987.0,66.2,24.643770217895508,121.7733917236328,109.5829620361328,85.61068725585938,97.24034881591795,48.310547,40.64954,29.79286,38.86872,7.189817,5.260344,3.6760206,5.8698955
2025-06-29 12:00:00,AL022025,2.0,2025-07-02 00:00:00,2 days 12:00:00,18.75,-106.64,990.5,57.8,56.39374923706055,163.90003967285156,144.97311401367188,118.38274383544922,143.98374938964844,59.241413,48.55982,35.790287,49.080067,18.552362,14.745278,10.916796,15.228734
2025-06-29 12:00:00,AL022025,2.0,2025-07-02 06:00:00,2 days 18:00:00,19.3,-107.91,995.0,54.9,38.50708770751953,147.81405639648438,127.10487365722656,92.2007827758789,116.8441390991211,56.423912,47.24521,32.33496,43.255432,4.0847597,1.6976761,0.2304779,2.5410306
2025-06-29 12:00:00,AL022025,2.0,2025-07-02 12:00:00,3 days 00:00:00,19.9,-108.63,989.0,62.9,40.40761947631836,93.750732421875,79.39620208740234,57.02496719360352,79.65737915039062,47.98652,39.475704,29.928688,41.070053,21.38619,17.986578,13.633001,17.868874
2025-06-29 12:00:00,AL022025,2.0,2025-07-02 18:00:00,3 days 06:00:00,20.36,-109.64,1001.2,41.7,45.99189758300781,77.46318054199219,65.5373306274414,45.131324768066406,63.36223220825195,1.5831387,0.3068681,0.059078876,0.68720806,0.28890723,0.093190275,0.09833288,0.22437033
2025-06-29 12:00:00,AL022025,2.0,2025-07-03 00:00:00,3 days 12:00:00,20.72,-110.05,1002.1,37.2,64.28324890136719,73.87677764892578,64.08307647705078,54.64578628540039,61.697364807128906,0.0,0.0,0.0,0.0,0.10019255,0.027951919,0.031539842,0.08869195
2025-06-29 12:00:00,AL022025,2.0,2025-07-03 06:00:00,3 days 18:00:00,20.99,-110.4,1004.0,34.6,59.50307083129883,37.62376022338867,24.784574508666992,16.97735023498535,28.434249877929688,0.1623233,0.0,0.0,0.0,0.0,0.055699132,0.1099262,0.06216674
2025-06-29 12:00:00,AL022025,2.0,2025-07-03 12:00:00,4 days 00:00:00,21.36,-111.11,1003.1,32.2,70.33402252197266,6.992222309112549,3.7460899353027344,1.2739274501800537,4.465635776519775,0.0,0.0,0.0,0.0,0.0,0.037028752,0.045575634,0.0
2025-06-29 12:00:00,AL022025,2.0,2025-07-03 18:00:00,4 days 06:00:00,21.96,-111.64,1003.5,35.9,33.88552474975586,28.745485305786133,15.221439361572266,6.550485610961914,24.60597038269043,1.9800572,0.31857413,0.21597351,0.7767679,0.40174252,0.21151784,0.32470378,0.2980936
2025-06-29 12:00:00,AL022025,2.0,2025-07-04 00:00:00,4 days 12:00:00,22.89,-112.13,1005.3,28.4,45.35520935058594,27.937759399414062,24.921422958374023,24.06601333618164,23.067211151123047,0.112118855,0.19791993,0.26443678,0.0,0.03569014,0.0,0.0,0.0
2025-06-29 12:00:00,AL022025,2.0,2025-07-04 06:00:00,4 days 18:00:00,23.68,-112.68,1008.7,25.1,73.19048309326172,4.486339569091797,3.719852924346924,3.880596160888672,0.9688150882720948,0.41800162,0.49401417,0.09245904,0.53618926,0.07358102,0.10375078,0.0,0.107718855
2025-06-29 12:00:00,AL022025,2.0,2025-07-04 12:00:00,5 days 00:00:00,24.31,-113.5,1007.7,26.0,67.19774627685547,5.079682350158691,1.833812952041626,1.9938321113586424,3.459071636199951,0.06249272,0.0,0.029631004,0.05968254,0.0,0.0,0.0,0.03423058
2025-06-29 12:00:00,AL022025,2.0,2025-07-04 18:00:00,5 days 06:00:00,24.92,-114.08,1009.7,22.2,118.12738037109376,0.5319549441337585,0.110492818057537,0.0797960609197616,0.5003030300140381,0.30455673,0.04336691,0.27999902,0.26165625,0.29233748,0.37353247,0.19015251,0.40382755
2025-06-29 12:00:00,AL022025,2.0,2025-07-05 00:00:00,5 days 12:00:00,25.41,-114.34,1010.6,20.0,63.04741668701172,0.0,0.0,0.0,0.0,0.17522039,0.0,0.027560282,0.0,0.11699953,0.0,0.0,0.17461985
2025-06-29 12:00:00,AL022025,2.0,2025-07-05 06:00:00,5 days 18:00:00,25.82,-114.87,1013.7,16.0,81.12190246582031,18.284740447998047,20.641498565673828,21.62220573425293,18.977516174316406,0.62841356,0.0,0.13516495,0.38819903,0.100789964,0.14353566,0.0,0.37664226
2025-06-29 12:00:00,AL022025,2.0,2025-07-05 12:00:00,6 days 00:00:00,26.06,-115.17,1010.5,17.3,101.71223449707033,0.0,0.0,0.2812304496765136,0.0,0.0,0.0,0.0,0.0,0.0,0.0,0.0,0.10684825
2025-06-29 12:00:00,EP062025,2.0,2025-06-29 12:00:00,0 days 00:00:00,13.2,-99.7,1005.0,35.0,167.0,167.0,37.0,0.0,0.0,,,,,,,,
2025-06-29 12:00:00,EP062025,2.0,2025-06-29 18:00:00,0 days 06:00:00,13.76,-100.69,999.5,45.1,75.0899658203125,86.603515625,68.86885070800781,46.70235824584961,67.79097747802734,24.267069,19.569912,14.178646,18.012634,0.0,0.0,0.0,0.0
2025-06-29 12:00:00,EP062025,2.0,2025-06-30 00:00:00,0 days 12:00:00,13.61,-101.4,1000.0,41.5,105.79865264892578,134.07679748535156,118.60330963134766,99.6634292602539,112.4447250366211,2.1033082,1.0793386,0.5710379,1.1476413,0.0,0.0,0.022638518,0.0
2025-06-29 12:00:00,EP062025,2.0,2025-06-30 06:00:00,0 days 18:00:00,14.64,-101.52,997.2,51.2,66.6606674194336,65.76800537109375,47.17533874511719,20.06103515625,45.02475357055664,10.431255,7.192852,3.6639,6.359534,0.09283077,0.0,0.0,0.043128744
2025-06-29 12:00:00,EP062025,2.0,2025-06-30 12:00:00,1 days 00:00:00,15.36,-102.18,996.3,53.6,28.50512313842773,74.70751953125,60.10673141479492,32.58116912841797,53.22888946533203,16.34899,12.644321,7.6596603,10.980416,0.09245708,0.0,0.0,0.0
2025-06-29 12:00:00,EP062025,2.0,2025-06-30 18:00:00,1 days 06:00:00,15.49,-103.09,989.6,63.0,25.708885192871094,112.2697982788086,98.10546875,81.3697280883789,96.15292358398438,60.09276,52.508102,42.139225,53.852478,27.245611,23.881254,19.11199,23.445496
2025-06-29 12:00:00,EP062025,2.0,2025-07-01 00:00:00,1 days 12:00:00,16.28,-104.14,989.9,63.9,40.3636589050293,155.1483917236328,137.86781311035156,113.96215057373048,130.6063232421875,45.9338,36.353645,25.551607,37.919907,18.16762,14.444452,10.036333,14.764818
2025-06-29 12:00:00,EP062025,2.0,2025-07-01 06:00:00,1 days 18:00:00,17.05,-104.99,992.2,58.0,35.8896369934082,136.66592407226562,128.3542938232422,103.2743682861328,108.4264907836914,22.365982,19.19095,12.816517,16.588625,0.78795356,0.18929482,0.0,0.5234184
2025-06-29 12:00:00,EP062025,2.0,2025-07-01 12:00:00,2 days 00:00:00,17.4,-105.85,986.1,69.6,51.36935806274414,145.90908813476562,121.2400360107422,86.98001861572266,122.73786926269533,74.55053,61.314102,46.507698,63.73033,35.622803,30.344349,23.69213,30.174093
2025-06-29 12:00:00,EP062025,2.0,2025-07-01 18:00:00,2 days 06:00:00,17.81,-106.31,987.0,66.2,24.643770217895508,121.7733917236328,109.5829620361328,85.61068725585938,97.24034881591795,48.310547,40.64954,29.79286,38.86872,7.189817,5.260344,3.6760206,5.8698955
2025-06-29 12:00:00,EP062025,2.0,2025-07-02 00:00:00,2 days 12:00:00,18.75,-106.64,990.5,57.8,56.39374923706055,163.90003967285156,144.97311401367188,118.38274383544922,143.98374938964844,59.241413,48.55982,35.790287,49.080067,18.552362,14.745278,10.916796,15.228734
2025-06-29 12:00:00,EP062025,2.0,2025-07-02 06:00:00,2 days 18:00:00,19.3,-107.91,995.0,54.9,38.50708770751953,147.81405639648438,127.10487365722656,92.2007827758789,116.8441390991211,56.423912,47.24521,32.33496,43.255432,4.0847597,1.6976761,0.2304779,2.5410306
2025-06-29 12:00:00,EP062025,2.0,2025-07-02 12:00:00,3 days 00:00:00,19.9,-108.63,989.0,62.9,40.40761947631836,93.750732421875,79.39620208740234,57.02496719360352,79.65737915039062,47.98652,39.475704,29.928688,41.070053,21.38619,17.986578,13.633001,17.868874
2025-06-29 12:00:00,EP062025,2.0,2025-07-02 18:00:00,3 days 06:00:00,20.36,-109.64,1001.2,41.7,45.99189758300781,77.46318054199219,65.5373306274414,45.131324768066406,63.36223220825195,1.5831387,0.3068681,0.059078876,0.68720806,0.28890723,0.093190275,0.09833288,0.22437033
2025-06-29 12:00:00,EP062025,2.0,2025-07-03 00:00:00,3 days 12:00:00,20.72,-110.05,1002.1,37.2,64.28324890136719,73.87677764892578,64.08307647705078,54.64578628540039,61.697364807128906,0.0,0.0,0.0,0.0,0.10019255,0.027951919,0.031539842,0.08869195
2025-06-29 12:00:00,EP062025,2.0,2025-07-03 06:00:00,3 days 18:00:00,20.99,-110.4,1004.0,34.6,59.50307083129883,37.62376022338867,24.784574508666992,16.97735023498535,28.434249877929688,0.1623233,0.0,0.0,0.0,0.0,0.055699132,0.1099262,0.06216674
2025-06-29 12:00:00,EP062025,2.0,2025-07-03 12:00:00,4 days 00:00:00,21.36,-111.11,1003.1,32.2,70.33402252197266,6.992222309112549,3.7460899353027344,1.2739274501800537,4.465635776519775,0.0,0.0,0.0,0.0,0.0,0.037028752,0.045575634,0.0
2025-06-29 12:00:00,EP062025,2.0,2025-07-03 18:00:00,4 days 06:00:00,21.96,-111.64,1003.5,35.9,33.88552474975586,28.745485305786133,15.221439361572266,6.550485610961914,24.60597038269043,1.9800572,0.31857413,0.21597351,0.7767679,0.40174252,0.21151784,0.32470378,0.2980936
2025-06-29 12:00:00,EP062025,2.0,2025-07-04 00:00:00,4 days 12:00:00,22.89,-112.13,1005.3,28.4,45.35520935058594,27.937759399414062,24.921422958374023,24.06601333618164,23.067211151123047,0.112118855,0.19791993,0.26443678,0.0,0.03569014,0.0,0.0,0.0
2025-06-29 12:00:00,EP062025,2.0,2025-07-04 06:00:00,4 days 18:00:00,23.68,-112.68,1008.7,25.1,73.19048309326172,4.486339569091797,3.719852924346924,3.880596160888672,0.9688150882720948,0.41800162,0.49401417,0.09245904,0.53618926,0.07358102,0.10375078,0.0,0.107718855
2025-06-29 12:00:00,EP062025,2.0,2025-07-04 12:00:00,5 days 00:00:00,24.31,-113.5,1007.7,26.0,67.19774627685547,5.079682350158691,1.833812952041626,1.9938321113586424,3.459071636199951,0.06249272,0.0,0.029631004,0.05968254,0.0,0.0,0.0,0.03423058
2025-06-29 12:00:00,EP062025,2.0,2025-07-04 18:00:00,5 days 06:00:00,24.92,-114.08,1009.7,22.2,118.12738037109376,0.5319549441337585,0.110492818057537,0.0797960609197616,0.5003030300140381,0.30455673,0.04336691,0.27999902,0.26165625,0.29233748,0.37353247,0.19015251,0.40382755
2025-06-29 12:00:00,EP062025,2.0,2025-07-05 00:00:00,5 days 12:00:00,25.41,-114.34,1010.6,20.0,63.04741668701172,0.0,0.0,0.0,0.0,0.17522039,0.0,0.027560282,0.0,0.11699953,0.0,0.0,0.17461985
2025-06-29 12:00:00,EP062025,2.0,2025-07-05 06:00:00,5 days 18:00:00,25.82,-114.87,1013.7,16.0,81.12190246582031,18.284740447998047,20.641498565673828,21.62220573425293,18.977516174316406,0.62841356,0.0,0.13516495,0.38819903,0.100789964,0.14353566,0.0,0.37664226
2025-06-29 12:00:00,EP062025,2.0,2025-07-05 12:00:00,6 days 00:00:00,26.06,-115.17,1010.5,17.3,101.71223449707033,0.0,0.0,0.2812304496765136,0.0,0.0,0.0,0.0,0.0,0.0,0.0,0.0,0.10684825
2025-06-29 12:00:00,AL022025,3.0,2025-06-29 12:00:00,0 days 00:00:00,20.1,-96.0,1008.0,35.0,56.0,56.0,0.0,0.0,0.0,,,,,,,,
2025-06-29 12:00:00,EP062025,3.0,2025-06-29 12:00:00,0 days 00:00:00,13.2,-99.7,1005.0,35.0,167.0,167.0,37.0,0.0,0.0,,,,,,,,
2025-06-29 12:00:00,EP062025,3.0,2025-06-29 18:00:00,0 days 06:00:00,13.6,-100.03,1004.1,37.6,48.82804489135742,61.432315826416016,55.236724853515625,43.86371994018555,48.27898406982422,0.0,0.16274369,0.04960171,0.0,0.06942199,0.1979793,0.16587843,0.017204858
2025-06-29 12:00:00,EP062025,3.0,2025-06-30 00:00:00,0 days 12:00:00,13.82,-101.03,1003.8,34.1,92.4733657836914,27.49591064453125,21.540966033935547,17.19804573059082,21.766454696655277,0.14019185,0.01978032,0.0,0.061163574,0.0,0.0,0.0,0.06489273
2025-06-29 12:00:00,EP062025,3.0,2025-06-30 06:00:00,0 days 18:00:00,14.48,-101.33,999.9,46.3,60.24099349975586,58.03342056274414,41.87870788574219,21.11649703979492,43.09260177612305,8.244271,5.9073114,3.385778,5.2556953,0.0,0.0,0.0,0.0
2025-06-29 12:00:00,EP062025,3.0,2025-06-30 12:00:00,1 days 00:00:00,15.01,-102.24,993.7,55.2,23.790132522583008,63.72819900512695,51.79258346557617,32.619232177734375,46.67903900146485,15.617114,11.554507,6.845693,10.908226,0.17035852,0.0,0.0,0.0
2025-06-29 12:00:00,EP062025,3.0,2025-06-30 18:00:00,1 days 06:00:00,15.65,-103.48,991.8,61.7,28.337778091430664,142.36550903320312,121.3690185546875,84.09941864013672,108.7734832763672,48.268913,39.169773,26.797876,35.763035,0.96916634,0.0,0.0,0.3303521
2025-06-29 12:00:00,EP062025,3.0,2025-07-01 00:00:00,1 days 12:00:00,16.83,-104.18,995.0,54.8,46.93178176879883,142.33396911621094,123.22532653808594,90.92440032958984,114.20886993408205,42.118286,33.32373,21.023447,31.474068,4.9727855,2.5537653,0.71429825,3.190145
2025-06-29 12:00:00,EP062025,3.0,2025-07-01 06:00:00,1 days 18:00:00,17.18,-105.2,992.1,61.5,30.09832191467285,115.8096923828125,103.39861297607422,71.5359878540039,96.67562866210938,42.046825,32.921238,21.886599,33.78852,12.122093,8.631102,5.960822,9.453781
2025-06-29 12:00:00,EP062025,3.0,2025-07-01 12:00:00,2 days 00:00:00,18.05,-105.68,988.4,61.4,30.835357666015625,109.89598846435548,95.9892120361328,63.18001174926758,85.47418212890625,38.47434,30.226933,19.714773,28.157227,2.8591218,1.0255957,0.0,1.749696
2025-06-29 12:00:00,EP062025,3.0,2025-07-01 18:00:00,2 days 06:00:00,18.45,-106.65,983.5,72.4,23.59407615661621,129.9409637451172,107.7280731201172,83.09423065185547,108.2580108642578,67.41996,56.30151,44.736122,59.74976,33.774704,29.371826,23.03079,29.134588
2025-06-29 12:00:00,EP062025,3.0,2025-07-02 00:00:00,2 days 12:00:00,18.94,-107.19,979.0,80.5,38.644493103027344,237.65631103515625,219.6890563964844,195.93724060058597,207.2418212890625,41.3255,32.57799,23.048098,35.68602,20.759958,16.61295,12.417765,17.412405
2025-06-29 12:00:00,EP062025,3.0,2025-07-02 06:00:00,2 days 18:00:00,19.76,-107.85,972.5,87.0,30.17344093322754,102.80754852294922,92.2938995361328,65.52779388427734,86.01641082763672,56.90314,47.628998,37.707718,49.66728,34.83309,30.624752,24.60208,30.300566
2025-06-29 12:00:00,EP062025,3.0,2025-07-02 12:00:00,3 days 00:00:00,20.26,-108.28,980.7,74.6,19.202381134033203,86.76433563232422,79.38716125488281,54.19842147827149,73.59331512451172,44.475674,37.034863,28.256636,38.46826,21.176481,17.875645,14.070768,18.13329
2025-06-29 12:00:00,EP062025,3.0,2025-07-02 18:00:00,3 days 06:00:00,21.12,-108.3,986.2,64.9,29.227802276611328,91.08850860595705,83.1641616821289,62.01776123046875,77.72570037841797,47.861835,40.57381,31.350527,41.942852,21.393223,18.213737,14.340363,18.120752
2025-06-29 12:00:00,EP062025,3.0,2025-07-03 00:00:00,3 days 12:00:00,21.46,-108.6,981.4,72.1,44.6397590637207,131.1482391357422,120.58667755126952,103.1740951538086,110.67009735107422,42.19638,34.465816,25.40677,35.93271,18.725855,15.2764845,11.750254,15.714925
2025-06-29 12:00:00,EP062025,3.0,2025-07-03 06:00:00,3 days 18:00:00,22.38,-108.82,987.7,66.6,20.404315948486328,82.05612182617188,72.65882110595703,53.94140625,61.351558685302734,34.74033,28.664946,20.556774,27.7383,9.604569,7.536302,5.2055974,7.8721037
2025-06-29 12:00:00,EP062025,3.0,2025-07-03 12:00:00,4 days 00:00:00,23.65,-109.23,994.8,50.5,55.48598861694336,76.62301635742188,68.55496978759766,47.44490432739258,59.54084777832031,27.076305,21.547417,13.923329,19.716751,1.7943552,0.66101134,0.0,0.9281732
2025-06-29 12:00:00,EP062025,3.0,2025-07-03 18:00:00,4 days 06:00:00,24.33,-109.42,995.2,50.0,36.85920715332031,96.04689025878906,81.24144744873047,63.260841369628906,78.34790802001953,46.871304,38.557793,27.074482,39.08934,14.464007,10.881264,7.614211,11.342769
2025-06-29 12:00:00,EP062025,3.0,2025-07-04 00:00:00,4 days 12:00:00,25.22,-109.71,990.4,57.0,24.882551193237305,87.1225357055664,76.92657470703125,52.30238723754883,63.83477783203125,20.642225,15.034667,8.181603,14.298967,2.4137187,0.6689573,0.0,1.255418
2025-06-29 12:00:00,EP062025,3.0,2025-07-04 06:00:00,4 days 18:00:00,26.62,-109.76,996.6,51.4,18.134721755981445,76.0517349243164,68.65644836425781,49.544376373291016,55.17457580566406,17.95621,13.72217,8.13629,12.631936,1.6774905,0.5062391,0.0,0.6741869
2025-06-29 12:00:00,EP062025,3.0,2025-07-04 12:00:00,5 days 00:00:00,27.32,-110.19,995.6,45.6,77.21099853515625,40.04703903198242,37.33290863037109,26.14054107666016,28.294097900390625,14.552366,12.040445,7.626292,11.354905,2.3090386,1.3369364,0.6056642,1.3886517
2025-06-29 12:00:00,EP062025,3.0,2025-07-04 18:00:00,5 days 06:00:00,28.07,-110.18,1006.1,28.3,97.74654388427734,14.601283073425291,10.843585968017578,2.5128068923950195,6.532632827758789,1.6502613,1.4647533,0.8847591,1.759707,0.4728537,0.20661151,0.21857852,0.43180746
2025-06-29 12:00:00,AL022025,4.0,2025-06-29 12:00:00,0 days 00:00:00,20.1,-96.0,1008.0,35.0,56.0,56.0,0.0,0.0,0.0,,,,,,,,
2025-06-29 12:00:00,EP062025,4.0,2025-06-29 12:00:00,0 days 00:00:00,13.2,-99.7,1005.0,35.0,167.0,167.0,37.0,0.0,0.0,,,,,,,,
2025-06-29 12:00:00,EP062025,4.0,2025-06-29 18:00:00,0 days 06:00:00,13.41,-100.29,1003.2,34.7,98.56954193115234,11.246294021606444,6.30415153503418,0.6958892345428467,5.473455429077148,0.037245937,0.0,0.0,0.0,0.087505504,0.057155654,0.042787705,0.021671124
2025-06-29 12:00:00,EP062025,4.0,2025-06-30 00:00:00,0 days 12:00:00,13.84,-100.8,1001.2,39.3,95.45526885986328,44.66265106201172,38.911434173583984,32.94217300415039,35.462886810302734,0.0,0.046443123,0.0,0.0,0.028949562,0.0,0.0,0.010653311
2025-06-29 12:00:00,EP062025,4.0,2025-06-30 06:00:00,0 days 18:00:00,14.34,-101.9,1002.5,40.5,60.84328079223633,35.08936309814453,22.65361213684082,8.220059394836426,21.832094192504883,0.7459687,0.21765414,0.0,0.0786595,0.07254972,0.11117877,0.11837962,0.026199102
2025-06-29 12:00:00,EP062025,4.0,2025-06-30 12:00:00,1 days 00:00:00,15.13,-102.31,997.1,51.2,37.94709396362305,77.38068389892578,63.12271499633789,33.92489242553711,54.5228157043457,15.861993,12.337392,7.5807967,10.395102,0.0,0.0,0.0,0.0
2025-06-29 12:00:00,EP062025,4.0,2025-06-30 18:00:00,1 days 06:00:00,15.97,-103.15,989.0,65.2,28.43386650085449,110.93782043457033,94.35069274902344,65.02580261230469,85.3382339477539,39.438683,31.586678,20.39386,29.796984,3.5757034,1.6474264,0.36215603,2.3109615
2025-06-29 12:00:00,EP062025,4.0,2025-07-01 00:00:00,1 days 12:00:00,16.74,-104.4,984.5,69.0,40.76066589355469,294.5314025878906,276.6046142578125,249.27755737304688,265.62359619140625,52.964573,43.226425,30.122953,44.378624,22.705421,17.557661,13.415903,18.10756
2025-06-29 12:00:00,EP062025,4.0,2025-07-01 06:00:00,1 days 18:00:00,17.67,-105.6,983.0,73.8,22.300752639770508,134.31626892089844,118.00643920898438,93.82778930664062,115.89305877685548,65.81125,55.602776,43.5283,57.747902,32.16867,28.136917,22.46533,27.808884
2025-06-29 12:00:00,EP062025,4.0,2025-07-01 12:00:00,2 days 00:00:00,18.2,-106.46,989.3,65.1,27.21532821655273,100.49504089355467,84.00911712646484,57.16033935546875,78.38741302490234,41.81846,32.79102,21.601229,33.27693,11.13997,8.055107,5.3097653,8.770391
2025-06-29 12:00:00,EP062025,4.0,2025-07-01 18:00:00,2 days 06:00:00,18.72,-107.3,985.7,68.8,45.5118522644043,130.28102111816406,112.41766357421876,83.13548278808594,111.28325653076172,64.80521,54.008636,41.24967,56.013996,27.644674,23.599596,18.441435,23.51303
2025-06-29 12:00:00,EP062025,4.0,2025-07-02 00:00:00,2 days 12:00:00,19.21,-108.06,986.1,67.1,32.91542434692383,167.9520721435547,152.66685485839844,131.72323608398438,144.33438110351562,41.66444,33.971226,25.000376,35.378872,18.670538,15.562216,11.941983,15.503675
2025-06-29 12:00:00,EP062025,4.0,2025-07-02 06:00:00,2 days 18:00:00,19.8,-108.92,987.9,65.9,26.60299301147461,83.69060516357422,68.31322479248047,51.25672149658203,66.87374877929688,39.65961,31.852774,21.981794,33.13367,15.843349,12.24092,9.176292,12.887379
2025-06-29 12:00:00,EP062025,4.0,2025-07-02 12:00:00,3 days 00:00:00,19.87,-109.28,993.8,57.0,40.4852409362793,73.10804748535156,61.439239501953125,45.5606689453125,61.0577278137207,35.2455,29.245176,21.514137,29.847786,13.593443,10.895737,8.13536,11.244018
2025-06-29 12:00:00,EP062025,4.0,2025-07-02 18:00:00,3 days 06:00:00,20.22,-109.68,993.0,54.3,60.53620529174805,70.67224884033203,61.31757736206055,50.63598251342773,58.83282470703125,28.570295,23.695303,17.251457,23.289846,3.6377423,2.573412,1.5033165,3.04209
2025-06-29 12:00:00,EP062025,4.0,2025-07-03 00:00:00,3 days 12:00:00,20.74,-110.18,1001.9,39.3,50.34738159179688,108.25535583496094,97.22071838378906,82.74292755126953,94.92626190185548,1.9782761,0.50706714,0.2443257,0.8337403,0.2584315,0.0,0.10129297,0.1301868
2025-06-29 12:00:00,EP062025,4.0,2025-07-03 06:00:00,3 days 18:00:00,20.67,-110.81,1004.8,33.2,50.75896072387695,18.317771911621094,8.874866485595703,1.92333459854126,12.601761817932127,0.51886266,0.0,0.0,0.26661694,0.0556329,0.0373034,0.064320825,0.097400025
2025-06-29 12:00:00,EP062025,4.0,2025-07-03 12:00:00,4 days 00:00:00,21.21,-111.42,1007.5,26.6,67.96675109863281,5.345292568206787,0.0,0.2959529459476471,3.198890447616577,0.0,0.0,0.14220533,0.0138844745,0.0,0.0,0.019905254,0.044611488
2025-06-29 12:00:00,EP062025,4.0,2025-07-03 18:00:00,4 days 06:00:00,21.55,-112.05,1006.2,29.1,43.40177154541016,7.805285453796387,0.1302622854709625,1.2053035497665403,7.028738498687744,0.37713972,0.0,0.044896323,0.0017546352,0.10072903,0.0312796,0.044944026,0.07445077
2025-06-29 12:00:00,EP062025,4.0,2025-07-04 00:00:00,4 days 12:00:00,22.0,-112.67,1006.6,26.2,45.72649383544922,2.1901659965515137,0.0,0.0,1.5583184957504272,0.3198081,0.045980357,0.36294064,0.0,0.11661483,0.051289093,0.038171735,0.09655976
2025-06-29 12:00:00,EP062025,4.0,2025-07-04 06:00:00,4 days 18:00:00,22.74,-113.23,1008.4,23.3,98.57222747802734,4.265613555908203,0.9151610732078552,1.9494760036468504,0.9470453262329102,0.0020712137,0.170904,0.14565866,0.0,0.03596447,0.09337352,0.022811944,0.11523802
2025-06-29 12:00:00,EP062025,4.0,2025-07-04 12:00:00,5 days 00:00:00,23.28,-113.87,1010.0,21.7,54.12139892578125,0.0,0.0,0.0,0.0,0.0,0.0,0.09864904,0.0,0.0768356,0.029202107,0.0044210325,0.09687288
2025-06-29 12:00:00,EP062025,4.0,2025-07-04 18:00:00,5 days 06:00:00,23.67,-114.88,1007.0,19.8,146.84397888183594,0.0,0.0,0.0,0.0,0.0,0.0,0.0,0.0048893434,0.25477973,0.23054935,0.0,0.29784745
2025-06-29 12:00:00,EP062025,4.0,2025-07-05 00:00:00,5 days 12:00:00,24.44,-115.12,1009.7,22.0,116.32599639892578,0.0,0.0,0.0,0.0,0.0,0.0,0.0,0.0,0.0,0.14341688,0.0,0.16230696
2025-06-29 12:00:00,EP062025,4.0,2025-07-05 06:00:00,5 days 18:00:00,24.84,-115.46,1013.3,14.9,38.71132659912109,0.0,0.0,0.0,0.0,0.08076246,0.0,0.04419901,0.27931497,0.077932835,0.21473841,0.0,0.23339629
2025-06-29 12:00:00,AL022025,5.0,2025-06-29 12:00:00,0 days 00:00:00,20.1,-96.0,1008.0,35.0,56.0,56.0,0.0,0.0,0.0,,,,,,,,
2025-06-29 12:00:00,EP062025,5.0,2025-06-29 12:00:00,0 days 00:00:00,13.2,-99.7,1005.0,35.0,167.0,167.0,37.0,0.0,0.0,,,,,,,,
2025-06-29 12:00:00,EP062025,5.0,2025-06-29 18:00:00,0 days 06:00:00,13.12,-100.05,1003.3,37.2,95.51203918457033,25.085691452026367,17.905855178833008,6.704096794128418,16.91273307800293,0.0,0.0,0.012535844,0.0,0.0,0.06066575,0.13256106,0.0
2025-06-29 12:00:00,EP062025,5.0,2025-06-30 00:00:00,0 days 12:00:00,13.92,-100.69,1000.8,38.4,131.5940704345703,144.30459594726562,137.8080291748047,129.67616271972656,125.5747299194336,0.0,0.0,0.0,0.0,0.0,0.030416505,0.08581166,0.04466391
2025-06-29 12:00:00,EP062025,5.0,2025-06-30 06:00:00,0 days 18:00:00,14.36,-101.66,1002.0,42.2,52.64284896850586,74.93024444580078,59.95814895629883,40.79725646972656,57.39427185058594,1.8450665,0.64755803,0.0,0.7158702,0.09721867,0.15537839,0.13050656,0.07643182
2025-06-29 12:00:00,EP062025,5.0,2025-06-30 12:00:00,1 days 00:00:00,14.74,-102.36,1000.3,41.7,98.01897430419922,59.07582473754883,48.36988067626953,31.287208557128903,45.58019256591797,0.5878697,0.0,0.0,0.0,0.0,0.091222264,0.14895579,0.016870746
2025-06-29 12:00:00,EP062025,5.0,2025-06-30 18:00:00,1 days 06:00:00,16.14,-102.84,1000.3,44.2,66.08277130126953,47.39739608764648,38.62893295288086,20.62381172180176,31.001022338867188,0.25350222,0.029682323,0.0,0.0,0.3140547,0.22712322,0.18354411,0.192026
2025-06-29 12:00:00,EP062025,5.0,2025-07-01 00:00:00,1 days 12:00:00,16.82,-103.95,991.8,57.0,58.48993682861328,126.6681900024414,109.04428100585938,76.89749908447266,101.71247100830078,43.525753,35.23919,22.989851,32.41459,3.9352512,1.6066949,0.084274,2.281735
2025-06-29 12:00:00,EP062025,5.0,2025-07-01 06:00:00,1 days 18:00:00,17.07,-105.1,994.0,57.2,28.64322280883789,111.18256378173828,91.92330169677734,68.47467803955078,89.79280090332031,44.94894,35.804035,23.476416,35.238045,5.909302,2.9837978,1.354559,4.169703
2025-06-29 12:00:00,EP062025,5.0,2025-07-01 12:00:00,2 days 00:00:00,18.02,-105.74,987.2,67.0,16.308927536010742,100.74626922607422,79.78256225585938,52.83207321166992,76.57689666748047,42.711533,32.67682,19.519207,33.478428,14.140281,9.624597,6.594569,10.587021
2025-06-29 12:00:00,EP062025,5.0,2025-07-01 18:00:00,2 days 06:00:00,18.64,-106.78,985.9,66.7,27.7924919128418,129.32879638671875,109.93151092529295,81.39087677001953,104.44387817382812,53.331734,43.35831,31.166075,43.37385,13.159013,10.420216,7.4604225,10.973159
2025-06-29 12:00:00,EP062025,5.0,2025-07-02 00:00:00,2 days 12:00:00,19.05,-107.6,985.8,69.2,27.19617080688477,114.41751098632812,94.78099822998048,68.81779479980469,91.6677474975586,46.787262,37.079914,26.36403,39.338715,19.355312,15.815459,11.516553,16.172915
2025-06-29 12:00:00,EP062025,5.0,2025-07-02 06:00:00,2 days 18:00:00,19.81,-108.35,983.7,70.9,33.16056442260742,89.45784759521484,73.50944519042969,55.87284851074219,75.1491928100586,49.126736,39.984386,30.215897,42.683094,25.370724,21.358227,16.473026,21.604511
2025-06-29 12:00:00,EP062025,5.0,2025-07-02 12:00:00,3 days 00:00:00,20.39,-109.29,992.9,55.4,31.92184829711914,115.28922271728516,101.33921813964844,74.9355697631836,96.58399200439452,50.1698,41.559856,28.574522,39.690674,7.2018976,4.1733484,2.3197184,5.0073147
2025-06-29 12:00:00,EP062025,5.0,2025-07-02 18:00:00,3 days 06:00:00,20.64,-109.99,1001.3,42.6,63.25199890136719,82.66410064697266,69.28543090820312,46.8084831237793,67.9393081665039,2.1391547,0.9032403,0.2292388,1.2199798,0.16024858,0.029213505,0.01993946,0.10239196
2025-06-29 12:00:00,EP062025,5.0,2025-07-03 00:00:00,3 days 12:00:00,20.94,-110.22,995.4,54.0,25.429039001464844,142.38768005371094,131.2236328125,119.7205047607422,127.46770477294922,29.930185,22.815462,15.256841,23.35531,5.0045376,2.4836402,0.93789494,3.2476447
2025-06-29 12:00:00,EP062025,5.0,2025-07-03 06:00:00,3 days 18:00:00,21.26,-111.05,1000.0,43.9,34.951141357421875,37.38512420654297,25.38609504699707,14.589820861816406,29.577741622924805,7.453647,4.5012474,2.5593867,4.5830774,0.21131442,0.0,0.0,0.19400646
2025-06-29 12:00:00,EP062025,5.0,2025-07-03 12:00:00,4 days 00:00:00,21.78,-111.78,1001.1,41.8,31.6707706451416,38.70333099365234,26.100866317749023,16.173507690429688,31.80916786193848,7.325511,4.913321,3.037324,4.6424026,0.038885757,0.0,0.0,0.10631743
2025-06-29 12:00:00,EP062025,5.0,2025-07-03 18:00:00,4 days 06:00:00,22.45,-112.74,1002.8,35.9,35.94438552856445,40.098236083984375,34.77901077270508,28.200130462646484,34.314754486083984,0.5780104,0.0,0.3454231,0.564791,0.24846043,0.05363031,0.0,0.26631516
2025-06-29 12:00:00,EP062025,5.0,2025-07-04 00:00:00,4 days 12:00:00,23.31,-112.91,1006.0,26.4,49.434532165527344,3.15684175491333,1.1402289867401123,1.5050820112228394,3.0170881748199463,0.36022553,0.18738398,0.24820445,0.25052795,0.15893357,0.0,0.0,0.21804115
2025-06-29 12:00:00,EP062025,5.0,2025-07-04 06:00:00,4 days 18:00:00,24.2,-113.99,1008.4,22.1,57.83156967163086,0.0,0.0,0.0,0.0,0.2026436,0.31179932,0.3307203,0.058875788,0.053180456,0.0,0.0,0.20181258
2025-06-29 12:00:00,EP062025,5.0,2025-07-04 12:00:00,5 days 00:00:00,24.54,-114.09,1011.0,20.0,66.87232208251953,0.0,0.0,0.0,0.0,0.0,0.0,0.24323088,0.0,0.0,0.0,0.0,0.07758928
2025-06-29 12:00:00,EP062025,5.0,2025-07-04 18:00:00,5 days 06:00:00,24.6,-114.54,1010.2,20.9,76.5009994506836,2.470672607421875,0.8102923035621643,2.121164560317993,0.3749181628227234,0.0,0.0,0.37278694,0.51366925,0.0,0.25761357,0.09456202,0.1084294
2025-06-29 12:00:00,EP062025,5.0,2025-07-05 00:00:00,5 days 12:00:00,25.18,-114.81,1011.7,19.2,95.89568328857422,0.0,0.0,0.0,0.0,0.0,0.0,0.15144788,0.016719323,0.0,0.113028705,0.0,0.118912086
2025-06-29 12:00:00,EP062025,5.0,2025-07-05 06:00:00,5 days 18:00:00,25.07,-115.24,1011.7,20.6,118.66556549072266,0.9495461583137512,3.0149154663085938,2.3315210342407227,0.696101725101471,0.12752765,0.0693329,0.096808694,0.46810186,0.056132995,0.1644226,0.0,0.21300241
2025-06-29 12:00:00,AL022025,6.0,2025-06-29 12:00:00,0 days 00:00:00,20.1,-96.0,1008.0,35.0,56.0,56.0,0.0,0.0,0.0,,,,,,,,
2025-06-29 12:00:00,AL022025,6.0,2025-06-29 18:00:00,0 days 06:00:00,21.05,-96.25,1007.0,30.3,71.71414184570312,5.712579250335693,0.7734838128089905,0.0,2.935429811477661,0.015713165,0.061656877,0.048779268,0.40858236,0.06932882,0.20417695,0.16883178,0.11564447
2025-06-29 12:00:00,AL022025,6.0,2025-06-30 00:00:00,0 days 12:00:00,19.53,-100.23,1002.5,33.0,103.4131317138672,5.222052097320557,0.8781946301460266,0.0,0.4043003022670746,0.0,0.1584399,0.0,0.0,0.0,0.02335903,0.03183386,0.0
2025-06-29 12:00:00,AL022025,6.0,2025-06-30 06:00:00,0 days 18:00:00,14.76,-101.57,999.2,47.5,72.19895935058594,49.86529159545898,32.69816207885742,9.587255477905272,32.302852630615234,3.0572069,1.3365402,0.0,1.0489999,0.12815847,0.027348422,0.033394743,0.08444355
2025-06-29 12:00:00,AL022025,6.0,2025-06-30 12:00:00,1 days 00:00:00,15.06,-102.08,995.3,54.0,42.1739616394043,80.59546661376953,69.49186706542969,44.481590270996094,63.9432373046875,32.849476,25.068398,15.91121,24.557438,5.471736,2.7370887,1.1210437,3.5767226
2025-06-29 12:00:00,AL022025,6.0,2025-06-30 18:00:00,1 days 06:00:00,16.07,-102.84,990.3,62.1,57.550777435302734,123.00155639648438,103.62492370605467,75.013916015625,103.9834213256836,57.51156,46.676098,32.61226,47.52159,17.721409,13.3290415,9.605096,14.073671
2025-06-29 12:00:00,AL022025,6.0,2025-07-01 00:00:00,1 days 12:00:00,16.58,-103.88,971.8,86.8,41.99800109863281,171.31590270996094,153.05535888671875,127.40697479248048,152.20713806152344,74.26896,62.734905,50.80045,65.68582,41.603302,36.660015,29.723572,36.251614
2025-06-29 12:00:00,AL022025,6.0,2025-07-01 06:00:00,1 days 18:00:00,17.05,-105.13,968.7,91.0,35.53137969970703,122.77505493164062,102.59562683105467,79.98298645019531,104.72671508789062,61.331245,50.87294,39.97445,53.6296,32.460438,28.086315,22.954096,28.422798
2025-06-29 12:00:00,AL022025,6.0,2025-07-01 12:00:00,2 days 00:00:00,17.76,-105.94,969.7,91.6,30.60843276977539,122.49794006347656,107.11829376220705,76.39192962646484,100.26583099365234,58.416348,48.30775,35.119083,48.803417,26.070536,21.540487,17.058298,22.096416
2025-06-29 12:00:00,AL022025,6.0,2025-07-01 18:00:00,2 days 06:00:00,18.59,-106.72,979.0,77.7,21.54473114013672,142.6214599609375,126.78530883789062,100.88590240478516,117.8394546508789,69.42571,60.462933,47.31211,59.806843,27.846079,24.252995,19.56889,24.047606
2025-06-29 12:00:00,AL022025,6.0,2025-07-02 00:00:00,2 days 12:00:00,18.9,-107.43,976.1,80.5,25.69362068176269,159.21206665039062,144.1092529296875,114.62603759765624,136.1893768310547,41.33146,31.123442,21.584557,33.47256,16.12431,12.558649,9.506264,13.61626
2025-06-29 12:00:00,AL022025,6.0,2025-07-02 06:00:00,2 days 18:00:00,19.67,-107.91,970.6,90.1,16.922927856445312,123.35359191894533,108.25074768066406,85.84228515625,99.84733581542967,61.44321,52.751263,40.680584,54.13246,30.875486,26.51313,21.666615,26.804829
2025-06-29 12:00:00,AL022025,6.0,2025-07-02 12:00:00,3 days 00:00:00,20.37,-108.82,974.9,80.1,34.68297576904297,86.57527160644531,78.31857299804688,58.2608757019043,68.42044067382812,36.470028,29.597317,20.226913,29.042894,12.801015,9.772001,7.399066,10.610006
2025-06-29 12:00:00,AL022025,6.0,2025-07-02 18:00:00,3 days 06:00:00,20.91,-109.2,985.2,71.0,40.99629592895508,104.40097045898438,92.62339782714844,73.85295867919922,92.29885864257812,57.1815,48.09858,37.430634,50.726116,26.956356,22.904161,18.026865,23.060163
2025-06-29 12:00:00,AL022025,6.0,2025-07-03 00:00:00,3 days 12:00:00,21.48,-109.94,989.0,60.9,51.49448394775391,163.1652374267578,156.30528259277344,138.3246612548828,142.9476318359375,32.5896,26.284702,19.023167,26.524782,10.31463,7.984936,5.698577,8.314752
2025-06-29 12:00:00,AL022025,6.0,2025-07-03 06:00:00,3 days 18:00:00,22.17,-110.21,995.9,49.5,26.71126365661621,78.13200378417969,66.95516204833984,50.0513916015625,59.16682052612305,24.111467,19.491724,13.684631,17.62234,0.0,0.0,0.0,0.0
2025-06-29 12:00:00,AL022025,6.0,2025-07-03 12:00:00,4 days 00:00:00,22.98,-110.71,991.8,57.2,28.001718521118164,61.976661682128906,51.84069061279297,41.91749572753906,52.31623840332031,31.043623,23.980633,16.507116,24.584358,8.377975,5.7477984,3.638585,6.4272714
2025-06-29 12:00:00,AL022025,6.0,2025-07-03 18:00:00,4 days 06:00:00,23.69,-111.22,1003.2,33.6,92.15553283691406,51.01338958740234,43.77159881591797,30.358797073364254,40.085330963134766,1.6813912,1.0407188,0.4007872,1.2657502,0.27814546,0.16872382,0.0,0.25426024
2025-06-29 12:00:00,AL022025,6.0,2025-07-04 00:00:00,4 days 12:00:00,24.62,-111.62,1002.3,37.0,59.10245513916016,111.05003356933594,108.23214721679688,94.7651596069336,95.07093048095705,1.532656,0.8034198,0.22715227,0.69947445,0.25542584,0.15716451,0.0,0.17102003
2025-06-29 12:00:00,AL022025,6.0,2025-07-04 06:00:00,4 days 18:00:00,25.04,-111.65,1004.9,23.6,133.20257568359375,0.0,0.5246261954307556,0.9998763203620912,0.0,0.16608475,0.0,0.19969825,0.3085324,0.14398776,0.22815454,0.011225412,0.1553642
2025-06-29 12:00:00,AL022025,6.0,2025-07-04 12:00:00,5 days 00:00:00,26.08,-112.52,1009.8,22.7,42.90877914428711,1.2313898801803589,3.757662534713745,3.943061590194702,4.215760707855225,1.7001654,0.8609706,1.0579736,0.8277409,0.02758016,0.0,0.0,0.0
2025-06-29 12:00:00,EP062025,6.0,2025-06-29 12:00:00,0 days 00:00:00,13.2,-99.7,1005.0,35.0,167.0,167.0,37.0,0.0,0.0,,,,,,,,
2025-06-29 12:00:00,EP062025,6.0,2025-06-29 18:00:00,0 days 06:00:00,13.63,-100.11,1003.2,39.9,56.55375671386719,47.97983169555664,39.22713851928711,24.665943145751957,35.0962028503418,0.12677644,0.27422902,0.0,0.061861947,0.009678664,0.0994356,0.14240286,0.006762683
2025-06-29 12:00:00,EP062025,6.0,2025-06-30 00:00:00,0 days 12:00:00,13.98,-100.83,1002.0,37.8,95.88518524169922,13.147329330444336,6.239851474761963,1.326442003250122,4.488346099853516,0.0,0.12054071,0.0,0.0,0.0,0.0,0.035843212,0.0
2025-06-29 12:00:00,EP062025,6.0,2025-06-30 06:00:00,0 days 18:00:00,14.76,-101.57,999.2,47.5,72.19895935058594,49.86529159545898,32.69816207885742,9.587255477905272,32.302852630615234,3.0572069,1.3365402,0.0,1.0489999,0.12815847,0.027348422,0.033394743,0.08444355
2025-06-29 12:00:00,EP062025,6.0,2025-06-30 12:00:00,1 days 00:00:00,15.3,-102.08,995.3,54.0,42.17412567138672,80.59331512451172,69.49052429199219,44.48056411743164,63.94133758544922,32.84841,25.067724,15.910804,24.556622,5.4716067,2.737105,1.1211234,3.5766559
2025-06-29 12:00:00,EP062025,6.0,2025-06-30 18:00:00,1 days 06:00:00,16.07,-102.84,990.3,62.1,57.550777435302734,123.00155639648438,103.62492370605467,75.013916015625,103.9834213256836,57.51156,46.676098,32.61226,47.52159,17.721409,13.3290415,9.605096,14.073671
2025-06-29 12:00:00,EP062025,6.0,2025-07-01 00:00:00,1 days 12:00:00,16.58,-103.88,971.8,86.8,41.99800109863281,171.31590270996094,153.05535888671875,127.40697479248048,152.20713806152344,74.26896,62.734905,50.80045,65.68582,41.603302,36.660015,29.723572,36.251614
2025-06-29 12:00:00,EP062025,6.0,2025-07-01 06:00:00,1 days 18:00:00,17.05,-105.13,968.7,91.0,35.53137969970703,122.77505493164062,102.59562683105467,79.98298645019531,104.72671508789062,61.331245,50.87294,39.97445,53.6296,32.460438,28.086315,22.954096,28.422798
2025-06-29 12:00:00,EP062025,6.0,2025-07-01 12:00:00,2 days 00:00:00,17.76,-105.94,969.7,91.6,30.60843276977539,122.49794006347656,107.11829376220705,76.39192962646484,100.26583099365234,58.416348,48.30775,35.119083,48.803417,26.070536,21.540487,17.058298,22.096416
2025-06-29 12:00:00,EP062025,6.0,2025-07-01 18:00:00,2 days 06:00:00,18.59,-106.72,979.0,77.7,21.54473114013672,142.6214599609375,126.78530883789062,100.88590240478516,117.8394546508789,69.42571,60.462933,47.31211,59.806843,27.846079,24.252995,19.56889,24.047606
2025-06-29 12:00:00,EP062025,6.0,2025-07-02 00:00:00,2 days 12:00:00,18.9,-107.43,976.1,80.5,25.69362068176269,159.21206665039062,144.1092529296875,114.62603759765624,136.1893768310547,41.33146,31.123442,21.584557,33.47256,16.12431,12.558649,9.506264,13.61626
2025-06-29 12:00:00,EP062025,6.0,2025-07-02 06:00:00,2 days 18:00:00,19.67,-107.91,970.6,90.1,16.922927856445312,123.35359191894533,108.25074768066406,85.84228515625,99.84733581542967,61.44321,52.751263,40.680584,54.13246,30.875486,26.51313,21.666615,26.804829
2025-06-29 12:00:00,EP062025,6.0,2025-07-02 12:00:00,3 days 00:00:00,20.37,-108.82,974.9,80.1,34.68297576904297,86.57527160644531,78.31857299804688,58.2608757019043,68.42044067382812,36.470028,29.597317,20.226913,29.042894,12.801015,9.772001,7.399066,10.610006
2025-06-29 12:00:00,EP062025,6.0,2025-07-02 18:00:00,3 days 06:00:00,20.91,-109.2,985.2,71.0,40.99629592895508,104.40097045898438,92.62339782714844,73.85295867919922,92.29885864257812,57.1815,48.09858,37.430634,50.726116,26.956356,22.904161,18.026865,23.060163
2025-06-29 12:00:00,EP062025,6.0,2025-07-03 00:00:00,3 days 12:00:00,21.48,-109.94,989.0,60.9,51.49448394775391,163.1652374267578,156.30528259277344,138.3246612548828,142.9476318359375,32.5896,26.284702,19.023167,26.524782,10.31463,7.984936,5.698577,8.314752
2025-06-29 12:00:00,EP062025,6.0,2025-07-03 06:00:00,3 days 18:00:00,22.17,-110.21,995.9,49.5,26.71126365661621,78.13200378417969,66.95516204833984,50.0513916015625,59.16682052612305,24.111467,19.491724,13.684631,17.62234,0.0,0.0,0.0,0.0
2025-06-29 12:00:00,EP062025,6.0,2025-07-03 12:00:00,4 days 00:00:00,22.98,-110.71,991.8,57.2,28.001718521118164,61.976661682128906,51.84069061279297,41.91749572753906,52.31623840332031,31.043623,23.980633,16.507116,24.584358,8.377975,5.7477984,3.638585,6.4272714
2025-06-29 12:00:00,EP062025,6.0,2025-07-03 18:00:00,4 days 06:00:00,23.69,-111.22,1003.2,33.6,92.15553283691406,51.01338958740234,43.77159881591797,30.358797073364254,40.085330963134766,1.6813912,1.0407188,0.4007872,1.2657502,0.27814546,0.16872382,0.0,0.25426024
2025-06-29 12:00:00,EP062025,6.0,2025-07-04 00:00:00,4 days 12:00:00,24.62,-111.62,1002.3,37.0,59.10245513916016,111.05003356933594,108.23214721679688,94.7651596069336,95.07093048095705,1.532656,0.8034198,0.22715227,0.69947445,0.25542584,0.15716451,0.0,0.17102003
2025-06-29 12:00:00,EP062025,6.0,2025-07-04 06:00:00,4 days 18:00:00,25.04,-111.65,1004.9,23.6,133.20257568359375,0.0,0.5246261954307556,0.9998763203620912,0.0,0.16608475,0.0,0.19969825,0.3085324,0.14398776,0.22815454,0.011225412,0.1553642
2025-06-29 12:00:00,EP062025,6.0,2025-07-04 12:00:00,5 days 00:00:00,26.08,-112.52,1009.8,22.7,42.90877914428711,1.2313898801803589,3.757662534713745,3.943061590194702,4.215760707855225,1.7001654,0.8609706,1.0579736,0.8277409,0.02758016,0.0,0.0,0.0
2025-06-29 12:00:00,AL022025,7.0,2025-06-29 12:00:00,0 days 00:00:00,20.1,-96.0,1008.0,35.0,56.0,56.0,0.0,0.0,0.0,,,,,,,,
2025-06-29 12:00:00,EP062025,7.0,2025-06-29 12:00:00,0 days 00:00:00,13.2,-99.7,1005.0,35.0,167.0,167.0,37.0,0.0,0.0,,,,,,,,
2025-06-29 12:00:00,EP062025,7.0,2025-06-29 18:00:00,0 days 06:00:00,13.18,-100.33,1002.9,40.2,80.07579803466797,59.09035110473633,49.31518173217773,34.10467529296875,44.55581283569336,0.0,0.0,0.0,0.0,0.005436942,0.02832782,0.086695485,0.0
2025-06-29 12:00:00,EP062025,7.0,2025-06-30 00:00:00,0 days 12:00:00,13.65,-100.96,1002.0,39.8,85.24561309814453,49.97063064575195,38.034889221191406,24.12397575378418,38.07023239135742,0.56410134,0.0,0.0,0.0,0.087614134,0.053652022,0.0,0.040320788
2025-06-29 12:00:00,EP062025,7.0,2025-06-30 06:00:00,0 days 18:00:00,13.94,-102.23,998.9,44.6,80.75426483154297,82.78028869628906,68.45555877685547,51.0781478881836,67.2174301147461,4.3464417,2.793895,1.606225,2.7911344,0.0,0.0,0.0,0.035623215
2025-06-29 12:00:00,EP062025,7.0,2025-06-30 12:00:00,1 days 00:00:00,15.09,-102.66,1002.7,41.6,55.83109664916992,48.468711853027344,35.3994026184082,15.951763153076172,33.1395263671875,2.2492638,1.1247201,0.2508499,1.1029947,0.09488304,0.11843617,0.23222628,0.11345782
2025-06-29 12:00:00,EP062025,7.0,2025-06-30 18:00:00,1 days 06:00:00,16.22,-103.39,1000.0,41.6,91.74274444580078,38.59762573242188,29.00089263916016,12.112619400024414,26.47779655456543,2.172661,1.1933331,0.48824182,1.1740515,0.07535835,0.046135996,0.07825249,0.021842856
2025-06-29 12:00:00,EP062025,7.0,2025-07-01 00:00:00,1 days 12:00:00,17.02,-104.21,998.7,42.6,94.6317138671875,161.86544799804688,155.4485321044922,136.02920532226562,135.1811065673828,0.04318624,0.0,0.0,0.0,0.0,0.0,0.0,0.0685832
2025-06-29 12:00:00,EP062025,7.0,2025-07-01 06:00:00,1 days 18:00:00,17.68,-105.12,995.9,52.8,40.86408233642578,110.69334411621094,92.35694122314452,62.780723571777344,89.53143310546875,44.506584,34.56359,22.387405,34.91004,6.8236537,3.811789,1.8140606,4.945071
2025-06-29 12:00:00,EP062025,7.0,2025-07-01 12:00:00,2 days 00:00:00,18.11,-106.01,993.7,57.2,18.87119483947754,99.66726684570312,83.91194915771484,61.14304733276367,78.72032165527344,35.33589,28.431044,18.917727,27.089533,4.7167253,2.8913438,1.6012292,3.2960334
2025-06-29 12:00:00,EP062025,7.0,2025-07-01 18:00:00,2 days 06:00:00,18.88,-106.76,994.8,54.0,32.44227981567383,114.58232879638672,97.38896942138672,74.99845886230469,90.94794464111328,44.2906,36.88209,25.741486,34.77704,3.8026073,2.3223698,0.8967209,2.7471156
2025-06-29 12:00:00,EP062025,7.0,2025-07-02 00:00:00,2 days 12:00:00,19.15,-107.35,992.1,60.2,37.18307113647461,107.98234558105467,91.45941925048828,71.36919403076172,89.13822937011719,41.706017,33.528557,23.722307,34.870453,16.01585,12.947333,9.451637,13.148845
2025-06-29 12:00:00,EP062025,7.0,2025-07-02 06:00:00,2 days 18:00:00,19.8,-108.21,994.5,55.3,48.778594970703125,114.27904510498048,100.26856994628906,74.46554565429688,95.13741302490234,50.926674,41.7697,27.873306,41.174297,9.84748,6.493279,3.9274743,7.4091887
2025-06-29 12:00:00,EP062025,7.0,2025-07-02 12:00:00,3 days 00:00:00,20.5,-108.87,994.8,54.6,29.63327407836914,72.72189331054688,58.06172180175781,31.94429016113281,50.93045425415039,18.36096,13.478156,7.586322,11.978058,0.19322526,0.0,0.0,0.0
2025-06-29 12:00:00,EP062025,7.0,2025-07-02 18:00:00,3 days 06:00:00,20.82,-109.48,999.8,44.0,52.07471466064453,87.57875061035156,77.80493927001953,59.34436798095703,68.21549987792969,29.714684,26.355568,20.530262,22.997967,0.0,0.0,0.0,0.0
2025-06-29 12:00:00,EP062025,7.0,2025-07-03 00:00:00,3 days 12:00:00,21.07,-109.98,999.9,46.9,36.53544235229492,123.90459442138672,102.73121643066406,73.2673110961914,99.65760040283205,29.730442,23.528624,16.512476,22.0948,0.0,0.0,0.0,0.0
2025-06-29 12:00:00,EP062025,7.0,2025-07-03 06:00:00,3 days 18:00:00,21.36,-110.52,1003.1,35.7,51.66378784179688,9.067441940307615,4.39927339553833,2.404831647872925,4.439619541168213,0.03786241,0.1515608,0.0580862,0.0,0.10021599,0.077682994,0.046706863,0.06375883
2025-06-29 12:00:00,EP062025,7.0,2025-07-03 12:00:00,4 days 00:00:00,21.81,-110.9,1005.1,32.8,72.64183807373047,20.768320083618164,12.889102935791016,5.0506744384765625,14.195956230163574,0.5209355,0.0638918,0.0149268145,0.057679564,0.0,0.0,0.018868629,0.0
2025-06-29 12:00:00,EP062025,7.0,2025-07-03 18:00:00,4 days 06:00:00,22.44,-111.19,1005.5,30.3,91.3946533203125,26.564502716064453,18.809431076049805,11.565964698791504,21.303617477416992,0.8573722,0.6549193,0.53863645,0.7764894,0.1277549,0.12155639,0.0701095,0.091117084
2025-06-29 12:00:00,EP062025,7.0,2025-07-04 00:00:00,4 days 12:00:00,22.98,-111.55,1005.1,30.1,58.89223861694336,20.79303359985352,17.645328521728516,17.57170867919922,18.031917572021484,0.07559152,0.080339715,0.15407345,0.51561373,0.0,0.030866537,0.0,0.03020418
2025-06-29 12:00:00,EP062025,7.0,2025-07-04 06:00:00,4 days 18:00:00,23.68,-112.2,1006.8,24.9,94.3468017578125,0.1047664880752563,0.0,1.0583622455596924,0.0,0.20713353,0.34036803,0.21822956,0.0,0.0387493,0.16985041,0.0,0.06694767
2025-06-29 12:00:00,EP062025,7.0,2025-07-04 12:00:00,5 days 00:00:00,24.43,-112.85,1007.3,24.7,25.600566864013672,0.921449899673462,0.0,1.8880521059036253,3.988560914993286,0.273895,0.0,0.3892611,0.0,0.0768168,0.0,0.0,0.0
2025-06-29 12:00:00,EP062025,7.0,2025-07-04 18:00:00,5 days 06:00:00,24.85,-113.84,1010.8,19.9,61.19858551025391,0.0,0.0,0.5380444526672363,1.273640513420105,0.22331673,0.0,0.29135215,0.14912698,0.31569776,0.2577279,0.10851924,0.32610148
2025-06-29 12:00:00,EP062025,7.0,2025-07-05 00:00:00,5 days 12:00:00,25.07,-114.44,1010.5,19.5,66.30616760253906,0.0,0.0,0.0,0.0,0.0,0.0,0.11746951,0.0,0.0,0.21370189,0.07266368,0.10244288
2025-06-29 12:00:00,EP062025,7.0,2025-07-05 06:00:00,5 days 18:00:00,25.02,-114.84,1010.2,21.0,105.56631469726562,0.0,0.0,0.0,0.0,0.0,0.0,0.14092253,0.0,0.0,0.21098177,0.028180026,0.023170525
2025-06-29 12:00:00,EP062025,7.0,2025-07-05 12:00:00,6 days 00:00:00,24.96,-115.24,1010.9,18.5,59.2492561340332,0.0,0.0,0.0,0.0,0.0,0.0,0.0,0.0,0.0,0.0,0.038466074,0.035523433
2025-06-29 12:00:00,AL022025,8.0,2025-06-29 12:00:00,0 days 00:00:00,20.1,-96.0,1008.0,35.0,56.0,56.0,0.0,0.0,0.0,,,,,,,,
2025-06-29 12:00:00,AL022025,8.0,2025-06-29 18:00:00,0 days 06:00:00,16.03,-99.46,1005.1,30.7,90.6543197631836,9.575272560119627,3.558565616607666,0.0,5.293908596038818,0.3423422,0.0,0.0,0.20181584,0.0008363393,0.042448107,0.0,0.0
2025-06-29 12:00:00,AL022025,8.0,2025-06-30 00:00:00,0 days 12:00:00,13.68,-101.32,1001.2,44.9,45.9481086730957,111.50515747070312,96.61516571044922,73.04266357421875,93.57244110107422,6.667458,4.4025207,2.8139062,4.5544267,0.008774243,0.009991139,0.15367672,0.042047743
2025-06-29 12:00:00,AL022025,8.0,2025-06-30 06:00:00,0 days 18:00:00,14.24,-101.58,1001.6,44.2,58.50275421142578,43.775611877441406,28.292648315429688,8.105127334594727,29.21233367919922,2.019483,0.87180114,0.0,0.52545255,0.032332897,0.0,0.07946724,0.015040837
2025-06-29 12:00:00,AL022025,8.0,2025-06-30 12:00:00,1 days 00:00:00,14.83,-102.25,996.3,52.8,40.78772735595703,75.32960510253906,57.53355026245117,29.95344352722168,53.368690490722656,16.279997,12.613059,7.6461635,10.82443,0.0,0.0,0.0,0.0
2025-06-29 12:00:00,AL022025,8.0,2025-06-30 18:00:00,1 days 06:00:00,16.06,-103.41,999.3,45.6,81.3366928100586,108.95238494873048,94.64407348632812,65.0325698852539,83.16753387451172,31.310589,27.899044,21.34411,23.674366,0.0,0.0,0.0,0.0
2025-06-29 12:00:00,AL022025,8.0,2025-07-01 00:00:00,1 days 12:00:00,16.39,-104.17,994.9,53.8,60.92807388305664,118.50547790527344,94.75743865966795,57.142826080322266,89.98592376708984,30.59298,22.908133,13.63448,21.09183,0.21385242,0.0,0.0,0.0
2025-06-29 12:00:00,AL022025,8.0,2025-07-01 06:00:00,1 days 18:00:00,17.34,-105.79,988.4,67.2,29.543115615844727,131.9464569091797,112.16654205322266,71.52850341796875,104.70633697509766,49.82733,39.094532,25.022245,38.05545,7.0139465,3.7568655,1.9097986,4.9437966
2025-06-29 12:00:00,AL022025,8.0,2025-07-01 12:00:00,2 days 00:00:00,17.7,-106.07,979.9,77.8,23.186431884765625,128.36875915527344,106.43401336669922,71.0456771850586,100.03294372558594,58.301083,46.53272,31.41053,47.741287,21.840603,16.879034,12.27549,17.717678
2025-06-29 12:00:00,AL022025,8.0,2025-07-01 18:00:00,2 days 06:00:00,18.04,-107.16,981.6,75.1,44.627716064453125,162.5829620361328,139.11900329589844,101.0203628540039,136.18701171875,75.96753,62.721878,45.283264,63.042812,25.082052,20.038303,15.110918,20.719389
2025-06-29 12:00:00,AL022025,8.0,2025-07-02 00:00:00,2 days 12:00:00,18.51,-107.84,974.1,83.1,54.22495269775391,193.04551696777344,171.29885864257812,139.96897888183594,166.86636352539062,60.661224,48.989193,37.45784,52.52336,31.741558,26.894638,21.266376,27.296934
2025-06-29 12:00:00,AL022025,8.0,2025-07-02 06:00:00,2 days 18:00:00,19.13,-108.79,975.6,82.1,23.38189125061035,125.3768310546875,104.15947723388672,84.38430786132812,104.5122299194336,60.601883,49.49209,37.11606,52.50596,28.416048,23.683693,18.801308,24.31169
2025-06-29 12:00:00,AL022025,8.0,2025-07-02 12:00:00,3 days 00:00:00,19.72,-109.59,987.9,66.3,21.567588806152344,139.717529296875,119.92534637451172,91.5162124633789,117.2933578491211,64.57586,53.195152,37.849403,53.47248,20.917707,16.06903,11.791349,16.866379
2025-06-29 12:00:00,AL022025,8.0,2025-07-02 18:00:00,3 days 06:00:00,20.02,-110.25,990.4,60.1,42.0444450378418,138.44020080566406,119.0239028930664,97.59967041015624,119.52352905273438,69.362915,58.666336,43.30012,58.411686,20.44192,16.02812,11.926399,16.66056
2025-06-29 12:00:00,AL022025,8.0,2025-07-03 00:00:00,3 days 12:00:00,20.57,-110.84,991.5,57.6,37.49359893798828,184.12722778320312,166.53260803222656,146.65234375,162.42208862304688,61.47629,52.260254,38.974655,51.180958,13.678212,10.526919,7.691203,11.142063
2025-06-29 12:00:00,AL022025,8.0,2025-07-03 06:00:00,3 days 18:00:00,20.56,-111.56,994.6,54.7,46.9165153503418,113.9649658203125,97.1733169555664,72.53816223144531,96.85520935058594,49.708237,39.929363,27.030268,39.878445,8.82271,5.514432,3.0591915,6.5554643
2025-06-29 12:00:00,AL022025,8.0,2025-07-03 12:00:00,4 days 00:00:00,20.81,-112.1,997.9,45.2,85.15367889404297,68.19381713867188,52.969974517822266,32.19580078125,56.19438934326172,6.2994585,4.034689,2.5868907,3.9900873,0.1630501,0.0060472297,0.08968302,0.2042318
2025-06-29 12:00:00,AL022025,8.0,2025-07-03 18:00:00,4 days 06:00:00,21.4,-112.91,1003.6,36.9,46.52279281616211,34.22661590576172,22.081565856933597,14.56974983215332,30.33465385437012,0.919433,0.0,0.0,0.28979394,0.14965318,0.0,0.018536288,0.14592181
2025-06-29 12:00:00,AL022025,8.0,2025-07-04 00:00:00,4 days 12:00:00,21.71,-113.53,1003.4,34.6,47.023040771484375,19.935985565185547,7.444722652435303,2.523862361907959,15.251379013061523,0.8108944,0.0,0.0,0.42068025,0.038327724,0.0,0.033384483,0.13240893
2025-06-29 12:00:00,AL022025,8.0,2025-07-04 06:00:00,4 days 18:00:00,22.47,-114.17,1007.0,27.5,62.03340911865234,4.540729522705078,0.0,0.0,2.5178184509277344,0.30592856,0.0,0.060805637,0.0,0.028443718,0.01852223,0.0,0.061663903
2025-06-29 12:00:00,AL022025,8.0,2025-07-04 12:00:00,5 days 00:00:00,23.16,-115.27,1006.4,28.5,70.50577545166016,4.021086692810059,0.0,1.7128826379776,3.5584537982940674,0.0,0.0,0.14954802,0.0,0.0,0.10596823,0.08440008,0.0
2025-06-29 12:00:00,AL022025,8.0,2025-07-04 18:00:00,5 days 06:00:00,23.75,-116.18,1009.0,24.9,53.076419830322266,0.8550227284431458,0.0,0.0,1.4198817014694214,0.0,0.0,0.22737296,0.0,0.0,0.0,0.0,0.0
2025-06-29 12:00:00,AL022025,8.0,2025-07-05 00:00:00,5 days 12:00:00,24.31,-117.28,1007.5,27.3,56.35808944702149,1.7900071144104004,0.0,0.5305246114730835,1.7489988803863523,0.0,0.0,0.36380818,0.0,0.01244837,0.0,0.116386525,0.066813365
2025-06-29 12:00:00,AL022025,8.0,2025-07-05 06:00:00,5 days 18:00:00,24.66,-118.05,1007.6,24.3,58.27233505249024,10.55463981628418,8.0855131149292,13.510672569274902,10.300114631652832,0.10140824,0.0,0.1647858,0.0,0.0,0.041498266,0.0,0.0
2025-06-29 12:00:00,AL022025,8.0,2025-07-05 12:00:00,6 days 00:00:00,24.49,-118.66,1007.8,24.0,40.46953201293945,0.0,0.0,0.0,0.3704389929771423,0.0,0.0,0.19612186,0.0,0.0,0.0,0.0,0.0
2025-06-29 12:00:00,AL022025,8.0,2025-07-05 18:00:00,6 days 06:00:00,24.39,-119.07,1010.1,20.3,134.7364501953125,0.0,0.0,0.4950056076049804,0.0,0.0,0.0,0.0,0.0,0.0,0.07286621,0.02551716,0.0
2025-06-29 12:00:00,AL022025,8.0,2025-07-06 00:00:00,6 days 12:00:00,24.66,-119.23,1012.3,17.5,72.9218978881836,0.0,0.0,0.0,0.0,0.056807917,0.0,0.47026554,0.48629528,0.0,0.013279068,0.0,0.0
2025-06-29 12:00:00,EP062025,8.0,2025-06-29 12:00:00,0 days 00:00:00,13.2,-99.7,1005.0,35.0,167.0,167.0,37.0,0.0,0.0,,,,,,,,
2025-06-29 12:00:00,EP062025,8.0,2025-06-29 18:00:00,0 days 06:00:00,13.67,-100.5,1005.0,30.6,90.53976440429688,9.631134033203123,3.627959728240967,0.0,5.206221580505371,0.35986036,0.0,0.0,0.20779668,0.0,0.031676546,0.0,0.0
2025-06-29 12:00:00,EP062025,8.0,2025-06-30 00:00:00,0 days 12:00:00,13.68,-101.32,1001.2,44.9,45.9481086730957,111.50515747070312,96.61516571044922,73.04266357421875,93.57244110107422,6.667458,4.4025207,2.8139062,4.5544267,0.008774243,0.009991139,0.15367672,0.042047743
2025-06-29 12:00:00,EP062025,8.0,2025-06-30 06:00:00,0 days 18:00:00,14.24,-101.58,1001.6,44.2,58.50275421142578,43.775611877441406,28.292648315429688,8.105127334594727,29.21233367919922,2.019483,0.87180114,0.0,0.52545255,0.032332897,0.0,0.07946724,0.015040837
2025-06-29 12:00:00,EP062025,8.0,2025-06-30 12:00:00,1 days 00:00:00,14.83,-102.25,996.3,52.8,40.78772735595703,75.32960510253906,57.53355026245117,29.95344352722168,53.368690490722656,16.279997,12.613059,7.6461635,10.82443,0.0,0.0,0.0,0.0
2025-06-29 12:00:00,EP062025,8.0,2025-06-30 18:00:00,1 days 06:00:00,16.06,-103.41,999.3,45.6,81.3366928100586,108.95238494873048,94.64407348632812,65.0325698852539,83.16753387451172,31.310589,27.899044,21.34411,23.674366,0.0,0.0,0.0,0.0
2025-06-29 12:00:00,EP062025,8.0,2025-07-01 00:00:00,1 days 12:00:00,16.39,-104.17,994.9,53.8,60.92807388305664,118.50547790527344,94.75743865966795,57.142826080322266,89.98592376708984,30.59298,22.908133,13.63448,21.09183,0.21385242,0.0,0.0,0.0
2025-06-29 12:00:00,EP062025,8.0,2025-07-01 06:00:00,1 days 18:00:00,17.34,-105.79,988.4,67.2,29.543115615844727,131.9464569091797,112.16654205322266,71.52850341796875,104.70633697509766,49.82733,39.094532,25.022245,38.05545,7.0139465,3.7568655,1.9097986,4.9437966
2025-06-29 12:00:00,EP062025,8.0,2025-07-01 12:00:00,2 days 00:00:00,17.7,-106.07,979.9,77.8,23.186431884765625,128.36875915527344,106.43401336669922,71.0456771850586,100.03294372558594,58.301083,46.53272,31.41053,47.741287,21.840603,16.879034,12.27549,17.717678
2025-06-29 12:00:00,EP062025,8.0,2025-07-01 18:00:00,2 days 06:00:00,18.04,-107.16,981.6,75.1,44.627716064453125,162.5829620361328,139.11900329589844,101.0203628540039,136.18701171875,75.96753,62.721878,45.283264,63.042812,25.082052,20.038303,15.110918,20.719389
2025-06-29 12:00:00,EP062025,8.0,2025-07-02 00:00:00,2 days 12:00:00,18.51,-107.84,974.1,83.1,54.22495269775391,193.04551696777344,171.29885864257812,139.96897888183594,166.86636352539062,60.661224,48.989193,37.45784,52.52336,31.741558,26.894638,21.266376,27.296934
2025-06-29 12:00:00,EP062025,8.0,2025-07-02 06:00:00,2 days 18:00:00,19.13,-108.79,975.6,82.1,23.38189125061035,125.3768310546875,104.15947723388672,84.38430786132812,104.5122299194336,60.601883,49.49209,37.11606,52.50596,28.416048,23.683693,18.801308,24.31169
2025-06-29 12:00:00,EP062025,8.0,2025-07-02 12:00:00,3 days 00:00:00,19.72,-109.59,987.9,66.3,21.567588806152344,139.717529296875,119.92534637451172,91.5162124633789,117.2933578491211,64.57586,53.195152,37.849403,53.47248,20.917707,16.06903,11.791349,16.866379
2025-06-29 12:00:00,EP062025,8.0,2025-07-02 18:00:00,3 days 06:00:00,20.02,-110.25,990.4,60.1,42.0444450378418,138.44020080566406,119.0239028930664,97.59967041015624,119.52352905273438,69.362915,58.666336,43.30012,58.411686,20.44192,16.02812,11.926399,16.66056
2025-06-29 12:00:00,EP062025,8.0,2025-07-03 00:00:00,3 days 12:00:00,20.57,-110.84,991.5,57.6,37.49359893798828,184.12722778320312,166.53260803222656,146.65234375,162.42208862304688,61.47629,52.260254,38.974655,51.180958,13.678212,10.526919,7.691203,11.142063
2025-06-29 12:00:00,EP062025,8.0,2025-07-03 06:00:00,3 days 18:00:00,20.56,-111.56,994.6,54.7,46.9165153503418,113.9649658203125,97.1733169555664,72.53816223144531,96.85520935058594,49.708237,39.929363,27.030268,39.878445,8.82271,5.514432,3.0591915,6.5554643
2025-06-29 12:00:00,EP062025,8.0,2025-07-03 12:00:00,4 days 00:00:00,20.81,-112.1,997.9,45.2,85.15367889404297,68.19381713867188,52.969974517822266,32.19580078125,56.19438934326172,6.2994585,4.034689,2.5868907,3.9900873,0.1630501,0.0060472297,0.08968302,0.2042318
2025-06-29 12:00:00,EP062025,8.0,2025-07-03 18:00:00,4 days 06:00:00,21.4,-112.91,1003.6,36.9,46.52279281616211,34.22661590576172,22.081565856933597,14.56974983215332,30.33465385437012,0.919433,0.0,0.0,0.28979394,0.14965318,0.0,0.018536288,0.14592181
2025-06-29 12:00:00,EP062025,8.0,2025-07-04 00:00:00,4 days 12:00:00,21.71,-113.53,1003.4,34.6,47.023040771484375,19.935985565185547,7.444722652435303,2.523862361907959,15.251379013061523,0.8108944,0.0,0.0,0.42068025,0.038327724,0.0,0.033384483,0.13240893
2025-06-29 12:00:00,EP062025,8.0,2025-07-04 06:00:00,4 days 18:00:00,22.47,-114.17,1007.0,27.5,62.03340911865234,4.540729522705078,0.0,0.0,2.5178184509277344,0.30592856,0.0,0.060805637,0.0,0.028443718,0.01852223,0.0,0.061663903
2025-06-29 12:00:00,EP062025,8.0,2025-07-04 12:00:00,5 days 00:00:00,23.16,-115.27,1006.4,28.5,70.50577545166016,4.021086692810059,0.0,1.7128826379776,3.5584537982940674,0.0,0.0,0.14954802,0.0,0.0,0.10596823,0.08440008,0.0
2025-06-29 12:00:00,EP062025,8.0,2025-07-04 18:00:00,5 days 06:00:00,23.75,-116.18,1009.0,24.9,53.076419830322266,0.8550227284431458,0.0,0.0,1.4198817014694214,0.0,0.0,0.22737296,0.0,0.0,0.0,0.0,0.0
2025-06-29 12:00:00,EP062025,8.0,2025-07-05 00:00:00,5 days 12:00:00,24.31,-117.28,1007.5,27.3,56.35808944702149,1.7900071144104004,0.0,0.5305246114730835,1.7489988803863523,0.0,0.0,0.36380818,0.0,0.01244837,0.0,0.116386525,0.066813365
2025-06-29 12:00:00,EP062025,8.0,2025-07-05 06:00:00,5 days 18:00:00,24.66,-118.05,1007.6,24.3,58.27233505249024,10.55463981628418,8.0855131149292,13.510672569274902,10.300114631652832,0.10140824,0.0,0.1647858,0.0,0.0,0.041498266,0.0,0.0
2025-06-29 12:00:00,EP062025,8.0,2025-07-05 12:00:00,6 days 00:00:00,24.49,-118.66,1007.8,24.0,40.46953201293945,0.0,0.0,0.0,0.3704389929771423,0.0,0.0,0.19612186,0.0,0.0,0.0,0.0,0.0
2025-06-29 12:00:00,EP062025,8.0,2025-07-05 18:00:00,6 days 06:00:00,24.39,-119.07,1010.1,20.3,134.7364501953125,0.0,0.0,0.4950056076049804,0.0,0.0,0.0,0.0,0.0,0.0,0.07286621,0.02551716,0.0
2025-06-29 12:00:00,EP062025,8.0,2025-07-06 00:00:00,6 days 12:00:00,24.66,-119.23,1012.3,17.5,72.9218978881836,0.0,0.0,0.0,0.0,0.056807917,0.0,0.47026554,0.48629528,0.0,0.013279068,0.0,0.0
2025-06-29 12:00:00,AL022025,9.0,2025-06-29 12:00:00,0 days 00:00:00,20.1,-96.0,1008.0,35.0,56.0,56.0,0.0,0.0,0.0,,,,,,,,
2025-06-29 12:00:00,EP062025,9.0,2025-06-29 12:00:00,0 days 00:00:00,13.2,-99.7,1005.0,35.0,167.0,167.0,37.0,0.0,0.0,,,,,,,,
2025-06-29 12:00:00,EP062025,9.0,2025-06-29 18:00:00,0 days 06:00:00,13.54,-99.95,1002.4,39.7,62.47111892700195,31.878097534179688,26.535364151000977,18.37311172485352,23.329307556152344,0.0,0.0,0.23654453,0.0,0.0,0.064769335,0.09808511,0.0
2025-06-29 12:00:00,EP062025,9.0,2025-06-30 00:00:00,0 days 12:00:00,13.86,-100.99,1002.8,37.7,92.58268737792967,34.035396575927734,25.308067321777344,17.393814086914062,24.82804107666016,0.103619695,0.0,0.0,0.0,0.0005407726,0.0,0.0,0.023718322
2025-06-29 12:00:00,EP062025,9.0,2025-06-30 06:00:00,0 days 18:00:00,14.53,-101.37,1000.2,44.3,74.75971221923828,64.11650848388672,48.53858947753906,26.344581604003903,46.34493255615234,2.2087965,1.106799,0.0,0.87020224,0.1265048,0.12150535,0.14047788,0.08565441
2025-06-29 12:00:00,EP062025,9.0,2025-06-30 12:00:00,1 days 00:00:00,15.14,-102.04,995.3,53.1,59.85235977172852,84.24909973144531,69.69499206542969,41.11264801025391,63.21618270874024,23.97161,18.518703,11.184503,16.334763,0.03952072,0.0,0.0,0.0
2025-06-29 12:00:00,EP062025,9.0,2025-06-30 18:00:00,1 days 06:00:00,16.17,-102.85,989.7,62.0,30.179962158203125,133.8325653076172,113.56421661376952,82.98831176757812,106.75991821289062,53.223984,43.14342,29.020874,41.534832,7.3147793,4.3125954,2.069644,5.1985493
2025-06-29 12:00:00,EP062025,9.0,2025-07-01 00:00:00,1 days 12:00:00,16.89,-103.8,993.7,54.9,48.089317321777344,143.51544189453125,125.4830322265625,91.95247650146484,115.71490478515624,44.647682,36.030525,23.993279,33.466442,2.8147204,0.9482476,0.0,1.5866059
2025-06-29 12:00:00,EP062025,9.0,2025-07-01 06:00:00,1 days 18:00:00,17.53,-104.72,981.1,75.5,39.16978073120117,123.82412719726562,108.60134887695312,82.01749420166016,105.20562744140624,64.02101,55.293224,45.952187,56.542934,32.710987,29.67107,24.261574,28.92106
2025-06-29 12:00:00,EP062025,9.0,2025-07-01 12:00:00,2 days 00:00:00,18.64,-105.56,986.0,66.7,51.126766204833984,106.13333892822266,91.65245056152344,68.3768310546875,85.42644500732422,45.407135,37.242516,26.724964,37.060047,18.338194,15.0772,11.440913,15.225364
2025-06-29 12:00:00,EP062025,9.0,2025-07-01 18:00:00,2 days 06:00:00,19.05,-106.32,974.8,84.3,14.428115844726562,121.62890625,101.49694061279295,85.79557800292969,103.25609588623048,59.819294,50.768517,40.259895,52.947666,29.771414,25.841497,20.698608,25.928043
2025-06-29 12:00:00,EP062025,9.0,2025-07-02 00:00:00,2 days 12:00:00,19.95,-107.04,969.3,91.1,39.5103759765625,102.89444732666016,90.22704315185548,70.59696960449219,86.80648803710938,46.569035,38.114937,31.376205,40.553226,28.06252,25.261827,20.35426,24.87851
2025-06-29 12:00:00,EP062025,9.0,2025-07-02 06:00:00,2 days 18:00:00,21.01,-107.73,967.0,95.3,33.037696838378906,95.48538970947266,82.84870910644531,59.60197067260742,79.67365264892578,48.863895,40.376633,31.707657,42.845943,28.97336,24.955927,20.554358,25.412054
2025-06-29 12:00:00,EP062025,9.0,2025-07-02 12:00:00,3 days 00:00:00,21.81,-108.49,987.0,67.1,19.62591552734375,88.89585876464844,77.92207336425781,57.88762283325195,70.18873596191406,44.19074,36.95035,27.541399,37.23702,18.246939,15.421092,11.866089,15.475835
2025-06-29 12:00:00,EP062025,9.0,2025-07-02 18:00:00,3 days 06:00:00,22.65,-108.82,996.1,50.1,27.669029235839844,77.96910095214844,68.55924987792969,52.40382766723633,58.692684173583984,26.085632,21.835651,15.590685,19.406404,0.20700978,0.0,0.0,0.0
2025-06-29 12:00:00,EP062025,9.0,2025-07-03 00:00:00,3 days 12:00:00,23.56,-109.47,998.5,51.3,47.90052795410156,71.05012512207031,61.23779678344727,42.9931526184082,56.82869338989258,23.55945,17.031355,9.882898,17.465336,3.9510517,1.925549,0.35374033,2.4975276
2025-06-29 12:00:00,EP062025,9.0,2025-07-03 06:00:00,3 days 18:00:00,23.98,-110.0,1000.6,41.4,38.19318389892578,52.44618225097656,38.72964859008789,20.459869384765625,36.65912628173828,10.475442,6.813319,4.0429296,6.7939653,0.4431976,0.0661694,0.0,0.3502692
2025-06-29 12:00:00,EP062025,9.0,2025-07-03 12:00:00,4 days 00:00:00,24.93,-110.38,999.1,43.6,47.785587310791016,52.22922897338867,45.582130432128906,23.997697830200195,37.6008415222168,10.35395,7.5399623,4.7511005,6.946189,0.23872173,0.0,0.0,0.04236403
2025-06-29 12:00:00,EP062025,9.0,2025-07-03 18:00:00,4 days 06:00:00,26.02,-110.43,999.3,40.5,42.33810806274414,80.21402740478516,72.32754516601562,50.598731994628906,62.859657287597656,2.4787836,1.2445062,0.5685246,1.3388834,0.5173335,0.18229622,0.090172604,0.24599573
2025-06-29 12:00:00,EP062025,9.0,2025-07-04 00:00:00,4 days 12:00:00,26.66,-110.68,1001.2,35.2,29.81798553466797,19.321956634521484,15.4995756149292,2.421422243118286,9.49044132232666,2.1518693,0.7391484,0.0,0.5564012,0.39265865,0.09696374,0.026576372,0.11381145
2025-06-29 12:00:00,EP062025,9.0,2025-07-04 06:00:00,4 days 18:00:00,27.41,-110.52,1006.4,27.3,50.504920959472656,36.05466079711914,31.846494674682617,24.457578659057617,23.74967765808105,0.0,0.45030534,0.66862714,0.13893245,0.040923312,0.37717518,0.41739342,0.09042769
2025-06-29 12:00:00,EP062025,9.0,2025-07-04 12:00:00,5 days 00:00:00,28.0,-111.05,1008.1,22.6,62.477481842041016,2.417652130126953,0.8581743836402893,0.5746694803237915,0.0,0.0,0.0,0.11414657,0.0,0.079337984,0.2844419,0.44836292,0.107539594
2025-06-29 12:00:00,AL022025,10.0,2025-06-29 12:00:00,0 days 00:00:00,20.1,-96.0,1008.0,35.0,56.0,56.0,0.0,0.0,0.0,,,,,,,,
2025-06-29 12:00:00,AL022025,10.0,2025-06-29 18:00:00,0 days 06:00:00,15.24,-99.46,1003.6,38.3,87.31737518310547,44.35076141357422,30.402034759521484,11.99427318572998,33.02531433105469,1.9277117,0.58315045,0.0,0.8769141,0.033247788,0.008092788,0.079524286,0.0723603
2025-06-29 12:00:00,AL022025,10.0,2025-06-30 00:00:00,0 days 12:00:00,13.83,-100.75,1002.0,41.4,61.47132873535156,69.98847198486328,65.0888671875,59.69362258911133,56.91790008544922,0.0,0.0,0.0,0.0,0.0,0.0,0.020083694,0.0
2025-06-29 12:00:00,AL022025,10.0,2025-06-30 06:00:00,0 days 18:00:00,14.2,-101.26,998.6,48.7,50.9420051574707,59.10525131225586,46.71427536010742,25.029804229736328,40.66234588623047,1.5048081,0.7191182,0.0,0.29344422,0.044675548,0.07037363,0.0228954,0.017996853
2025-06-29 12:00:00,AL022025,10.0,2025-06-30 12:00:00,1 days 00:00:00,14.87,-102.04,993.2,58.5,28.68832015991211,91.56898498535156,75.03059387207031,45.85179138183594,67.823486328125,26.34601,19.769354,11.980175,18.123981,0.20084105,0.0,0.0,0.0
2025-06-29 12:00:00,AL022025,10.0,2025-06-30 18:00:00,1 days 06:00:00,15.77,-102.73,995.6,54.1,64.44544982910156,155.76043701171875,130.4717559814453,92.50206756591795,124.90758514404295,57.006798,47.092186,32.219948,42.591743,2.270667,0.40509498,0.0,0.9522508
2025-06-29 12:00:00,AL022025,10.0,2025-07-01 00:00:00,1 days 12:00:00,16.52,-103.59,990.0,60.3,35.60281753540039,109.46574401855467,91.35037994384766,55.21687698364258,83.00597381591797,25.05852,18.12191,9.83648,16.273067,0.47138897,0.0,0.0,0.0
2025-06-29 12:00:00,AL022025,10.0,2025-07-01 06:00:00,1 days 18:00:00,17.26,-104.54,987.9,64.6,23.944799423217773,115.36994171142578,100.5137939453125,70.0733642578125,92.97087097167967,45.846767,36.297806,23.449276,35.424976,7.4633074,4.4465566,2.4593015,5.4771657
2025-06-29 12:00:00,AL022025,10.0,2025-07-01 12:00:00,2 days 00:00:00,18.0,-105.31,988.5,66.7,23.84578514099121,122.94775390625,105.40884399414062,77.34793853759766,100.20691680908205,57.04973,46.82781,34.54516,49.044548,23.578218,19.555134,14.730875,19.701279
2025-06-29 12:00:00,AL022025,10.0,2025-07-01 18:00:00,2 days 06:00:00,18.66,-105.9,981.4,73.1,35.578819274902344,131.33497619628906,116.17706298828124,92.4501953125,113.68875122070312,66.28842,56.70159,44.70679,57.700565,28.380182,24.530216,19.778534,24.554441
2025-06-29 12:00:00,AL022025,10.0,2025-07-02 00:00:00,2 days 12:00:00,19.33,-106.77,974.1,84.2,31.86236000061035,168.03424072265625,151.80572509765625,127.7677764892578,140.69740295410156,48.920933,40.29036,31.152746,42.13946,24.17471,20.641947,16.437181,21.04864
2025-06-29 12:00:00,AL022025,10.0,2025-07-02 06:00:00,2 days 18:00:00,20.36,-107.4,979.0,79.3,22.43595314025879,120.96686553955078,100.159423828125,73.01526641845703,96.51383972167967,59.904617,48.874893,35.958397,51.584957,28.253729,23.333685,18.39985,24.042557
2025-06-29 12:00:00,AL022025,10.0,2025-07-02 12:00:00,3 days 00:00:00,20.98,-108.17,979.7,77.4,50.36393356323242,100.55655670166016,89.95661926269531,65.2414779663086,82.32174682617188,49.036373,41.670815,32.935513,41.992996,24.122877,21.374783,16.901062,21.036207
2025-06-29 12:00:00,AL022025,10.0,2025-07-02 18:00:00,3 days 06:00:00,21.92,-108.65,986.3,68.7,36.97466278076172,137.1031494140625,124.8997573852539,91.29228973388672,112.52142333984376,66.73846,56.91332,42.794014,55.63242,23.409704,19.568611,15.006244,19.391722
2025-06-29 12:00:00,AL022025,10.0,2025-07-03 00:00:00,3 days 12:00:00,23.02,-109.04,997.3,50.4,79.59297180175781,161.97434997558594,149.35098266601562,126.7103042602539,137.7268829345703,27.361586,20.84097,12.630986,20.530611,3.8353333,1.6779915,0.29727244,2.371103
2025-06-29 12:00:00,AL022025,10.0,2025-07-03 06:00:00,3 days 18:00:00,24.14,-109.41,990.8,59.9,30.941082000732425,115.67127227783205,99.69010925292967,78.64659118652344,94.8890151977539,53.98773,45.40542,35.5405,46.93936,26.51864,22.996862,17.906029,22.450838
2025-06-29 12:00:00,AL022025,10.0,2025-07-03 12:00:00,4 days 00:00:00,25.51,-109.91,991.7,56.5,47.36599349975586,82.00138854980469,74.41162109375,50.34367752075195,66.21187591552734,37.049145,30.37162,21.835936,29.708466,9.996395,7.657227,5.1722856,7.819919
2025-06-29 12:00:00,AL022025,10.0,2025-07-03 18:00:00,4 days 06:00:00,26.89,-110.21,999.1,39.3,49.31881332397461,23.19075965881348,19.806865692138672,6.664238452911377,11.84404754638672,2.5623884,2.0083537,0.6431626,1.5295639,0.6163898,0.33082637,0.20511942,0.32091582
2025-06-29 12:00:00,AL022025,10.0,2025-07-04 00:00:00,4 days 12:00:00,28.19,-110.19,1000.3,36.2,57.35920333862305,21.429615020751957,17.945993423461914,6.201430320739746,8.925713539123535,2.6111975,1.9900378,0.19505963,1.1756749,0.5770403,0.12189339,0.017339919,0.21807528
2025-06-29 12:00:00,AL022025,10.0,2025-07-04 06:00:00,4 days 18:00:00,29.63,-110.13,1006.0,22.5,136.18612670898438,9.946526527404783,9.660555839538574,3.546396017074585,1.7058124542236328,0.78435355,0.9486372,1.192878,0.48007327,0.0,0.2635996,0.21115744,0.0
2025-06-29 12:00:00,EP062025,10.0,2025-06-29 12:00:00,0 days 00:00:00,13.2,-99.7,1005.0,35.0,167.0,167.0,37.0,0.0,0.0,,,,,,,,
2025-06-29 12:00:00,EP062025,10.0,2025-06-29 18:00:00,0 days 06:00:00,13.57,-100.03,1003.6,38.3,87.46351623535156,43.76251983642578,29.960187911987305,11.798187255859377,32.55545425415039,1.8963746,0.57066154,0.0,0.8634779,0.030968996,0.0054544117,0.07569778,0.06983669
2025-06-29 12:00:00,EP062025,10.0,2025-06-30 00:00:00,0 days 12:00:00,13.83,-100.75,1002.0,41.4,61.47132873535156,69.98847198486328,65.0888671875,59.69362258911133,56.91790008544922,0.0,0.0,0.0,0.0,0.0,0.0,0.020083694,0.0
2025-06-29 12:00:00,EP062025,10.0,2025-06-30 06:00:00,0 days 18:00:00,14.2,-101.26,998.6,48.7,50.9420051574707,59.10525131225586,46.71427536010742,25.029804229736328,40.66234588623047,1.5048081,0.7191182,0.0,0.29344422,0.044675548,0.07037363,0.0228954,0.017996853
2025-06-29 12:00:00,EP062025,10.0,2025-06-30 12:00:00,1 days 00:00:00,14.87,-102.04,993.2,58.5,28.68832015991211,91.56898498535156,75.03059387207031,45.85179138183594,67.823486328125,26.34601,19.769354,11.980175,18.123981,0.20084105,0.0,0.0,0.0
2025-06-29 12:00:00,EP062025,10.0,2025-06-30 18:00:00,1 days 06:00:00,15.77,-102.73,995.6,54.1,64.44544982910156,155.76043701171875,130.4717559814453,92.50206756591795,124.90758514404295,57.006798,47.092186,32.219948,42.591743,2.270667,0.40509498,0.0,0.9522508
2025-06-29 12:00:00,EP062025,10.0,2025-07-01 00:00:00,1 days 12:00:00,16.52,-103.59,990.0,60.3,35.60281753540039,109.46574401855467,91.35037994384766,55.21687698364258,83.00597381591797,25.05852,18.12191,9.83648,16.273067,0.47138897,0.0,0.0,0.0
2025-06-29 12:00:00,EP062025,10.0,2025-07-01 06:00:00,1 days 18:00:00,17.26,-104.54,987.9,64.6,23.944799423217773,115.36994171142578,100.5137939453125,70.0733642578125,92.97087097167967,45.846767,36.297806,23.449276,35.424976,7.4633074,4.4465566,2.4593015,5.4771657
2025-06-29 12:00:00,EP062025,10.0,2025-07-01 12:00:00,2 days 00:00:00,18.0,-105.31,988.5,66.7,23.84578514099121,122.94775390625,105.40884399414062,77.34793853759766,100.20691680908205,57.04973,46.82781,34.54516,49.044548,23.578218,19.555134,14.730875,19.701279
2025-06-29 12:00:00,EP062025,10.0,2025-07-01 18:00:00,2 days 06:00:00,18.66,-105.9,981.4,73.1,35.578819274902344,131.33497619628906,116.17706298828124,92.4501953125,113.68875122070312,66.28842,56.70159,44.70679,57.700565,28.380182,24.530216,19.778534,24.554441
2025-06-29 12:00:00,EP062025,10.0,2025-07-02 00:00:00,2 days 12:00:00,19.33,-106.77,974.1,84.2,31.86236000061035,168.03424072265625,151.80572509765625,127.7677764892578,140.69740295410156,48.920933,40.29036,31.152746,42.13946,24.17471,20.641947,16.437181,21.04864
2025-06-29 12:00:00,EP062025,10.0,2025-07-02 06:00:00,2 days 18:00:00,20.36,-107.4,979.0,79.3,22.43595314025879,120.96686553955078,100.159423828125,73.01526641845703,96.51383972167967,59.904617,48.874893,35.958397,51.584957,28.253729,23.333685,18.39985,24.042557
2025-06-29 12:00:00,EP062025,10.0,2025-07-02 12:00:00,3 days 00:00:00,20.98,-108.17,979.7,77.4,50.36393356323242,100.55655670166016,89.95661926269531,65.2414779663086,82.32174682617188,49.036373,41.670815,32.935513,41.992996,24.122877,21.374783,16.901062,21.036207
2025-06-29 12:00:00,EP062025,10.0,2025-07-02 18:00:00,3 days 06:00:00,21.92,-108.65,986.3,68.7,36.97466278076172,137.1031494140625,124.8997573852539,91.29228973388672,112.52142333984376,66.73846,56.91332,42.794014,55.63242,23.409704,19.568611,15.006244,19.391722
2025-06-29 12:00:00,EP062025,10.0,2025-07-03 00:00:00,3 days 12:00:00,23.02,-109.04,997.3,50.4,79.59297180175781,161.97434997558594,149.35098266601562,126.7103042602539,137.7268829345703,27.361586,20.84097,12.630986,20.530611,3.8353333,1.6779915,0.29727244,2.371103
2025-06-29 12:00:00,EP062025,10.0,2025-07-03 06:00:00,3 days 18:00:00,24.14,-109.41,990.8,59.9,30.941082000732425,115.67127227783205,99.69010925292967,78.64659118652344,94.8890151977539,53.98773,45.40542,35.5405,46.93936,26.51864,22.996862,17.906029,22.450838
2025-06-29 12:00:00,EP062025,10.0,2025-07-03 12:00:00,4 days 00:00:00,25.51,-109.91,991.7,56.5,47.36599349975586,82.00138854980469,74.41162109375,50.34367752075195,66.21187591552734,37.049145,30.37162,21.835936,29.708466,9.996395,7.657227,5.1722856,7.819919
2025-06-29 12:00:00,EP062025,10.0,2025-07-03 18:00:00,4 days 06:00:00,26.89,-110.21,999.1,39.3,49.31881332397461,23.19075965881348,19.806865692138672,6.664238452911377,11.84404754638672,2.5623884,2.0083537,0.6431626,1.5295639,0.6163898,0.33082637,0.20511942,0.32091582
2025-06-29 12:00:00,EP062025,10.0,2025-07-04 00:00:00,4 days 12:00:00,28.19,-110.19,1000.3,36.2,57.35920333862305,21.429615020751957,17.945993423461914,6.201430320739746,8.925713539123535,2.6111975,1.9900378,0.19505963,1.1756749,0.5770403,0.12189339,0.017339919,0.21807528
2025-06-29 12:00:00,EP062025,10.0,2025-07-04 06:00:00,4 days 18:00:00,29.63,-110.13,1006.0,22.5,136.18612670898438,9.946526527404783,9.660555839538574,3.546396017074585,1.7058124542236328,0.78435355,0.9486372,1.192878,0.48007327,0.0,0.2635996,0.21115744,0.0
2025-06-29 12:00:00,AL022025,11.0,2025-06-29 12:00:00,0 days 00:00:00,20.1,-96.0,1008.0,35.0,56.0,56.0,0.0,0.0,0.0,,,,,,,,
2025-06-29 12:00:00,EP062025,11.0,2025-06-29 12:00:00,0 days 00:00:00,13.2,-99.7,1005.0,35.0,167.0,167.0,37.0,0.0,0.0,,,,,,,,
2025-06-29 12:00:00,EP062025,11.0,2025-06-29 18:00:00,0 days 06:00:00,13.31,-100.45,1003.1,35.2,60.05430603027344,13.347623825073242,7.056070327758789,0.3606087267398834,9.379158973693848,0.3293898,0.0,0.0,0.23440132,0.050224453,0.0,0.021607205,0.0
2025-06-29 12:00:00,EP062025,11.0,2025-06-30 00:00:00,0 days 12:00:00,13.6,-100.96,1003.3,40.1,82.96640014648438,146.7023468017578,139.03607177734375,126.62601470947266,127.43601989746094,0.025245281,0.0,0.0,0.0,0.034958154,0.05855227,0.116322994,0.046216033
2025-06-29 12:00:00,EP062025,11.0,2025-06-30 06:00:00,0 days 18:00:00,14.14,-101.52,1000.1,44.5,76.1181640625,43.70631408691406,29.889280319213867,11.052530288696287,29.826305389404297,4.4469404,2.8386962,1.0127201,2.3468254,0.005834579,0.0,0.0,0.02549789
2025-06-29 12:00:00,EP062025,11.0,2025-06-30 12:00:00,1 days 00:00:00,14.95,-102.22,995.2,55.0,34.12831497192383,109.1991958618164,93.46453094482422,67.82915496826172,86.56666564941406,41.720478,33.470684,22.003582,32.801476,6.667524,3.9689474,1.6024204,4.6058187
2025-06-29 12:00:00,EP062025,11.0,2025-06-30 18:00:00,1 days 06:00:00,15.65,-103.05,997.1,50.9,34.96585464477539,50.62348556518555,35.60183334350586,15.096654891967772,34.41122055053711,6.5815496,4.299991,1.9756957,3.898718,0.27463803,0.14900717,0.061217766,0.16679528
2025-06-29 12:00:00,EP062025,11.0,2025-07-01 00:00:00,1 days 12:00:00,16.51,-103.83,991.2,60.2,28.955835342407227,126.39954376220705,108.22782135009766,75.52442932128906,96.725830078125,29.945122,22.873337,13.569884,21.171413,0.7587422,0.0,0.0,0.22270383
2025-06-29 12:00:00,EP062025,11.0,2025-07-01 06:00:00,1 days 18:00:00,17.24,-104.89,989.0,65.0,41.34516143798828,122.76707458496094,106.8144302368164,76.48271942138672,97.66033935546876,51.64118,42.189598,28.82556,41.238327,12.1904125,8.67832,6.070634,9.567953
2025-06-29 12:00:00,EP062025,11.0,2025-07-01 12:00:00,2 days 00:00:00,17.92,-105.57,989.0,65.0,40.6454963684082,103.91045379638672,83.04203033447266,55.76212692260742,80.42444610595703,51.790848,40.926323,29.31593,43.997055,24.64091,20.239523,14.899251,20.495695
2025-06-29 12:00:00,EP062025,11.0,2025-07-01 18:00:00,2 days 06:00:00,18.67,-106.76,985.6,65.8,43.66521835327149,118.0033721923828,108.00691223144533,86.71570587158203,94.33599853515624,56.596703,51.198826,42.220856,49.44797,23.087265,21.442194,17.457975,20.525145
2025-06-29 12:00:00,EP062025,11.0,2025-07-02 00:00:00,2 days 12:00:00,19.47,-107.51,971.9,84.8,37.32082748413086,136.0288848876953,117.682861328125,88.7824478149414,113.54293060302734,52.873146,42.606857,31.267021,43.541306,21.796476,17.892801,14.175923,18.428383
2025-06-29 12:00:00,EP062025,11.0,2025-07-02 06:00:00,2 days 18:00:00,19.79,-108.43,986.0,68.0,60.01395797729492,116.1130828857422,97.31131744384766,71.1831283569336,98.8397445678711,56.694626,45.87101,33.76558,49.363075,24.890408,20.685438,15.886823,21.08093
2025-06-29 12:00:00,EP062025,11.0,2025-07-02 12:00:00,3 days 00:00:00,20.43,-109.13,985.1,67.7,28.63888168334961,108.20665740966795,94.2612762451172,70.26326751708984,87.31753540039062,53.544228,45.605953,34.71783,45.222736,25.395065,22.034403,17.301641,21.422647
2025-06-29 12:00:00,EP062025,11.0,2025-07-02 18:00:00,3 days 06:00:00,20.8,-109.92,992.5,56.9,57.71769714355469,105.81124114990234,89.78241729736328,68.19355773925781,89.02182006835938,50.522465,40.754364,29.256598,42.008213,15.744032,12.174937,8.713265,12.804083
2025-06-29 12:00:00,EP062025,11.0,2025-07-03 00:00:00,3 days 12:00:00,21.1,-110.44,996.5,49.8,63.21495056152344,141.00094604492188,122.5930633544922,93.64781188964844,117.94100189208984,33.316578,25.175547,16.192383,24.118029,1.4661549,0.0,0.0,0.55893224
2025-06-29 12:00:00,EP062025,11.0,2025-07-03 06:00:00,3 days 18:00:00,21.12,-111.09,998.5,45.5,39.964599609375,74.13468933105469,58.04277038574219,37.829193115234375,58.33989334106445,20.284393,15.420129,10.903706,14.330256,0.019869195,0.0,0.0,0.041539792
2025-06-29 12:00:00,EP062025,11.0,2025-07-03 12:00:00,4 days 00:00:00,21.46,-111.99,997.3,43.9,38.656585693359375,104.82849884033205,91.18097686767578,72.73750305175781,85.76651763916016,27.817135,23.4828,18.0745,20.897203,0.0,0.0,0.0,0.0
2025-06-29 12:00:00,EP062025,11.0,2025-07-03 18:00:00,4 days 06:00:00,22.1,-112.71,1003.3,37.6,88.40357971191406,38.0864486694336,25.15416717529297,9.793183326721191,29.42191696166992,1.7265682,0.08496877,0.0,0.6198767,0.08751739,0.07035842,0.015057871,0.15723853
2025-06-29 12:00:00,EP062025,11.0,2025-07-04 00:00:00,4 days 12:00:00,22.33,-113.49,1002.5,37.8,82.22370910644531,20.260440826416016,11.527281761169434,5.300500869750977,13.689398765563965,0.8735583,0.028942913,0.0,0.0,0.14054556,0.041319147,0.0,0.106033675
2025-06-29 12:00:00,EP062025,11.0,2025-07-04 06:00:00,4 days 18:00:00,23.25,-114.47,1005.8,28.2,72.14005279541016,3.8194985389709473,0.7257700562477112,0.5181294083595276,1.5031622648239136,0.04135346,0.0,0.0,0.0,0.12046652,0.13007002,0.0,0.08655543
2025-06-29 12:00:00,EP062025,11.0,2025-07-04 12:00:00,5 days 00:00:00,23.58,-114.96,1006.1,27.6,86.86573791503906,8.833951950073242,3.3204033374786377,2.0795249938964844,6.005076885223389,0.0,0.0,0.0,0.0,0.0,0.064387165,0.09944363,0.03479177
2025-06-29 12:00:00,EP062025,11.0,2025-07-04 18:00:00,5 days 06:00:00,24.16,-116.31,1008.8,25.9,48.42727279663086,0.0,0.0,0.0,1.1098140478134155,0.032714523,0.0,0.030943377,0.0,0.15258503,0.0,0.0,0.0057794815
2025-06-29 12:00:00,EP062025,11.0,2025-07-05 00:00:00,5 days 12:00:00,24.47,-117.49,1008.5,26.4,104.55580139160156,4.935128211975098,1.2290260791778564,1.5860835313796997,2.607475757598877,0.0,0.0,0.20580818,0.0,0.0,0.082598306,0.083219916,0.08770907
2025-06-29 12:00:00,EP062025,11.0,2025-07-05 06:00:00,5 days 18:00:00,24.18,-118.23,1010.2,21.8,118.05570220947266,1.545641303062439,0.0,1.885142922401428,0.0,0.0,0.0,0.25163665,0.0,0.0,0.10590879,0.077488534,0.0
2025-06-29 12:00:00,EP062025,11.0,2025-07-05 12:00:00,6 days 00:00:00,24.66,-119.17,1013.1,17.5,69.74485778808594,0.0,0.0,0.5203553438186646,0.0,0.0,0.0,0.5004323,0.0,0.0,0.0,0.0,0.0
2025-06-29 12:00:00,EP062025,11.0,2025-07-05 18:00:00,6 days 06:00:00,24.51,-120.11,1011.4,20.7,121.93638610839844,0.0,0.0,1.0717583894729614,0.0,0.0,0.0,0.3200704,0.0,0.0,0.0,0.0037177433,0.020294707
2025-06-29 12:00:00,AL022025,12.0,2025-06-29 12:00:00,0 days 00:00:00,20.1,-96.0,1008.0,35.0,56.0,56.0,0.0,0.0,0.0,,,,,,,,
2025-06-29 12:00:00,AL022025,12.0,2025-06-29 18:00:00,0 days 06:00:00,15.71,-99.86,1003.1,35.5,87.183349609375,8.881057739257812,3.895214796066284,0.0,4.833045482635498,0.0,0.0,0.0,0.0,0.06984202,0.0,0.0,0.025803532
2025-06-29 12:00:00,AL022025,12.0,2025-06-30 00:00:00,0 days 12:00:00,14.11,-100.69,1003.2,30.7,118.44817352294922,3.728471994400024,0.0,0.0,1.176173448562622,0.17028904,0.022299496,0.0,0.08160857,0.0,0.0,0.0,0.0
2025-06-29 12:00:00,AL022025,12.0,2025-06-30 06:00:00,0 days 18:00:00,14.39,-101.22,1000.7,45.8,50.56724166870117,48.67599105834961,33.607505798339844,12.482670783996582,32.65687561035156,4.9214225,3.0467675,1.365746,2.5444155,0.01800845,0.047476485,0.07123896,0.066880815
2025-06-29 12:00:00,AL022025,12.0,2025-06-30 12:00:00,1 days 00:00:00,14.65,-101.84,999.0,46.0,51.17364883422852,63.3803939819336,49.69391250610352,29.929874420166016,45.89034652709961,15.299302,11.936344,7.4036884,10.555318,0.0,0.0,0.0,0.0
2025-06-29 12:00:00,AL022025,12.0,2025-06-30 18:00:00,1 days 06:00:00,15.54,-102.22,994.2,57.2,58.64033889770508,72.83911895751953,57.73090362548828,29.210020065307617,51.14491653442383,15.177729,11.347766,6.4426317,9.9991045,0.1262285,0.0,0.0,0.0
2025-06-29 12:00:00,AL022025,12.0,2025-07-01 00:00:00,1 days 12:00:00,16.43,-102.88,986.6,64.1,31.488941192626957,123.36701202392578,111.32848358154295,84.36052703857422,102.29080200195312,47.344906,38.751526,27.15395,37.682224,12.749392,9.706904,6.8440995,10.019117
2025-06-29 12:00:00,AL022025,12.0,2025-07-01 06:00:00,1 days 18:00:00,17.12,-103.61,992.1,58.7,30.42498016357422,114.09689331054688,96.94107055664062,69.54122924804688,87.13682556152344,43.13364,35.08028,23.013447,33.593307,6.489745,4.0684786,2.2299993,4.7114887
2025-06-29 12:00:00,AL022025,12.0,2025-07-01 12:00:00,2 days 00:00:00,17.67,-104.56,984.5,69.3,24.70159912109375,117.4652328491211,97.68682098388672,70.49739837646484,89.99576568603516,42.01088,33.012074,22.067627,33.223293,10.26464,7.3824534,5.000479,8.40942
2025-06-29 12:00:00,AL022025,12.0,2025-07-01 18:00:00,2 days 06:00:00,18.68,-105.29,986.1,67.1,43.9428596496582,118.04798126220705,101.69694519042967,75.11775207519531,98.80410766601562,56.48806,46.38975,33.52925,46.90941,19.432806,15.425399,11.61342,15.982192
2025-06-29 12:00:00,AL022025,12.0,2025-07-02 00:00:00,2 days 12:00:00,19.49,-106.29,975.6,81.6,20.906139373779297,114.26862335205078,107.10360717773438,85.7039566040039,100.72952270507812,45.755238,38.695404,31.756353,38.634396,24.782188,21.721102,17.576927,21.570997
2025-06-29 12:00:00,AL022025,12.0,2025-07-02 06:00:00,2 days 18:00:00,20.45,-106.47,980.7,73.8,24.38801383972168,77.79015350341797,68.13886260986328,45.316162109375,64.32365417480469,38.684025,32.486553,26.767698,33.539894,21.335615,18.944038,15.56782,18.766449
2025-06-29 12:00:00,AL022025,12.0,2025-07-02 12:00:00,3 days 00:00:00,21.09,-107.25,987.8,63.1,53.37638092041016,82.5162124633789,68.96737670898438,51.32630157470703,69.09588623046875,42.15735,34.633896,26.439,36.09441,20.554527,17.59575,13.604533,17.37111
2025-06-29 12:00:00,AL022025,12.0,2025-07-02 18:00:00,3 days 06:00:00,22.29,-107.57,987.6,66.2,26.783016204833984,118.10611724853516,105.74606323242188,78.35760498046875,90.13509368896484,46.05256,38.418602,27.581509,36.82674,9.541086,7.090636,5.0756,7.6870418
2025-06-29 12:00:00,AL022025,12.0,2025-07-03 00:00:00,3 days 12:00:00,22.86,-108.11,1000.4,42.2,43.411251068115234,63.54228973388672,54.793704986572266,35.03508377075195,45.15137481689453,14.90493,12.436782,8.393315,10.374472,0.0,0.0,0.0,0.0
2025-06-29 12:00:00,AL022025,12.0,2025-07-03 06:00:00,3 days 18:00:00,23.61,-108.73,998.8,42.9,79.69583129882812,35.780513763427734,27.762794494628903,12.320127487182615,19.89420509338379,1.1908576,0.49917778,0.0,0.0,0.15100104,0.31697288,0.28224343,0.12989739
2025-06-29 12:00:00,AL022025,12.0,2025-07-03 12:00:00,4 days 00:00:00,23.89,-108.96,996.2,43.7,63.31341552734375,62.51822280883789,53.08195114135742,34.978118896484375,45.97643661499024,8.883169,7.0936375,5.029096,6.105718,0.011639903,0.094770014,0.089023985,0.09076002
2025-06-29 12:00:00,AL022025,12.0,2025-07-03 18:00:00,4 days 06:00:00,25.57,-109.54,999.5,40.9,25.50031280517578,58.91790390014648,53.192901611328125,41.57072448730469,47.14878845214844,1.4593652,0.40978217,0.9422264,0.66341215,0.40735653,0.11946734,0.21939428,0.08901534
2025-06-29 12:00:00,AL022025,12.0,2025-07-04 00:00:00,4 days 12:00:00,26.53,-109.89,1001.6,33.4,82.2022705078125,17.165483474731445,13.823612213134766,0.8881571888923645,7.067108154296875,1.1927629,0.99397284,0.1818284,0.38137951,0.19393086,0.07295263,0.0,0.019393807
2025-06-29 12:00:00,AL022025,12.0,2025-07-04 06:00:00,4 days 18:00:00,27.4,-109.92,1008.2,24.7,50.34304428100586,7.316691398620605,5.826167106628418,0.9098381400108336,0.0,0.0,0.016392618,0.2665699,0.0,0.14314242,0.2495964,0.4560815,0.07521383
2025-06-29 12:00:00,AL022025,12.0,2025-07-04 12:00:00,5 days 00:00:00,27.87,-110.42,1008.1,23.5,49.55178451538086,1.8599998950958248,3.037717819213867,0.1821417510509491,0.0,0.0,0.04406031,0.2823318,0.18213159,0.0,0.0,0.0985615,0.0
2025-06-29 12:00:00,EP062025,12.0,2025-06-29 12:00:00,0 days 00:00:00,13.2,-99.7,1005.0,35.0,167.0,167.0,37.0,0.0,0.0,,,,,,,,
2025-06-29 12:00:00,EP062025,12.0,2025-06-29 18:00:00,0 days 06:00:00,13.43,-100.39,1003.1,35.4,87.64085388183594,8.821891784667969,3.9263312816619873,0.0,4.722744941711426,0.001377457,0.0,0.0,0.001959816,0.07054185,0.0,0.0,0.024236377
2025-06-29 12:00:00,EP062025,12.0,2025-06-30 00:00:00,0 days 12:00:00,14.11,-100.69,1003.2,30.7,118.44817352294922,3.728471994400024,0.0,0.0,1.176173448562622,0.17028904,0.022299496,0.0,0.08160857,0.0,0.0,0.0,0.0
2025-06-29 12:00:00,EP062025,12.0,2025-06-30 06:00:00,0 days 18:00:00,14.39,-101.22,1000.7,45.8,50.56724166870117,48.67599105834961,33.607505798339844,12.482670783996582,32.65687561035156,4.9214225,3.0467675,1.365746,2.5444155,0.01800845,0.047476485,0.07123896,0.066880815
2025-06-29 12:00:00,EP062025,12.0,2025-06-30 12:00:00,1 days 00:00:00,14.65,-101.84,999.0,46.0,51.17364883422852,63.3803939819336,49.69391250610352,29.929874420166016,45.89034652709961,15.299302,11.936344,7.4036884,10.555318,0.0,0.0,0.0,0.0
2025-06-29 12:00:00,EP062025,12.0,2025-06-30 18:00:00,1 days 06:00:00,15.54,-102.22,994.2,57.2,58.64033889770508,72.83911895751953,57.73090362548828,29.210020065307617,51.14491653442383,15.177729,11.347766,6.4426317,9.9991045,0.1262285,0.0,0.0,0.0
2025-06-29 12:00:00,EP062025,12.0,2025-07-01 00:00:00,1 days 12:00:00,16.43,-102.88,986.6,64.1,31.488941192626957,123.36701202392578,111.32848358154295,84.36052703857422,102.29080200195312,47.344906,38.751526,27.15395,37.682224,12.749392,9.706904,6.8440995,10.019117
2025-06-29 12:00:00,EP062025,12.0,2025-07-01 06:00:00,1 days 18:00:00,17.12,-103.61,992.1,58.7,30.42498016357422,114.09689331054688,96.94107055664062,69.54122924804688,87.13682556152344,43.13364,35.08028,23.013447,33.593307,6.489745,4.0684786,2.2299993,4.7114887
2025-06-29 12:00:00,EP062025,12.0,2025-07-01 12:00:00,2 days 00:00:00,17.67,-104.56,984.5,69.3,24.70159912109375,117.4652328491211,97.68682098388672,70.49739837646484,89.99576568603516,42.01088,33.012074,22.067627,33.223293,10.26464,7.3824534,5.000479,8.40942
2025-06-29 12:00:00,EP062025,12.0,2025-07-01 18:00:00,2 days 06:00:00,18.68,-105.29,986.1,67.1,43.9428596496582,118.04798126220705,101.69694519042967,75.11775207519531,98.80410766601562,56.48806,46.38975,33.52925,46.90941,19.432806,15.425399,11.61342,15.982192
2025-06-29 12:00:00,EP062025,12.0,2025-07-02 00:00:00,2 days 12:00:00,19.49,-106.29,975.6,81.6,20.906139373779297,114.26862335205078,107.10360717773438,85.7039566040039,100.72952270507812,45.755238,38.695404,31.756353,38.634396,24.782188,21.721102,17.576927,21.570997
2025-06-29 12:00:00,EP062025,12.0,2025-07-02 06:00:00,2 days 18:00:00,20.45,-106.47,980.7,73.8,24.38801383972168,77.79015350341797,68.13886260986328,45.316162109375,64.32365417480469,38.684025,32.486553,26.767698,33.539894,21.335615,18.944038,15.56782,18.766449
2025-06-29 12:00:00,EP062025,12.0,2025-07-02 12:00:00,3 days 00:00:00,21.09,-107.25,987.8,63.1,53.37638092041016,82.5162124633789,68.96737670898438,51.32630157470703,69.09588623046875,42.15735,34.633896,26.439,36.09441,20.554527,17.59575,13.604533,17.37111
2025-06-29 12:00:00,EP062025,12.0,2025-07-02 18:00:00,3 days 06:00:00,22.29,-107.57,987.6,66.2,26.783016204833984,118.10611724853516,105.74606323242188,78.35760498046875,90.13509368896484,46.05256,38.418602,27.581509,36.82674,9.541086,7.090636,5.0756,7.6870418
2025-06-29 12:00:00,EP062025,12.0,2025-07-03 00:00:00,3 days 12:00:00,22.86,-108.11,1000.4,42.2,43.411251068115234,63.54228973388672,54.793704986572266,35.03508377075195,45.15137481689453,14.90493,12.436782,8.393315,10.374472,0.0,0.0,0.0,0.0
2025-06-29 12:00:00,EP062025,12.0,2025-07-03 06:00:00,3 days 18:00:00,23.61,-108.73,998.8,42.9,79.69583129882812,35.780513763427734,27.762794494628903,12.320127487182615,19.89420509338379,1.1908576,0.49917778,0.0,0.0,0.15100104,0.31697288,0.28224343,0.12989739
2025-06-29 12:00:00,EP062025,12.0,2025-07-03 12:00:00,4 days 00:00:00,23.89,-108.96,996.2,43.7,63.31341552734375,62.51822280883789,53.08195114135742,34.978118896484375,45.97643661499024,8.883169,7.0936375,5.029096,6.105718,0.011639903,0.094770014,0.089023985,0.09076002
2025-06-29 12:00:00,EP062025,12.0,2025-07-03 18:00:00,4 days 06:00:00,25.57,-109.54,999.5,40.9,25.50031280517578,58.91790390014648,53.192901611328125,41.57072448730469,47.14878845214844,1.4593652,0.40978217,0.9422264,0.66341215,0.40735653,0.11946734,0.21939428,0.08901534
2025-06-29 12:00:00,EP062025,12.0,2025-07-04 00:00:00,4 days 12:00:00,26.53,-109.89,1001.6,33.4,82.2022705078125,17.165483474731445,13.823612213134766,0.8881571888923645,7.067108154296875,1.1927629,0.99397284,0.1818284,0.38137951,0.19393086,0.07295263,0.0,0.019393807
2025-06-29 12:00:00,EP062025,12.0,2025-07-04 06:00:00,4 days 18:00:00,27.4,-109.92,1008.2,24.7,50.34304428100586,7.316691398620605,5.826167106628418,0.9098381400108336,0.0,0.0,0.016392618,0.2665699,0.0,0.14314242,0.2495964,0.4560815,0.07521383
2025-06-29 12:00:00,EP062025,12.0,2025-07-04 12:00:00,5 days 00:00:00,27.87,-110.42,1008.1,23.5,49.55178451538086,1.8599998950958248,3.037717819213867,0.1821417510509491,0.0,0.0,0.04406031,0.2823318,0.18213159,0.0,0.0,0.0985615,0.0
2025-06-29 12:00:00,AL022025,13.0,2025-06-29 12:00:00,0 days 00:00:00,20.1,-96.0,1008.0,35.0,56.0,56.0,0.0,0.0,0.0,,,,,,,,
2025-06-29 12:00:00,AL022025,13.0,2025-06-29 18:00:00,0 days 06:00:00,20.96,-96.47,1008.1,27.7,104.6270523071289,5.096121788024902,3.188363075256348,0.6840963959693909,2.866694688796997,1.5462259,1.4885852,0.8380249,1.499593,0.12424831,0.089734726,0.107836045,0.06430039
2025-06-29 12:00:00,EP062025,13.0,2025-06-29 12:00:00,0 days 00:00:00,13.2,-99.7,1005.0,35.0,167.0,167.0,37.0,0.0,0.0,,,,,,,,
2025-06-29 12:00:00,EP062025,13.0,2025-06-29 18:00:00,0 days 06:00:00,13.22,-100.23,1003.7,34.6,96.00408935546876,10.897147178649902,8.841632843017578,5.514743328094482,7.894572734832764,0.0,0.12325664,0.0,0.09655432,0.020763759,0.0017736141,0.07744841,0.0
2025-06-29 12:00:00,EP062025,13.0,2025-06-30 00:00:00,0 days 12:00:00,13.53,-101.03,1002.9,37.8,90.14396667480467,25.714832305908203,18.3673095703125,8.851298332214355,16.85035514831543,0.9417371,0.36614373,0.0,0.13825612,0.00018108926,0.0,0.0,0.0
2025-06-29 12:00:00,EP062025,13.0,2025-06-30 06:00:00,0 days 18:00:00,14.55,-101.71,995.1,54.4,51.089447021484375,87.5628890991211,68.20125579833984,43.54756164550781,72.11211395263672,31.9776,24.50936,17.144815,23.778122,1.4342617,0.6347346,0.0,0.35011995
2025-06-29 12:00:00,EP062025,13.0,2025-06-30 12:00:00,1 days 00:00:00,15.13,-102.72,995.1,53.6,71.76802825927734,97.76107025146484,83.14543914794922,51.61845016479492,74.76537322998047,10.201068,5.9351897,1.6810337,6.2660007,0.08588474,0.0,0.0,0.0
2025-06-29 12:00:00,EP062025,13.0,2025-06-30 18:00:00,1 days 06:00:00,15.89,-103.52,986.3,67.3,26.838960647583008,115.46630859375,95.23068237304688,72.15576171875,98.37267303466795,60.31241,51.52477,40.528343,50.498074,23.460846,20.706451,17.312956,20.306862
2025-06-29 12:00:00,EP062025,13.0,2025-07-01 00:00:00,1 days 12:00:00,16.75,-104.07,989.6,60.0,23.22303771972656,116.1710205078125,100.86036682128906,74.44864654541016,94.40208435058594,44.46427,37.793526,26.72595,33.808277,9.27645,7.8982654,5.869343,7.274145
2025-06-29 12:00:00,EP062025,13.0,2025-07-01 06:00:00,1 days 18:00:00,17.21,-105.1,985.6,68.0,22.908885955810547,118.49967956542967,102.74903869628906,79.36929321289062,101.7094955444336,62.287437,53.69612,43.268753,52.539146,26.705328,23.829105,20.199148,23.192305
2025-06-29 12:00:00,EP062025,13.0,2025-07-01 12:00:00,2 days 00:00:00,18.14,-106.01,984.5,70.2,26.83610343933105,121.95003509521484,105.76286315917967,78.53646850585938,100.09312438964844,49.459152,40.738056,30.70491,40.388126,17.679773,15.044319,12.437099,15.0970745
2025-06-29 12:00:00,EP062025,13.0,2025-07-01 18:00:00,2 days 06:00:00,18.47,-106.86,985.0,71.1,26.2408390045166,101.35223388671876,87.52140808105469,63.33169555664063,86.58290100097656,41.987236,34.43975,26.70092,34.841537,17.346794,14.623074,11.999818,14.826156
2025-06-29 12:00:00,EP062025,13.0,2025-07-02 00:00:00,2 days 12:00:00,19.13,-107.39,986.8,65.3,27.007349014282227,105.62435913085938,91.96965789794922,69.03709411621094,86.18500518798828,45.705456,39.26132,29.979677,37.832325,17.342136,15.295904,12.497121,14.921568
2025-06-29 12:00:00,EP062025,13.0,2025-07-02 06:00:00,2 days 18:00:00,19.63,-107.97,993.0,56.7,41.30791091918945,96.83890533447266,86.00993347167969,61.1117057800293,83.33822631835938,47.75633,40.82594,31.84186,39.875706,17.055002,14.583345,11.7244835,14.364815
2025-06-29 12:00:00,EP062025,13.0,2025-07-02 12:00:00,3 days 00:00:00,19.71,-108.83,995.1,52.0,64.07685852050781,61.05661010742188,55.42879486083984,36.74959564208984,49.06391906738281,24.685194,20.969357,15.360612,19.387241,6.630976,5.5852685,4.2239285,5.3936462
2025-06-29 12:00:00,EP062025,13.0,2025-07-02 18:00:00,3 days 06:00:00,20.58,-109.07,995.8,54.6,58.99980545043945,105.0239028930664,87.02082824707031,61.36627197265625,87.61663818359375,51.279285,43.660267,33.192913,40.544537,9.9362335,8.381351,6.1980824,7.9713383
2025-06-29 12:00:00,EP062025,13.0,2025-07-03 00:00:00,3 days 12:00:00,21.11,-109.47,999.5,41.5,36.67995834350586,40.11598205566406,33.87628173828125,21.418603897094727,26.95800399780273,0.8956528,0.36137518,0.0,0.44121966,0.0,0.0,0.0,0.049070783
2025-06-29 12:00:00,EP062025,13.0,2025-07-03 06:00:00,3 days 18:00:00,21.63,-109.8,1003.7,35.9,89.42960357666016,35.36896133422852,26.973676681518555,14.457608222961426,24.32067108154297,0.9912792,0.69001234,0.0,0.46418247,0.0,0.0,0.0,0.0
2025-06-29 12:00:00,EP062025,13.0,2025-07-03 12:00:00,4 days 00:00:00,22.33,-110.2,1004.5,35.7,43.02866363525391,30.641843795776367,23.93174934387207,15.859624862670898,21.852922439575195,0.90201694,0.46287993,0.0,0.36583656,0.0,0.008789105,0.18245803,0.0
2025-06-29 12:00:00,EP062025,13.0,2025-07-03 18:00:00,4 days 06:00:00,23.1,-110.47,1005.1,34.4,84.43871307373047,60.19051361083984,49.60831069946289,30.979957580566406,46.3372917175293,4.630775,3.0608366,1.3344556,2.8898296,0.0,0.0,0.021143438,0.0
2025-06-29 12:00:00,EP062025,13.0,2025-07-04 00:00:00,4 days 12:00:00,23.98,-110.75,1004.7,31.2,43.87503433227539,5.499542713165283,5.208399772644043,0.381181389093399,2.11894965171814,0.59226686,0.5106334,0.5499881,0.6803856,0.049648423,0.0,0.030638956,0.05003395
2025-06-29 12:00:00,EP062025,13.0,2025-07-04 06:00:00,4 days 18:00:00,24.82,-110.53,1005.6,28.2,113.8105239868164,1.9453881978988647,2.3905105590820312,0.0,0.0,0.7196762,0.6532448,0.49019685,0.1825626,0.3705721,0.41221583,0.29498336,0.25046128
2025-06-29 12:00:00,EP062025,13.0,2025-07-04 12:00:00,5 days 00:00:00,25.34,-110.6,1004.9,32.0,92.14532470703124,19.275827407836918,17.69044303894043,5.300298690795898,10.86266803741455,2.120432,1.3253846,0.38879877,0.8965192,0.37778318,0.21933272,0.19668716,0.2851901
2025-06-29 12:00:00,EP062025,13.0,2025-07-04 18:00:00,5 days 06:00:00,26.3,-110.43,1005.4,28.8,93.5940933227539,5.19005823135376,2.4861652851104736,0.0,1.240431785583496,3.768567,2.8158462,1.7601553,2.889342,0.44635898,0.27807355,0.24082641,0.37739554
2025-06-29 12:00:00,EP062025,13.0,2025-07-05 00:00:00,5 days 12:00:00,26.75,-110.22,1005.6,28.5,72.47308349609375,6.8173828125,6.839785099029541,2.496227264404297,3.069105863571167,1.087159,1.0435126,0.56474346,1.0670078,0.28531227,0.0,0.09547348,0.11222341
2025-06-29 12:00:00,EP062025,13.0,2025-07-05 06:00:00,5 days 18:00:00,26.47,-110.7,1010.1,21.5,47.8664436340332,0.0,1.0263997316360474,1.0499690771102903,0.0,0.346641,0.16230144,0.38932183,0.7026505,0.092453904,0.0,0.36013243,0.39566052
2025-06-29 12:00:00,EP062025,13.0,2025-07-05 12:00:00,6 days 00:00:00,26.79,-110.93,1011.7,24.5,66.39046478271484,0.0,0.0,1.8525677919387815,0.0,0.024469696,0.0,0.0,0.10535651,1.0713501,0.8278634,0.7372812,0.9964295
2025-06-29 12:00:00,EP062025,13.0,2025-07-05 18:00:00,6 days 06:00:00,25.82,-110.2,1011.9,21.4,128.1946563720703,7.061118125915527,0.4946766197681427,0.0,0.0,1.5515159,0.86986804,0.9077349,1.2521998,0.5631009,0.34348863,0.36632773,0.5599103
2025-06-29 12:00:00,EP062025,13.0,2025-07-06 00:00:00,6 days 12:00:00,18.74,-109.25,1008.3,27.7,100.94359588623048,1.4118738174438477,0.0,0.0,0.3281041979789734,0.14562722,0.1339437,0.0,0.14512807,0.047213983,0.0,0.0,0.05648657
2025-06-29 12:00:00,EP062025,13.0,2025-07-06 06:00:00,6 days 18:00:00,16.55,-109.9,1008.8,22.8,126.00645446777344,1.2458292245864868,0.0,0.0,0.0,0.069852024,0.07162787,0.0,0.0,0.0,0.028061988,0.027281737,0.0
2025-06-29 12:00:00,EP062025,13.0,2025-07-06 12:00:00,7 days 00:00:00,16.07,-110.34,1006.9,25.1,125.74390411376952,1.366264581680298,0.0,0.0,0.0548073723912239,0.0,0.0,0.14369999,0.0,0.0,0.08186645,0.06902279,0.0460838
2025-06-29 12:00:00,EP062025,13.0,2025-07-06 18:00:00,7 days 06:00:00,15.95,-110.81,1009.1,25.4,85.60271453857422,0.8434770703315735,0.4864291548728943,0.0,0.5641982555389404,0.32567728,0.0,0.0,0.07785492,0.16361049,0.0,0.0,0.0
2025-06-29 12:00:00,EP062025,13.0,2025-07-07 00:00:00,7 days 12:00:00,16.45,-112.17,1008.9,22.8,112.5451431274414,0.6908058524131775,0.0,0.0,0.0,0.3353235,0.56624854,0.16472942,0.1937026,0.0,0.0,0.0,0.0
2025-06-29 12:00:00,EP062025,13.0,2025-07-07 06:00:00,7 days 18:00:00,16.35,-112.69,1008.2,25.3,54.41815185546875,1.4824790954589844,0.5851927399635315,0.0,1.4010640382766724,0.24333517,0.7206192,0.6095234,0.32237434,0.0,0.0,0.013352773,0.0
2025-06-29 12:00:00,EP062025,13.0,2025-07-07 12:00:00,8 days 00:00:00,16.79,-113.59,1008.7,24.4,38.16012191772461,0.6860237717628479,0.0,1.224387288093567,0.0,0.0,0.11593426,0.0,0.0,0.006381062,0.09767324,0.18272765,0.081284866
2025-06-29 12:00:00,EP062025,13.0,2025-07-07 18:00:00,8 days 06:00:00,17.24,-113.9,1007.1,24.1,115.72100067138672,1.0916831493377686,0.0,0.0,0.3141511976718902,0.17589372,0.058345143,0.12802635,0.031820938,0.0,0.0,0.053207718,0.0
2025-06-29 12:00:00,EP062025,13.0,2025-07-08 00:00:00,8 days 12:00:00,17.29,-114.54,1005.5,29.0,113.16289520263672,4.957690238952637,2.4706010818481445,0.0342580303549766,2.0384960174560547,0.0,0.0,0.0,0.0,0.0,0.0,0.047286704,0.0
2025-06-29 12:00:00,EP062025,13.0,2025-07-08 06:00:00,8 days 18:00:00,17.83,-114.7,1006.9,29.3,66.12529754638672,0.0,0.0,0.0,0.0,0.0,0.0,0.0,0.008780044,0.0,0.0,0.0,0.0014212844
2025-06-29 12:00:00,EP062025,13.0,2025-07-08 12:00:00,9 days 00:00:00,18.52,-115.49,1007.4,32.8,70.6915512084961,48.39791870117188,37.799930572509766,26.45161819458008,35.85321807861328,0.32588214,0.0,0.0,0.0,0.0,0.057851132,0.13383561,0.0
2025-06-29 12:00:00,EP062025,13.0,2025-07-08 18:00:00,9 days 06:00:00,19.17,-116.55,1003.4,29.1,41.58106994628906,0.0,2.883652448654175,1.624483942985535,2.3126883506774902,0.06223559,0.0,0.0,0.93024963,0.15486449,0.0,0.0,0.30308646
2025-06-29 12:00:00,EP062025,13.0,2025-07-09 00:00:00,9 days 12:00:00,19.72,-117.39,1010.0,24.9,67.48580932617188,0.0,0.0,0.0,0.0,0.0,0.0,0.0,0.0,0.0,0.02817821,0.046177432,0.0
2025-06-29 12:00:00,EP062025,13.0,2025-07-09 06:00:00,9 days 18:00:00,20.15,-118.35,1011.3,23.1,58.37001419067383,0.0,0.0,1.3210127353668213,0.0,0.0,0.0,0.0,0.0,0.0,0.04502029,0.16304287,0.0
2025-06-29 12:00:00,EP062025,13.0,2025-07-09 12:00:00,10 days 00:00:00,20.58,-119.47,1011.9,19.6,57.09278106689453,0.0,0.0,2.7523868083953857,0.0,0.0,0.0,0.09396567,0.0,0.0,0.14210811,0.0795186,0.015300607
2025-06-29 12:00:00,AL022025,14.0,2025-06-29 12:00:00,0 days 00:00:00,20.1,-96.0,1008.0,35.0,56.0,56.0,0.0,0.0,0.0,,,,,,,,
2025-06-29 12:00:00,AL022025,14.0,2025-06-29 18:00:00,0 days 06:00:00,20.97,-96.56,1008.2,28.0,109.50431823730467,5.647520542144775,3.153106927871704,0.3185116648674011,2.5398237705230717,1.7918257,2.0396435,1.3934549,1.6912893,0.04289766,0.085728146,0.11737068,0.009933193
2025-06-29 12:00:00,EP062025,14.0,2025-06-29 12:00:00,0 days 00:00:00,13.2,-99.7,1005.0,35.0,167.0,167.0,37.0,0.0,0.0,,,,,,,,
2025-06-29 12:00:00,EP062025,14.0,2025-06-29 18:00:00,0 days 06:00:00,13.76,-100.2,1004.2,34.4,103.57347869873048,20.01200294494629,17.020442962646484,10.378082275390623,13.977200508117676,0.0,0.30475253,0.2567183,0.0,0.0,0.04822068,0.08841431,0.0
2025-06-29 12:00:00,EP062025,14.0,2025-06-30 00:00:00,0 days 12:00:00,14.04,-100.67,1001.8,38.8,90.18695831298828,14.65157699584961,9.166277885437012,3.465131998062134,8.205461502075195,0.35044563,0.16026166,0.0,0.039485626,0.0,0.0,0.0,0.0
2025-06-29 12:00:00,EP062025,14.0,2025-06-30 06:00:00,0 days 18:00:00,14.41,-101.4,1003.7,30.6,112.35657501220705,2.6267998218536377,0.5333603620529175,0.0,0.0,0.0,0.27334863,0.0,0.0,0.0,0.24790181,0.0,0.06016647
2025-06-29 12:00:00,EP062025,14.0,2025-06-30 12:00:00,1 days 00:00:00,15.48,-102.09,999.5,50.9,43.55071258544922,77.74311065673828,62.82065200805664,39.90067672729492,58.57255935668945,18.67746,14.973959,8.855477,13.086278,0.0,0.0,0.0,0.0
2025-06-29 12:00:00,EP062025,14.0,2025-06-30 18:00:00,1 days 06:00:00,16.18,-103.05,993.5,57.2,48.62179565429688,110.8484115600586,90.91960906982422,63.88972091674805,93.35392761230467,43.650005,34.669647,24.957762,32.560116,4.0223184,2.776413,1.3744104,2.4967728
2025-06-29 12:00:00,EP062025,14.0,2025-07-01 00:00:00,1 days 12:00:00,16.66,-103.36,993.3,58.3,32.56008529663086,111.5477294921875,93.5480499267578,63.886375427246094,87.3966064453125,28.683632,22.444231,13.747391,20.217104,0.79382336,0.17039146,0.0,0.0
2025-06-29 12:00:00,EP062025,14.0,2025-07-01 06:00:00,1 days 18:00:00,17.34,-104.18,991.9,59.2,39.07838821411133,114.51113891601562,98.67920684814452,64.41329193115234,94.27751922607422,26.50095,19.610147,12.302453,18.353596,1.4253948,0.63159376,0.0,0.3674499
2025-06-29 12:00:00,EP062025,14.0,2025-07-01 12:00:00,2 days 00:00:00,18.0,-105.17,987.8,68.2,21.182357788085938,122.53787231445312,105.07308959960938,73.54728698730469,99.52960205078124,40.433895,31.490026,21.666595,30.12925,7.3055754,5.64808,3.911276,5.502213
2025-06-29 12:00:00,EP062025,14.0,2025-07-01 18:00:00,2 days 06:00:00,18.43,-106.33,987.0,65.0,32.33682632446289,92.81592559814452,85.1897964477539,66.4034652709961,74.19081115722656,36.739777,32.29535,24.542904,29.981731,8.12931,7.305859,6.0027165,7.06879
2025-06-29 12:00:00,EP062025,14.0,2025-07-02 00:00:00,2 days 12:00:00,19.29,-106.26,987.3,63.0,44.95160675048828,131.91151428222656,112.34528350830078,81.41299438476562,109.49436950683594,63.00248,54.47622,42.497917,53.163227,25.356085,22.202814,18.411406,21.822323
2025-06-29 12:00:00,EP062025,14.0,2025-07-02 06:00:00,2 days 18:00:00,20.2,-107.06,991.9,59.5,64.7816162109375,95.9846649169922,83.91535949707031,53.92236709594727,76.94519805908203,38.71905,32.995197,23.967815,30.764742,12.193039,10.5572,8.195388,10.077768
2025-06-29 12:00:00,EP062025,14.0,2025-07-02 12:00:00,3 days 00:00:00,21.34,-107.38,994.2,52.7,52.14901351928711,97.35918426513672,90.03412628173828,62.80572128295898,80.46916198730469,44.39664,39.31255,29.308084,35.00858,11.163673,9.80154,7.389097,8.69717
2025-06-29 12:00:00,EP062025,14.0,2025-07-02 18:00:00,3 days 06:00:00,22.61,-107.83,990.0,61.6,39.43960571289063,110.37271881103516,100.2666244506836,68.86630249023438,91.95699310302734,61.916195,55.546757,44.037865,51.37352,24.468021,22.130234,17.999481,20.823929
2025-06-29 12:00:00,EP062025,14.0,2025-07-03 00:00:00,3 days 12:00:00,23.34,-108.32,984.8,66.0,42.221153259277344,79.15615844726562,71.26323699951172,49.417137145996094,64.50016784667969,41.87113,36.882427,28.041426,34.49516,16.02717,14.236417,11.567497,13.627344
2025-06-29 12:00:00,EP062025,14.0,2025-07-03 06:00:00,3 days 18:00:00,24.31,-108.84,992.5,58.7,26.91285896301269,54.4575309753418,47.08884048461914,22.51193618774414,40.38905334472656,22.276306,17.706575,11.469321,15.82315,4.111967,3.1511092,1.8187519,2.7658985
2025-06-29 12:00:00,EP062025,14.0,2025-07-03 12:00:00,4 days 00:00:00,25.35,-109.26,993.7,51.8,51.44877243041992,87.82990264892578,73.52980041503906,45.22307968139648,68.58332824707031,35.36516,29.510048,20.77286,26.873816,6.081606,4.6173215,2.6676123,4.18475
2025-06-29 12:00:00,EP062025,14.0,2025-07-03 18:00:00,4 days 06:00:00,26.32,-108.98,999.7,39.7,67.72932434082031,55.356666564941406,46.54279327392578,28.3387451171875,43.26230239868164,10.469159,7.640195,4.622295,7.4733105,0.5087153,0.14309038,0.07953427,0.0689714
2025-06-29 12:00:00,EP062025,14.0,2025-07-04 00:00:00,4 days 12:00:00,26.94,-109.52,1004.3,31.7,54.73866653442383,0.0,1.9713494777679443,0.0,0.0,0.5723191,0.2963986,0.124633186,0.64202034,0.08901991,0.07124902,0.30483595,0.01461304
2025-06-29 12:00:00,AL022025,15.0,2025-06-29 12:00:00,0 days 00:00:00,20.1,-96.0,1008.0,35.0,56.0,56.0,0.0,0.0,0.0,,,,,,,,
2025-06-29 12:00:00,AL022025,15.0,2025-06-29 18:00:00,0 days 06:00:00,20.72,-95.87,1006.9,33.1,59.33869934082031,4.9513983726501465,4.549923419952393,0.0,0.7057068347930908,0.40704396,0.654593,0.7774063,0.3328062,0.101162925,0.07202835,0.060247526,0.0
2025-06-29 12:00:00,EP062025,15.0,2025-06-29 12:00:00,0 days 00:00:00,13.2,-99.7,1005.0,35.0,167.0,167.0,37.0,0.0,0.0,,,,,,,,
2025-06-29 12:00:00,EP062025,15.0,2025-06-29 18:00:00,0 days 06:00:00,13.27,-100.3,1003.6,38.3,53.04270935058594,22.34937858581543,17.852834701538086,9.8994779586792,15.457473754882812,0.10033343,0.0,0.0,0.0,0.0,0.0,0.0,0.0
2025-06-29 12:00:00,EP062025,15.0,2025-06-30 00:00:00,0 days 12:00:00,13.57,-100.88,1002.8,37.9,56.759395599365234,14.88963222503662,10.196743965148926,3.816767930984497,9.03009033203125,0.1865888,0.4642484,0.0,0.0,0.0,0.0,0.0,0.0
2025-06-29 12:00:00,EP062025,15.0,2025-06-30 06:00:00,0 days 18:00:00,14.44,-101.38,999.1,49.8,49.2792854309082,57.641727447509766,42.9415283203125,24.77715492248535,41.40597915649414,9.785885,6.7311583,3.2120512,6.505279,0.0,0.0,0.0,0.0
2025-06-29 12:00:00,EP062025,15.0,2025-06-30 12:00:00,1 days 00:00:00,15.04,-101.91,988.9,64.7,44.73553085327149,117.5752944946289,99.51565551757812,68.1060562133789,98.55223083496094,58.988102,48.91882,36.820175,47.188408,18.26726,15.309499,12.404631,15.058877
2025-06-29 12:00:00,EP062025,15.0,2025-06-30 18:00:00,1 days 06:00:00,16.0,-102.96,990.7,58.7,54.938385009765625,143.70535278320312,132.99560546875,101.3414077758789,118.04430389404295,31.279934,24.559202,16.528343,21.39933,0.5231352,0.0,0.0,0.0
2025-06-29 12:00:00,EP062025,15.0,2025-07-01 00:00:00,1 days 12:00:00,16.95,-103.68,987.9,64.8,36.56607055664063,123.51954650878906,104.49478149414062,74.84844970703125,98.1465301513672,27.484589,20.789442,12.62918,19.990381,1.8612684,0.94008845,0.13989154,0.93349326
2025-06-29 12:00:00,EP062025,15.0,2025-07-01 06:00:00,1 days 18:00:00,17.22,-104.7,981.3,76.4,37.37556457519531,127.4978256225586,109.89066314697266,81.61180114746094,111.4886474609375,53.83249,45.118156,35.856377,45.650013,24.652428,21.212496,17.575377,21.29046
2025-06-29 12:00:00,EP062025,15.0,2025-07-01 12:00:00,2 days 00:00:00,17.91,-105.84,976.3,83.9,22.938312530517575,119.45050811767578,106.5996322631836,80.89537048339844,102.23707580566406,58.00008,49.267128,39.624588,49.731808,30.053106,25.99322,22.185957,26.35738
2025-06-29 12:00:00,EP062025,15.0,2025-07-01 18:00:00,2 days 06:00:00,18.25,-106.73,976.0,82.2,24.213014602661133,117.5333023071289,104.51622772216795,78.10237121582031,105.36367797851562,56.503498,46.747826,38.26241,48.538055,28.049713,23.56934,19.959545,24.306456
2025-06-29 12:00:00,EP062025,15.0,2025-07-02 00:00:00,2 days 12:00:00,19.02,-107.19,980.9,75.1,47.27571868896485,147.3983612060547,128.7936248779297,97.02071380615234,124.20464324951172,67.74551,58.22752,46.62942,58.384712,32.11889,28.008953,23.54966,27.804363
2025-06-29 12:00:00,EP062025,15.0,2025-07-02 06:00:00,2 days 18:00:00,19.37,-108.2,969.7,91.3,25.42899703979492,117.6728744506836,106.2512435913086,78.95941162109375,103.39405059814452,51.161358,42.507915,34.02884,44.471077,27.750738,23.651321,19.960066,24.388365
2025-06-29 12:00:00,EP062025,15.0,2025-07-02 12:00:00,3 days 00:00:00,19.9,-109.19,985.6,69.8,33.14260482788086,88.08122253417969,76.98662567138672,55.72196960449219,73.00511932373047,42.933853,36.731293,27.495916,36.21163,18.348358,15.515954,12.5460615,15.640869
2025-06-29 12:00:00,EP062025,15.0,2025-07-02 18:00:00,3 days 06:00:00,20.36,-110.14,991.9,57.6,43.66852951049805,103.27245330810548,87.12873077392578,62.86530303955078,86.81427764892578,38.678112,30.974339,21.518381,29.824606,6.711308,5.0505834,3.080125,5.016121
2025-06-29 12:00:00,EP062025,15.0,2025-07-03 00:00:00,3 days 12:00:00,20.59,-110.85,993.1,55.8,42.42626190185547,78.12135314941406,60.49693298339844,39.57334899902344,62.5203742980957,27.959509,20.762989,13.424133,20.871294,2.1570425,0.9177753,0.0,0.9453226
2025-06-29 12:00:00,EP062025,15.0,2025-07-03 06:00:00,3 days 18:00:00,20.74,-111.75,999.7,44.7,30.073278427124023,53.64558410644531,41.35911178588867,30.635217666625977,42.24642562866211,7.202395,5.0071197,2.0494554,5.3844295,0.0,0.0,0.0,0.0
2025-06-29 12:00:00,EP062025,15.0,2025-07-03 12:00:00,4 days 00:00:00,21.42,-112.63,1002.1,41.5,51.77845001220703,55.056785583496094,40.461463928222656,24.682973861694336,46.782073974609375,18.924847,14.980252,9.54483,14.657787,0.10588653,0.0,0.0,0.0
2025-06-29 12:00:00,EP062025,15.0,2025-07-03 18:00:00,4 days 06:00:00,21.7,-113.31,1004.2,36.7,44.56600189208984,18.42854881286621,11.42341423034668,4.58500337600708,13.198161125183104,0.12683918,0.0,0.0,0.19830966,0.0,0.031095916,0.0,0.0
2025-06-29 12:00:00,EP062025,15.0,2025-07-04 00:00:00,4 days 12:00:00,22.41,-113.99,1003.2,37.4,60.20185470581055,34.41751480102539,23.258638381958008,10.97728157043457,25.915149688720703,4.2969437,2.0202172,0.6098465,3.3184397,0.07530285,0.0,0.0,0.0
2025-06-29 12:00:00,EP062025,15.0,2025-07-04 06:00:00,4 days 18:00:00,22.56,-115.17,1008.2,28.4,51.69181823730469,1.0205790996551514,0.0,0.0,0.0,0.0,0.0,0.0,0.0,0.0,0.0,0.0,0.0
2025-06-29 12:00:00,EP062025,15.0,2025-07-04 12:00:00,5 days 00:00:00,22.82,-115.97,1007.4,29.4,79.15208435058594,6.884271621704102,3.446127891540528,0.0,3.8650214672088623,0.30831844,0.16797465,0.37806514,0.6065822,0.04352541,0.028263446,0.0,0.0
2025-06-29 12:00:00,EP062025,15.0,2025-07-04 18:00:00,5 days 06:00:00,23.19,-116.87,1006.7,25.0,37.51093673706055,0.0,0.0,1.3226268291473389,1.336100459098816,0.14578141,0.0,0.13765754,0.49114385,0.0,0.0,0.0,0.0
2025-06-29 12:00:00,EP062025,15.0,2025-07-05 00:00:00,5 days 12:00:00,23.14,-117.4,1011.2,23.7,67.72409057617188,0.8673700094223022,0.0,0.0,0.1420522481203079,0.07071881,0.0,0.0,0.10211775,0.0,0.0,0.0,0.0
2025-06-29 12:00:00,EP062025,15.0,2025-07-05 06:00:00,5 days 18:00:00,22.83,-117.97,1011.1,20.4,91.7967758178711,0.0,1.0588324069976809,0.0,0.0,0.032318953,0.04830885,0.0,0.25441524,0.093957566,0.06328452,0.11618777,0.115747966
2025-06-29 12:00:00,EP062025,15.0,2025-07-05 12:00:00,6 days 00:00:00,22.7,-118.95,1013.2,22.8,70.1596908569336,0.2334773242473602,0.0,2.860246181488037,0.1108723282814025,0.04734295,0.0,0.005944886,0.0,0.0,0.0,0.16067699,0.009058485
2025-06-29 12:00:00,EP062025,15.0,2025-07-05 18:00:00,6 days 06:00:00,22.15,-119.17,1011.5,19.9,60.0633659362793,0.0,0.0,3.4685845375061035,0.0,0.0,0.0,0.0,0.0,0.05116513,0.15186685,0.42007393,0.14791249
2025-06-29 12:00:00,EP062025,15.0,2025-07-06 00:00:00,6 days 12:00:00,21.95,-119.92,1011.3,19.5,107.00531005859376,1.1927855014801023,0.0,1.0222055912017822,0.0,0.0,0.16988271,0.5383198,0.0,0.041315567,0.37895107,0.26566705,0.047744766
2025-06-29 12:00:00,EP062025,15.0,2025-07-06 06:00:00,6 days 18:00:00,21.67,-120.64,1011.3,19.2,114.96593475341795,1.104376196861267,0.0,0.0,0.0,0.013955221,0.29370427,0.35976434,0.0,0.0,0.2725608,0.20588452,0.0
2025-06-29 12:00:00,EP062025,15.0,2025-07-06 12:00:00,7 days 00:00:00,21.0,-121.18,1012.5,16.2,116.93863677978516,0.0,0.0,0.8332561254501343,0.0597055032849311,0.0,0.31851587,0.498328,0.0,0.0,0.17502806,0.17570324,0.0
2025-06-29 12:00:00,AL022025,16.0,2025-06-29 12:00:00,0 days 00:00:00,20.1,-96.0,1008.0,35.0,56.0,56.0,0.0,0.0,0.0,,,,,,,,
2025-06-29 12:00:00,AL022025,16.0,2025-06-29 18:00:00,0 days 06:00:00,15.78,-99.89,1004.0,35.8,76.293212890625,3.3360228538513184,0.9926106333732604,0.0,3.107487678527832,0.105133906,0.08799531,0.052305635,0.17073576,0.041498117,0.0,0.0,0.0
2025-06-29 12:00:00,AL022025,16.0,2025-06-30 00:00:00,0 days 12:00:00,13.44,-100.83,999.6,46.1,85.93074035644531,65.19869995117188,52.34432601928711,35.71965408325195,48.36593246459961,1.1745356,0.10561316,0.0,0.61161286,0.0,0.0,0.0,0.0
2025-06-29 12:00:00,AL022025,16.0,2025-06-30 06:00:00,0 days 18:00:00,14.1,-102.04,996.8,52.3,38.80100631713867,64.53218078613281,52.40338897705078,33.30175018310547,47.589481353759766,4.472073,1.8874471,0.12952477,2.63618,0.0,0.0,0.0,0.0
2025-06-29 12:00:00,AL022025,16.0,2025-06-30 12:00:00,1 days 00:00:00,14.73,-102.67,987.8,64.3,46.83921813964844,74.96387481689453,62.43958282470703,42.478214263916016,63.64708709716797,39.621426,32.731472,24.73299,32.361492,15.155706,12.402961,10.349429,12.715543
2025-06-29 12:00:00,AL022025,16.0,2025-06-30 18:00:00,1 days 06:00:00,15.45,-103.24,984.8,72.9,29.332752227783203,125.06886291503906,106.2440414428711,77.60193634033203,105.89154815673828,61.009922,52.189644,41.526012,50.981678,25.66366,22.417364,19.03901,22.055023
2025-06-29 12:00:00,AL022025,16.0,2025-07-01 00:00:00,1 days 12:00:00,16.27,-103.81,985.1,69.8,24.53456687927246,97.8782730102539,84.61335754394531,59.67380905151367,78.20955657958984,37.76958,32.069084,23.08493,30.254066,14.457559,12.376771,10.161265,12.029489
2025-06-29 12:00:00,AL022025,16.0,2025-07-01 06:00:00,1 days 18:00:00,16.68,-105.14,983.8,73.1,28.483333587646484,100.28243255615234,86.02751922607422,59.81892395019531,85.7696533203125,50.16944,41.64692,32.93703,41.83006,22.210108,18.702778,15.625719,18.840836
2025-06-29 12:00:00,AL022025,16.0,2025-07-01 12:00:00,2 days 00:00:00,17.05,-105.74,988.1,67.8,27.263721466064453,131.0538330078125,113.24109649658205,84.08898162841797,112.18131256103516,68.950874,59.3991,47.169666,57.97007,29.677288,25.866735,21.625298,25.570196
2025-06-29 12:00:00,AL022025,16.0,2025-07-01 18:00:00,2 days 06:00:00,17.56,-106.86,981.4,73.8,38.15973281860352,95.01141357421876,83.12223052978516,56.40953826904297,80.90001678466797,40.82324,33.041466,25.903257,33.839622,17.893936,14.923969,12.264245,15.2627325
2025-06-29 12:00:00,AL022025,16.0,2025-07-02 00:00:00,2 days 12:00:00,17.93,-107.87,982.9,71.0,49.02997589111328,119.9434051513672,100.24889373779295,71.24452209472656,101.57398986816406,60.073418,49.31896,38.865314,50.734234,26.611734,22.548702,18.769632,22.797321
2025-06-29 12:00:00,AL022025,16.0,2025-07-02 06:00:00,2 days 18:00:00,18.45,-108.7,979.3,81.8,21.7352294921875,100.84014129638672,84.66702270507812,59.95450210571289,86.23858642578125,44.68905,36.255116,27.569193,36.589733,18.703194,15.443339,12.593221,15.940264
2025-06-29 12:00:00,AL022025,16.0,2025-07-02 12:00:00,3 days 00:00:00,19.02,-109.49,966.5,95.1,22.414966583251957,90.68077087402344,89.74386596679688,75.70026397705078,78.18869018554688,42.811047,37.76609,31.345032,37.354824,20.238394,17.69035,15.387444,18.157675
2025-06-29 12:00:00,AL022025,16.0,2025-07-02 18:00:00,3 days 06:00:00,19.44,-110.27,988.1,66.6,23.02849578857422,99.4699935913086,83.8266830444336,61.841285705566406,82.62403869628906,42.680046,35.392345,26.147234,34.528423,11.457687,9.861178,7.681652,9.722483
2025-06-29 12:00:00,AL022025,16.0,2025-07-03 00:00:00,3 days 12:00:00,19.8,-111.07,995.5,52.6,27.48725891113281,84.59154510498047,66.34567260742188,48.258548736572266,65.5291748046875,17.285645,12.854243,6.8280764,12.540144,0.0,0.0,0.0,0.0
2025-06-29 12:00:00,AL022025,16.0,2025-07-03 06:00:00,3 days 18:00:00,20.08,-111.94,997.7,49.4,23.572269439697266,75.96806335449219,61.6931266784668,44.52687072753906,62.08032989501953,16.936928,12.639378,7.874198,12.212411,0.0,0.0,0.0,0.0
2025-06-29 12:00:00,AL022025,16.0,2025-07-03 12:00:00,4 days 00:00:00,20.43,-112.84,1002.7,40.9,35.21446990966797,46.8348388671875,34.05709457397461,22.68456268310547,38.9908447265625,15.318022,11.533411,7.5796814,11.710524,0.049679287,0.0,0.0,0.0
2025-06-29 12:00:00,AL022025,16.0,2025-07-03 18:00:00,4 days 06:00:00,20.67,-113.78,1005.6,31.6,58.25782775878906,2.263284921646118,0.0,0.0,2.116612911224365,0.18476172,0.0,0.0,0.320768,0.04282475,0.005252014,0.017280601,0.05307298
2025-06-29 12:00:00,AL022025,16.0,2025-07-04 00:00:00,4 days 12:00:00,20.94,-114.7,1006.2,28.9,93.19515991210938,17.638561248779297,10.31495189666748,6.315645694732666,12.66542148590088,0.0,0.0,0.0,0.2720698,0.0,0.0,0.0,0.0
2025-06-29 12:00:00,AL022025,16.0,2025-07-04 06:00:00,4 days 18:00:00,21.13,-116.04,1007.4,29.8,56.82567596435547,1.4258159399032593,0.0,0.0,0.0,0.0,0.3869373,0.0,0.0,0.0,0.07323011,0.0,0.0
2025-06-29 12:00:00,AL022025,16.0,2025-07-04 12:00:00,5 days 00:00:00,21.52,-117.04,1010.2,26.1,85.08386993408203,4.22847318649292,1.2992690801620483,0.0,3.2648074626922607,0.024388716,0.0049795355,0.0,0.14382723,0.099533014,0.0,0.0,0.0
2025-06-29 12:00:00,AL022025,16.0,2025-07-04 18:00:00,5 days 06:00:00,22.15,-117.69,1008.9,25.6,91.43997192382812,1.5181599855422974,1.1728371381759644,0.0,0.7494391798973083,0.03176801,0.24386823,0.2278156,0.2572108,0.12200006,0.09791948,0.015381042,0.085163064
2025-06-29 12:00:00,AL022025,16.0,2025-07-05 00:00:00,5 days 12:00:00,22.31,-118.63,1009.3,21.7,98.00709533691406,0.0515399500727653,0.0,0.2002171277999878,1.0750004053115845,0.0,0.2923575,0.3848736,0.13348915,0.0,0.048790846,0.0,0.0
2025-06-29 12:00:00,AL022025,16.0,2025-07-05 06:00:00,5 days 18:00:00,22.81,-119.76,1009.5,21.2,113.16960906982422,0.0,0.0,0.0,1.136133074760437,0.0,0.0,0.3533,0.04623982,0.0,0.071103975,0.021111576,0.0
2025-06-29 12:00:00,AL022025,16.0,2025-07-05 12:00:00,6 days 00:00:00,22.59,-121.02,1011.3,19.0,63.72505187988281,0.0,0.1961404085159301,2.1041100025177,0.6281343102455139,0.0,0.0,0.2680761,0.0,0.0,0.0042204624,0.0,0.0
2025-06-29 12:00:00,EP062025,16.0,2025-06-29 12:00:00,0 days 00:00:00,13.2,-99.7,1005.0,35.0,167.0,167.0,37.0,0.0,0.0,,,,,,,,
2025-06-29 12:00:00,EP062025,16.0,2025-06-29 18:00:00,0 days 06:00:00,13.54,-100.5,1003.9,35.9,76.77243041992188,3.6986453533172607,1.2964175939559937,0.0,3.320840120315552,0.14125878,0.099953555,0.045947224,0.1931576,0.03257984,0.0,0.0,0.0
2025-06-29 12:00:00,EP062025,16.0,2025-06-30 00:00:00,0 days 12:00:00,13.44,-100.83,999.6,46.1,85.93074035644531,65.19869995117188,52.34432601928711,35.71965408325195,48.36593246459961,1.1745356,0.10561316,0.0,0.61161286,0.0,0.0,0.0,0.0
2025-06-29 12:00:00,EP062025,16.0,2025-06-30 06:00:00,0 days 18:00:00,14.1,-102.04,996.8,52.3,38.80100631713867,64.53218078613281,52.40338897705078,33.30175018310547,47.589481353759766,4.472073,1.8874471,0.12952477,2.63618,0.0,0.0,0.0,0.0
2025-06-29 12:00:00,EP062025,16.0,2025-06-30 12:00:00,1 days 00:00:00,14.73,-102.67,987.8,64.3,46.83921813964844,74.96387481689453,62.43958282470703,42.478214263916016,63.64708709716797,39.621426,32.731472,24.73299,32.361492,15.155706,12.402961,10.349429,12.715543
2025-06-29 12:00:00,EP062025,16.0,2025-06-30 18:00:00,1 days 06:00:00,15.45,-103.24,984.8,72.9,29.332752227783203,125.06886291503906,106.2440414428711,77.60193634033203,105.89154815673828,61.009922,52.189644,41.526012,50.981678,25.66366,22.417364,19.03901,22.055023
2025-06-29 12:00:00,EP062025,16.0,2025-07-01 00:00:00,1 days 12:00:00,16.27,-103.81,985.1,69.8,24.53456687927246,97.8782730102539,84.61335754394531,59.67380905151367,78.20955657958984,37.76958,32.069084,23.08493,30.254066,14.457559,12.376771,10.161265,12.029489
2025-06-29 12:00:00,EP062025,16.0,2025-07-01 06:00:00,1 days 18:00:00,16.68,-105.14,983.8,73.1,28.483333587646484,100.28243255615234,86.02751922607422,59.81892395019531,85.7696533203125,50.16944,41.64692,32.93703,41.83006,22.210108,18.702778,15.625719,18.840836
2025-06-29 12:00:00,EP062025,16.0,2025-07-01 12:00:00,2 days 00:00:00,17.05,-105.74,988.1,67.8,27.263721466064453,131.0538330078125,113.24109649658205,84.08898162841797,112.18131256103516,68.950874,59.3991,47.169666,57.97007,29.677288,25.866735,21.625298,25.570196
2025-06-29 12:00:00,EP062025,16.0,2025-07-01 18:00:00,2 days 06:00:00,17.56,-106.86,981.4,73.8,38.15973281860352,95.01141357421876,83.12223052978516,56.40953826904297,80.90001678466797,40.82324,33.041466,25.903257,33.839622,17.893936,14.923969,12.264245,15.2627325
2025-06-29 12:00:00,EP062025,16.0,2025-07-02 00:00:00,2 days 12:00:00,17.93,-107.87,982.9,71.0,49.02997589111328,119.9434051513672,100.24889373779295,71.24452209472656,101.57398986816406,60.073418,49.31896,38.865314,50.734234,26.611734,22.548702,18.769632,22.797321
2025-06-29 12:00:00,EP062025,16.0,2025-07-02 06:00:00,2 days 18:00:00,18.45,-108.7,979.3,81.8,21.7352294921875,100.84014129638672,84.66702270507812,59.95450210571289,86.23858642578125,44.68905,36.255116,27.569193,36.589733,18.703194,15.443339,12.593221,15.940264
2025-06-29 12:00:00,EP062025,16.0,2025-07-02 12:00:00,3 days 00:00:00,19.02,-109.49,966.5,95.1,22.414966583251957,90.68077087402344,89.74386596679688,75.70026397705078,78.18869018554688,42.811047,37.76609,31.345032,37.354824,20.238394,17.69035,15.387444,18.157675
2025-06-29 12:00:00,EP062025,16.0,2025-07-02 18:00:00,3 days 06:00:00,19.44,-110.27,988.1,66.6,23.02849578857422,99.4699935913086,83.8266830444336,61.841285705566406,82.62403869628906,42.680046,35.392345,26.147234,34.528423,11.457687,9.861178,7.681652,9.722483
2025-06-29 12:00:00,EP062025,16.0,2025-07-03 00:00:00,3 days 12:00:00,19.8,-111.07,995.5,52.6,27.48725891113281,84.59154510498047,66.34567260742188,48.258548736572266,65.5291748046875,17.285645,12.854243,6.8280764,12.540144,0.0,0.0,0.0,0.0
2025-06-29 12:00:00,EP062025,16.0,2025-07-03 06:00:00,3 days 18:00:00,20.08,-111.94,997.7,49.4,23.572269439697266,75.96806335449219,61.6931266784668,44.52687072753906,62.08032989501953,16.936928,12.639378,7.874198,12.212411,0.0,0.0,0.0,0.0
2025-06-29 12:00:00,EP062025,16.0,2025-07-03 12:00:00,4 days 00:00:00,20.43,-112.84,1002.7,40.9,35.21446990966797,46.8348388671875,34.05709457397461,22.68456268310547,38.9908447265625,15.318022,11.533411,7.5796814,11.710524,0.049679287,0.0,0.0,0.0
2025-06-29 12:00:00,EP062025,16.0,2025-07-03 18:00:00,4 days 06:00:00,20.67,-113.78,1005.6,31.6,58.25782775878906,2.263284921646118,0.0,0.0,2.116612911224365,0.18476172,0.0,0.0,0.320768,0.04282475,0.005252014,0.017280601,0.05307298
2025-06-29 12:00:00,EP062025,16.0,2025-07-04 00:00:00,4 days 12:00:00,20.94,-114.7,1006.2,28.9,93.19515991210938,17.638561248779297,10.31495189666748,6.315645694732666,12.66542148590088,0.0,0.0,0.0,0.2720698,0.0,0.0,0.0,0.0
2025-06-29 12:00:00,EP062025,16.0,2025-07-04 06:00:00,4 days 18:00:00,21.13,-116.04,1007.4,29.8,56.82567596435547,1.4258159399032593,0.0,0.0,0.0,0.0,0.3869373,0.0,0.0,0.0,0.07323011,0.0,0.0
2025-06-29 12:00:00,EP062025,16.0,2025-07-04 12:00:00,5 days 00:00:00,21.52,-117.04,1010.2,26.1,85.08386993408203,4.22847318649292,1.2992690801620483,0.0,3.2648074626922607,0.024388716,0.0049795355,0.0,0.14382723,0.099533014,0.0,0.0,0.0
2025-06-29 12:00:00,EP062025,16.0,2025-07-04 18:00:00,5 days 06:00:00,22.15,-117.69,1008.9,25.6,91.43997192382812,1.5181599855422974,1.1728371381759644,0.0,0.7494391798973083,0.03176801,0.24386823,0.2278156,0.2572108,0.12200006,0.09791948,0.015381042,0.085163064
2025-06-29 12:00:00,EP062025,16.0,2025-07-05 00:00:00,5 days 12:00:00,22.31,-118.63,1009.3,21.7,98.00709533691406,0.0515399500727653,0.0,0.2002171277999878,1.0750004053115845,0.0,0.2923575,0.3848736,0.13348915,0.0,0.048790846,0.0,0.0
2025-06-29 12:00:00,EP062025,16.0,2025-07-05 06:00:00,5 days 18:00:00,22.81,-119.76,1009.5,21.2,113.16960906982422,0.0,0.0,0.0,1.136133074760437,0.0,0.0,0.3533,0.04623982,0.0,0.071103975,0.021111576,0.0
2025-06-29 12:00:00,EP062025,16.0,2025-07-05 12:00:00,6 days 00:00:00,22.59,-121.02,1011.3,19.0,63.72505187988281,0.0,0.1961404085159301,2.1041100025177,0.6281343102455139,0.0,0.0,0.2680761,0.0,0.0,0.0042204624,0.0,0.0
2025-06-29 12:00:00,AL022025,17.0,2025-06-29 12:00:00,0 days 00:00:00,20.1,-96.0,1008.0,35.0,56.0,56.0,0.0,0.0,0.0,,,,,,,,
2025-06-29 12:00:00,AL022025,17.0,2025-06-29 18:00:00,0 days 06:00:00,21.19,-96.09,1006.7,33.2,69.36954498291016,4.578216552734375,2.7217516899108887,0.0,1.1044375896453855,0.5115925,0.5764866,0.09798295,0.036498327,0.18373631,0.15500285,0.035266303,0.0
2025-06-29 12:00:00,EP062025,17.0,2025-06-29 12:00:00,0 days 00:00:00,13.2,-99.7,1005.0,35.0,167.0,167.0,37.0,0.0,0.0,,,,,,,,
2025-06-29 12:00:00,EP062025,17.0,2025-06-29 18:00:00,0 days 06:00:00,13.74,-100.37,1003.8,37.1,74.42437744140625,27.54437255859375,19.523944854736328,12.519596099853516,20.26959609985352,0.10428349,0.0,0.0,0.0,0.071976654,0.013658095,0.0,0.008895556
2025-06-29 12:00:00,EP062025,17.0,2025-06-30 00:00:00,0 days 12:00:00,13.66,-100.95,1003.8,35.6,59.30438232421875,2.43895959854126,0.8670225143432617,0.0,0.1728902459144592,0.25444075,0.30559313,0.0,0.0,0.0,0.0,0.0,0.0
2025-06-29 12:00:00,EP062025,17.0,2025-06-30 06:00:00,0 days 18:00:00,14.03,-101.49,997.6,47.7,70.06442260742188,54.47198486328125,44.26994323730469,27.668615341186523,41.35973739624024,3.511751,1.3232898,0.0,2.2623515,0.0,0.0,0.0,0.0
2025-06-29 12:00:00,EP062025,17.0,2025-06-30 12:00:00,1 days 00:00:00,14.8,-102.48,992.5,58.6,48.63319778442383,108.37283325195312,89.50145721435547,59.36296463012695,90.70520782470705,48.144028,38.02586,27.521553,36.781715,7.745927,5.6154613,3.909874,5.5300717
2025-06-29 12:00:00,EP062025,17.0,2025-06-30 18:00:00,1 days 06:00:00,15.82,-103.2,992.1,60.8,24.95802879333496,103.0184097290039,82.72898864746094,57.02407455444336,82.2566909790039,33.43326,25.76325,17.00617,23.97591,1.8026947,0.9891759,0.0,0.7382133
2025-06-29 12:00:00,EP062025,17.0,2025-07-01 00:00:00,1 days 12:00:00,16.38,-104.08,980.9,73.7,47.81954193115234,112.68045806884766,96.62812042236328,63.51397705078125,92.19538879394533,45.696194,37.770267,28.94987,38.285534,22.00458,18.777678,15.741017,18.719992
2025-06-29 12:00:00,EP062025,17.0,2025-07-01 06:00:00,1 days 18:00:00,17.14,-104.56,988.3,63.4,18.85257339477539,109.68240356445312,95.83133697509766,69.29414367675781,91.22924041748048,42.49755,36.04768,26.781525,33.6063,11.774657,10.294608,8.223655,9.924257
2025-06-29 12:00:00,EP062025,17.0,2025-07-01 12:00:00,2 days 00:00:00,17.63,-105.28,989.6,62.6,30.41390419006348,120.0605926513672,103.26332092285156,70.60626983642578,98.5539779663086,54.024063,45.682697,33.31788,42.94207,14.703369,12.541889,9.8652,12.087658
2025-06-29 12:00:00,EP062025,17.0,2025-07-01 18:00:00,2 days 06:00:00,18.35,-105.9,985.4,70.0,28.76526641845703,94.86638641357422,80.20743560791016,58.90868377685547,80.5389633178711,49.531223,42.645016,34.17086,42.517002,23.557972,20.642666,17.44761,20.519157
2025-06-29 12:00:00,EP062025,17.0,2025-07-02 00:00:00,2 days 12:00:00,18.85,-106.55,980.2,75.4,23.122833251953125,121.60590362548828,103.81779479980467,76.365234375,101.239501953125,57.220036,49.775745,39.3215,48.960636,27.814163,24.712261,20.811167,24.237751
2025-06-29 12:00:00,EP062025,17.0,2025-07-02 06:00:00,2 days 18:00:00,19.41,-106.97,976.7,83.4,12.870580673217772,100.57149505615234,88.68494415283203,61.84406661987305,84.63148498535156,48.68135,41.622215,32.597237,41.632523,25.992838,22.723888,19.25612,22.56314
2025-06-29 12:00:00,EP062025,17.0,2025-07-02 12:00:00,3 days 00:00:00,19.91,-107.66,983.8,71.3,46.82757186889648,90.52361297607422,81.4643783569336,51.78467559814453,72.89324188232422,40.51445,34.565727,25.900646,34.39957,20.784927,17.752739,14.530808,17.89374
2025-06-29 12:00:00,EP062025,17.0,2025-07-02 18:00:00,3 days 06:00:00,20.64,-108.25,989.3,62.3,41.94753646850586,74.53961944580078,65.96382141113281,49.034812927246094,64.5277099609375,41.858585,35.71017,28.391693,35.331116,17.964859,15.431106,12.956912,15.464917
2025-06-29 12:00:00,EP062025,17.0,2025-07-03 00:00:00,3 days 12:00:00,21.34,-108.98,986.5,66.8,30.288497924804688,80.662353515625,73.62200164794922,50.950958251953125,63.85929489135742,37.750267,32.786613,24.137947,30.101488,12.52757,10.998574,8.695352,10.277243
2025-06-29 12:00:00,EP062025,17.0,2025-07-03 06:00:00,3 days 18:00:00,22.07,-109.08,986.3,66.9,38.74398422241211,79.946044921875,69.94451141357422,48.31515121459961,68.69496154785156,39.786057,33.996254,25.983694,33.057602,16.492077,14.343567,11.7762,14.107347
2025-06-29 12:00:00,EP062025,17.0,2025-07-03 12:00:00,4 days 00:00:00,23.19,-109.8,992.8,55.9,58.73235321044922,76.249267578125,64.4278793334961,42.36759185791016,60.71427536010742,33.153637,26.47196,18.768744,26.09009,7.927647,6.564986,4.5562263,6.3901553
2025-06-29 12:00:00,EP062025,17.0,2025-07-03 18:00:00,4 days 06:00:00,24.13,-110.26,996.7,51.4,58.824806213378906,82.84832763671875,66.9198989868164,42.537994384765625,68.07369995117188,32.784443,26.826769,18.985828,24.710455,3.889988,2.8209448,1.3092055,2.4655282
2025-06-29 12:00:00,EP062025,17.0,2025-07-04 00:00:00,4 days 12:00:00,24.67,-110.65,1001.0,36.8,94.91165161132812,22.098291397094727,19.20028686523437,5.603248596191406,13.874011993408203,2.5973732,1.6106701,0.3118318,1.3802924,0.4067859,0.22924899,0.0,0.12890697
2025-06-29 12:00:00,EP062025,17.0,2025-07-04 06:00:00,4 days 18:00:00,25.7,-111.03,1005.5,31.8,89.74382781982422,28.78573989868164,21.82151222229004,7.500021457672119,20.251754760742188,6.203521,4.9685736,3.2291698,4.3217363,0.4238607,0.25840288,0.1370394,0.1108685
2025-06-29 12:00:00,EP062025,17.0,2025-07-04 12:00:00,5 days 00:00:00,26.09,-111.51,1006.2,33.9,42.740379333496094,19.541223526000977,16.069223403930664,5.555173397064209,13.813610076904297,1.5339022,1.0966587,0.81830233,0.6477874,0.44942722,0.47542316,0.16433749,0.08051279
2025-06-29 12:00:00,EP062025,17.0,2025-07-04 18:00:00,5 days 06:00:00,27.06,-111.85,1009.8,25.0,63.63595199584961,1.3699727058410645,2.670330047607422,0.0,1.360321283340454,1.7575293,0.8617367,1.0444862,1.3353969,0.29560012,0.15910815,0.1375751,0.17989054
2025-06-29 12:00:00,EP062025,17.0,2025-07-05 00:00:00,5 days 12:00:00,27.51,-112.15,1007.5,24.4,63.84505081176758,1.072350263595581,2.779694080352783,0.489702820777893,0.0,1.2380491,1.2245122,1.301027,0.9749906,0.17688121,0.06980622,0.04761815,0.0
2025-06-29 12:00:00,EP062025,17.0,2025-07-05 06:00:00,5 days 18:00:00,28.06,-111.82,1009.1,21.4,128.60511779785156,1.508695363998413,0.0,0.0,0.0,1.1968158,0.0,0.0,1.1976583,0.24177709,0.0,0.0,0.29458335
2025-06-29 12:00:00,AL022025,18.0,2025-06-29 12:00:00,0 days 00:00:00,20.1,-96.0,1008.0,35.0,56.0,56.0,0.0,0.0,0.0,,,,,,,,
2025-06-29 12:00:00,AL022025,18.0,2025-06-29 18:00:00,0 days 06:00:00,21.12,-96.49,1007.3,31.4,69.36470794677734,3.533397436141968,2.1367380619049072,0.0,0.1892448365688324,1.4868994,1.4238662,0.8067996,1.2054499,0.23806675,0.1363807,0.0,0.02719926
2025-06-29 12:00:00,EP062025,18.0,2025-06-29 12:00:00,0 days 00:00:00,13.2,-99.7,1005.0,35.0,167.0,167.0,37.0,0.0,0.0,,,,,,,,
2025-06-29 12:00:00,EP062025,18.0,2025-06-29 18:00:00,0 days 06:00:00,13.68,-100.2,1004.4,30.7,71.86854553222656,1.6834311485290527,0.1583849340677261,0.124961256980896,0.9894760847091676,0.0,0.09883218,0.062202748,0.22454138,0.15547077,0.077051535,0.051295165,0.061661776
2025-06-29 12:00:00,EP062025,18.0,2025-06-30 00:00:00,0 days 12:00:00,13.96,-100.87,1002.4,40.5,89.35275268554688,72.06868743896484,57.7773666381836,38.41127395629883,52.46732711791992,0.85998505,0.096305884,0.0,0.0,0.0,0.0,0.0,0.0
2025-06-29 12:00:00,EP062025,18.0,2025-06-30 06:00:00,0 days 18:00:00,14.45,-101.68,1002.7,37.7,61.02053451538086,41.12521362304688,35.416114807128906,23.196725845336918,28.38630485534668,0.46847034,0.30308634,0.0,0.0,0.0,0.13459732,0.1401297,0.07412444
2025-06-29 12:00:00,EP062025,18.0,2025-06-30 12:00:00,1 days 00:00:00,15.27,-102.22,996.0,54.7,38.81626129150391,98.9263687133789,83.68836975097656,54.84810256958008,75.24172973632812,15.534454,11.149144,5.721394,10.640498,0.09117421,0.0,0.0,0.0
2025-06-29 12:00:00,EP062025,18.0,2025-06-30 18:00:00,1 days 06:00:00,15.73,-103.11,988.2,67.4,50.025482177734375,153.67532348632812,126.70513916015624,87.32614135742188,126.51139068603516,46.483078,35.678116,24.43185,34.093643,3.8020866,2.272502,0.63630474,1.9293822
2025-06-29 12:00:00,EP062025,18.0,2025-07-01 00:00:00,1 days 12:00:00,16.71,-104.3,986.8,63.8,35.777557373046875,111.65149688720705,89.23165130615234,64.82076263427734,87.82990264892578,38.882683,31.236658,21.307966,30.13188,8.430694,6.7473817,5.1304793,6.77632
2025-06-29 12:00:00,EP062025,18.0,2025-07-01 06:00:00,1 days 18:00:00,17.43,-105.12,975.3,83.1,10.347002029418944,113.88037109375,99.81989288330078,71.05067443847656,97.13245391845705,50.97491,42.21684,32.994186,42.288292,22.106918,19.081903,15.858311,18.940159
2025-06-29 12:00:00,EP062025,18.0,2025-07-01 12:00:00,2 days 00:00:00,18.18,-105.84,983.2,70.9,41.1997184753418,116.10667419433594,100.28689575195312,70.74556732177734,97.5009536743164,54.041706,45.511356,34.961163,45.290016,24.0562,20.380562,16.934378,20.577957
2025-06-29 12:00:00,EP062025,18.0,2025-07-01 18:00:00,2 days 06:00:00,18.42,-106.74,982.3,72.2,45.520206451416016,114.99661254882812,96.15302276611328,72.36311340332031,101.05802917480467,51.9578,42.52083,33.4006,43.749687,20.592625,17.111305,14.151884,17.604387
2025-06-29 12:00:00,EP062025,18.0,2025-07-02 00:00:00,2 days 12:00:00,19.0,-107.62,971.5,88.6,24.63739776611328,115.5422592163086,102.96197509765624,80.49315643310547,97.19542694091795,56.64771,50.35275,41.41808,51.14276,35.85682,32.02396,27.452887,32.069645
2025-06-29 12:00:00,EP062025,18.0,2025-07-02 06:00:00,2 days 18:00:00,19.41,-108.18,981.2,79.0,22.115589141845703,91.23915100097656,80.6462631225586,51.99284744262695,75.23634338378906,38.90024,32.03044,23.55897,31.706173,15.945761,13.332964,10.817449,13.444631
2025-06-29 12:00:00,EP062025,18.0,2025-07-02 12:00:00,3 days 00:00:00,19.64,-109.02,982.7,70.3,46.06252670288086,88.08747863769531,84.57090759277344,65.98056030273438,75.99260711669922,40.400906,36.13837,30.19681,35.15951,21.216885,18.988926,16.11427,18.48647
2025-06-29 12:00:00,EP062025,18.0,2025-07-02 18:00:00,3 days 06:00:00,20.24,-109.4,991.6,60.8,28.722606658935547,77.01116180419922,65.63021087646484,48.2916145324707,63.10010147094727,30.84091,25.63199,19.186035,24.777765,9.182526,7.9925594,6.379525,7.8517203
2025-06-29 12:00:00,EP062025,18.0,2025-07-03 00:00:00,3 days 12:00:00,20.91,-109.94,993.5,53.2,59.388580322265625,73.7156982421875,58.63219833374024,40.390506744384766,61.31187057495117,41.79402,35.97604,26.882675,33.594112,9.779641,8.359986,6.251713,7.8477
2025-06-29 12:00:00,EP062025,18.0,2025-07-03 06:00:00,3 days 18:00:00,20.96,-110.83,1001.1,41.4,77.78280639648438,63.79197311401367,50.33473205566406,33.49482727050781,50.38470077514648,5.080844,2.4830718,1.0526614,3.5699103,0.06182233,0.0,0.0,0.0704845
2025-06-29 12:00:00,EP062025,18.0,2025-07-03 12:00:00,4 days 00:00:00,21.02,-111.47,1003.4,35.7,44.715938568115234,47.23820877075195,40.37744140625,27.744686126708984,36.341453552246094,0.0,0.0,0.0,0.0,0.0,0.0073241466,0.0,0.0
2025-06-29 12:00:00,EP062025,18.0,2025-07-03 18:00:00,4 days 06:00:00,21.58,-111.99,1004.3,35.3,40.38022994995117,23.85639190673828,19.78627014160156,9.924250602722168,17.26521873474121,0.96933264,0.2631546,0.0149762295,0.52619696,0.0,0.0138917,0.0,0.077902004
2025-06-29 12:00:00,EP062025,18.0,2025-07-04 00:00:00,4 days 12:00:00,22.3,-112.81,1007.1,24.0,108.54177856445312,0.7485805153846741,0.0,0.0,0.0,0.0,0.0,0.0,0.0,0.0,0.0,0.0,0.0
2025-06-29 12:00:00,EP062025,18.0,2025-07-04 06:00:00,4 days 18:00:00,22.7,-113.06,1008.7,26.7,86.89454650878906,7.422375202178955,5.948022365570068,1.3024522066116333,3.339370012283325,0.29990512,0.2173694,0.0,0.25687215,0.063872576,0.0,0.0,0.0
2025-06-29 12:00:00,EP062025,18.0,2025-07-04 12:00:00,5 days 00:00:00,23.54,-114.29,1009.1,26.8,57.176414489746094,0.0,0.0,3.2189769744873047,0.0,0.0,0.0,0.28755876,0.0,0.0,0.10314454,0.0,0.0
2025-06-29 12:00:00,EP062025,18.0,2025-07-04 18:00:00,5 days 06:00:00,23.57,-114.52,1010.4,20.1,123.96807861328124,1.209000825881958,0.0,0.0,0.0,0.0,0.0,0.04224399,0.03129221,0.0,0.0,0.016742669,0.05726933
2025-06-29 12:00:00,EP062025,18.0,2025-07-05 00:00:00,5 days 12:00:00,24.12,-115.48,1011.6,21.8,78.82379913330078,0.922707974910736,0.0,1.855583906173706,0.0,0.0,0.0,0.0,0.0,0.0,0.13969256,0.0,0.0
2025-06-29 12:00:00,AL022025,19.0,2025-06-29 12:00:00,0 days 00:00:00,20.1,-96.0,1008.0,35.0,56.0,56.0,0.0,0.0,0.0,,,,,,,,
2025-06-29 12:00:00,AL022025,19.0,2025-06-29 18:00:00,0 days 06:00:00,21.24,-96.66,1007.8,30.4,65.03204345703125,1.2295249700546265,0.4914135932922363,1.040815353393555,0.0,1.7923577,2.6649745,1.8400064,1.9332886,0.52738476,0.60767245,0.5707938,0.5240724
2025-06-29 12:00:00,EP062025,19.0,2025-06-29 12:00:00,0 days 00:00:00,13.2,-99.7,1005.0,35.0,167.0,167.0,37.0,0.0,0.0,,,,,,,,
2025-06-29 12:00:00,EP062025,19.0,2025-06-29 18:00:00,0 days 06:00:00,13.68,-100.38,1003.0,41.4,61.76087188720703,89.31195068359375,77.35983276367188,52.35064697265625,68.34284973144531,1.214463,0.0,0.0,0.028442496,0.0,0.0,0.0,0.0
2025-06-29 12:00:00,EP062025,19.0,2025-06-30 00:00:00,0 days 12:00:00,13.8,-101.32,994.0,54.6,62.74658584594727,146.692138671875,121.60993957519533,89.92797088623047,124.47599029541016,48.10792,39.126804,27.65563,36.507603,4.439201,2.9744744,1.360514,2.834432
2025-06-29 12:00:00,EP062025,19.0,2025-06-30 06:00:00,0 days 18:00:00,14.09,-101.65,991.4,59.7,43.37491989135742,87.84844970703125,70.9157485961914,48.14340591430664,74.7961654663086,42.582882,35.446846,26.379923,33.65224,9.852775,8.15937,6.1449275,7.8932
2025-06-29 12:00:00,EP062025,19.0,2025-06-30 12:00:00,1 days 00:00:00,14.79,-102.58,991.2,64.4,32.0531005859375,123.90129089355467,105.36248779296876,73.2879638671875,98.79817199707033,48.20744,40.79821,28.547062,37.418602,11.49485,9.39847,7.234836,9.109936
2025-06-29 12:00:00,EP062025,19.0,2025-06-30 18:00:00,1 days 06:00:00,15.49,-103.41,980.0,80.7,26.05803680419922,114.73597717285156,98.62518310546876,72.30725860595703,96.48191833496094,60.99414,52.935307,42.65425,53.1717,33.872684,29.875223,25.687061,29.719898
2025-06-29 12:00:00,EP062025,19.0,2025-07-01 00:00:00,1 days 12:00:00,16.37,-104.25,983.4,74.5,33.81753921508789,119.86338806152344,106.14239501953124,74.55660247802734,95.56134033203124,56.325928,50.068584,38.88548,48.761715,32.12898,28.33838,24.192444,27.909266
2025-06-29 12:00:00,EP062025,19.0,2025-07-01 06:00:00,1 days 18:00:00,16.68,-104.85,983.7,71.7,41.17695236206055,140.84243774414062,123.82930755615234,89.50691223144531,120.13137817382812,67.63104,57.45858,46.278736,57.140205,29.922537,25.956797,21.756073,25.691875
2025-06-29 12:00:00,EP062025,19.0,2025-07-01 12:00:00,2 days 00:00:00,17.15,-105.68,974.2,83.9,22.42770195007324,114.84660339355467,102.88794708251952,73.7569580078125,95.11160278320312,50.69398,43.28772,34.018764,43.049274,26.498127,23.382605,19.659277,23.41127
2025-06-29 12:00:00,EP062025,19.0,2025-07-01 18:00:00,2 days 06:00:00,17.85,-106.45,962.9,99.0,19.05646705627441,126.00049591064452,112.72648620605467,84.38893127441406,108.6590347290039,63.56823,55.140594,46.13436,56.13076,36.493958,32.425285,27.584105,32.46149
2025-06-29 12:00:00,EP062025,19.0,2025-07-02 00:00:00,2 days 12:00:00,18.61,-107.28,963.9,96.3,44.02872848510742,133.99586486816406,115.62319946289062,82.23728942871094,114.07513427734376,63.281483,52.520916,42.203945,55.315434,35.982124,30.94091,25.906893,31.50499
2025-06-29 12:00:00,EP062025,19.0,2025-07-02 06:00:00,2 days 18:00:00,19.37,-108.03,968.0,93.3,34.855125427246094,134.17691040039062,116.41175842285156,83.35626220703125,116.29330444335938,62.98323,52.041424,42.628445,54.561413,34.074448,29.107891,24.365238,29.755245
2025-06-29 12:00:00,EP062025,19.0,2025-07-02 12:00:00,3 days 00:00:00,19.92,-108.74,979.1,76.0,28.150421142578125,154.72854614257812,139.50894165039062,105.5945053100586,129.14151000976562,72.67249,64.171036,51.134396,62.48916,36.48566,32.568333,27.18926,31.990381
2025-06-29 12:00:00,EP062025,19.0,2025-07-02 18:00:00,3 days 06:00:00,20.42,-109.38,974.6,82.4,30.75055694580078,117.76701354980467,106.13130950927734,81.11843872070312,103.92720794677734,46.983833,40.220753,32.45916,41.024933,23.391768,20.31044,16.958176,20.417883
2025-06-29 12:00:00,EP062025,19.0,2025-07-03 00:00:00,3 days 12:00:00,20.89,-110.01,987.7,64.6,30.371299743652344,122.0676040649414,105.50155639648438,81.94966888427734,102.40865325927734,47.624855,40.645,30.759462,38.741962,14.999686,13.014508,10.184176,12.5868225
2025-06-29 12:00:00,EP062025,19.0,2025-07-03 06:00:00,3 days 18:00:00,21.15,-110.56,993.2,58.0,58.28499984741211,97.87588500976562,81.83245849609375,62.52731704711914,88.19231414794922,42.768494,35.44033,28.008335,35.05733,12.043327,10.27265,7.91892,10.201299
2025-06-29 12:00:00,EP062025,19.0,2025-07-03 12:00:00,4 days 00:00:00,21.71,-111.31,998.3,45.6,25.66556930541992,81.64176940917969,66.94252014160156,52.67256164550781,68.75504302978516,18.016678,13.524495,8.914497,13.76332,0.27390054,0.10359145,0.0,0.014268934
2025-06-29 12:00:00,EP062025,19.0,2025-07-03 18:00:00,4 days 06:00:00,22.51,-111.86,999.2,46.7,54.15985107421875,89.40658569335938,71.74324035644531,50.76017761230469,76.6028823852539,23.59339,17.71614,11.96581,17.7148,0.6860927,0.0,0.0,0.05154333
2025-06-29 12:00:00,EP062025,19.0,2025-07-04 00:00:00,4 days 12:00:00,23.28,-112.6,1001.6,42.6,54.53289413452149,69.67510986328125,58.9569091796875,38.51457977294922,57.426666259765625,19.008064,14.027302,8.811261,14.323543,0.41601992,0.0,0.0,0.036834422
2025-06-29 12:00:00,EP062025,19.0,2025-07-04 06:00:00,4 days 18:00:00,23.78,-113.24,1004.4,34.7,84.61920166015625,25.318662643432617,19.268112182617188,7.874260902404785,18.60655212402344,2.2030747,0.84517556,0.0,1.5385581,0.14948831,0.0012297393,0.0,0.05878391
2025-06-29 12:00:00,EP062025,19.0,2025-07-04 12:00:00,5 days 00:00:00,24.32,-114.34,1006.9,34.4,54.789676666259766,23.666671752929688,22.11128044128418,13.871519088745115,18.968690872192383,0.36156723,0.0,0.5266363,0.9205544,0.08988899,0.10233861,0.0,0.059026256
2025-06-29 12:00:00,EP062025,19.0,2025-07-04 18:00:00,5 days 06:00:00,24.82,-115.27,1011.0,27.2,66.18423461914062,3.484811305999756,4.838814735412598,0.3423505425453186,1.9474047422409055,0.0,0.0,0.0121947285,0.0,0.08613728,0.22623289,0.0,0.0
2025-06-29 12:00:00,EP062025,19.0,2025-07-05 00:00:00,5 days 12:00:00,25.5,-115.67,1008.7,24.2,124.49791717529295,1.050753831863403,0.0,0.0,0.0,0.3864976,0.033958707,0.010772272,0.2210881,0.113053925,0.13204402,0.0,0.06946951
2025-06-29 12:00:00,EP062025,19.0,2025-07-05 06:00:00,5 days 18:00:00,25.58,-115.63,1009.3,22.5,56.24120330810547,0.0,3.735337734222412,5.367831707000732,3.0981154441833496,0.0,0.0,1.4896338,1.00692,0.004223741,0.25286147,0.0,0.32258117
2025-06-29 12:00:00,AL022025,20.0,2025-06-29 12:00:00,0 days 00:00:00,20.1,-96.0,1008.0,35.0,56.0,56.0,0.0,0.0,0.0,,,,,,,,
2025-06-29 12:00:00,EP062025,20.0,2025-06-29 12:00:00,0 days 00:00:00,13.2,-99.7,1005.0,35.0,167.0,167.0,37.0,0.0,0.0,,,,,,,,
2025-06-29 12:00:00,EP062025,20.0,2025-06-29 18:00:00,0 days 06:00:00,13.88,-100.65,1004.8,33.5,57.12368774414063,11.274295806884766,8.384876251220703,5.176910877227783,7.531685352325439,0.0,0.09387033,0.20639193,0.0,0.0,0.0,0.0010351071,0.0
2025-06-29 12:00:00,EP062025,20.0,2025-06-30 00:00:00,0 days 12:00:00,13.93,-101.1,1001.1,43.2,36.91683578491211,64.75296020507812,51.6810417175293,36.37282180786133,48.69195556640625,3.4176922,2.0082393,0.28724244,2.0635993,0.0,0.0,0.0,0.0
2025-06-29 12:00:00,EP062025,20.0,2025-06-30 06:00:00,0 days 18:00:00,14.76,-101.73,1003.7,38.5,52.99797821044922,41.65436553955078,37.31400680541992,26.03628921508789,31.00525665283203,0.24411234,0.006951976,0.0,0.0,0.0,0.06330062,0.02257693,0.0
2025-06-29 12:00:00,EP062025,20.0,2025-06-30 12:00:00,1 days 00:00:00,14.58,-102.37,995.6,53.3,31.581687927246094,67.08514404296875,53.30888748168945,33.22779083251953,52.34052658081055,20.136297,15.107568,8.921449,14.090556,0.0,0.0,0.0,0.0
2025-06-29 12:00:00,EP062025,20.0,2025-06-30 18:00:00,1 days 06:00:00,15.73,-103.1,991.3,60.2,28.4638614654541,97.91717529296876,77.2765884399414,53.90760040283203,80.45024108886719,45.719563,37.453323,26.211374,35.472282,7.867687,6.318918,4.4242444,6.0892167
2025-06-29 12:00:00,EP062025,20.0,2025-07-01 00:00:00,1 days 12:00:00,16.49,-103.98,990.9,58.4,40.099456787109375,88.28905487060547,72.18994903564453,47.08729934692383,69.69375610351562,31.167437,25.126446,16.031355,22.949965,3.1285295,1.9966434,0.8680056,1.7352238
2025-06-29 12:00:00,EP062025,20.0,2025-07-01 06:00:00,1 days 18:00:00,16.95,-104.73,984.9,69.8,26.90924644470215,102.0212173461914,89.25133514404297,61.86655807495117,87.86499786376953,47.88017,40.178318,31.387333,39.621464,19.706253,16.70794,13.974296,16.670626
2025-06-29 12:00:00,EP062025,20.0,2025-07-01 12:00:00,2 days 00:00:00,17.58,-105.49,989.5,61.7,27.546463012695312,112.88109588623048,94.03436279296876,68.53323364257812,89.97834777832031,35.452644,28.706707,19.21251,26.635347,4.207961,3.224758,1.8796765,3.1675434
2025-06-29 12:00:00,EP062025,20.0,2025-07-01 18:00:00,2 days 06:00:00,17.83,-106.57,984.8,70.6,45.00691223144531,109.9720230102539,90.02396392822266,61.78863525390625,92.18962860107422,47.28733,38.123947,29.215149,38.298077,15.057308,12.338569,9.858639,12.591482
2025-06-29 12:00:00,EP062025,20.0,2025-07-02 00:00:00,2 days 12:00:00,18.23,-107.17,983.2,73.0,28.878854751586918,90.8146514892578,81.36263275146484,55.19712448120117,74.23931121826172,41.86515,35.706635,27.292252,35.131863,22.084185,19.140676,16.115389,19.070023
2025-06-29 12:00:00,EP062025,20.0,2025-07-02 06:00:00,2 days 18:00:00,18.92,-107.76,981.4,73.2,34.502960205078125,139.9705352783203,120.9724578857422,87.37715148925781,120.02547454833984,62.477753,53.127636,42.270226,52.60812,26.537855,22.84214,18.927925,22.602911
2025-06-29 12:00:00,EP062025,20.0,2025-07-02 12:00:00,3 days 00:00:00,19.35,-108.43,982.1,75.0,22.06769561767578,96.43864440917967,86.56182098388672,60.498836517333984,80.22559356689453,46.573708,39.184685,30.210594,38.82147,22.069796,18.94526,15.63389,18.85124
2025-06-29 12:00:00,EP062025,20.0,2025-07-02 18:00:00,3 days 06:00:00,19.75,-109.33,982.5,73.5,38.65357208251953,101.45761108398438,91.15367889404295,68.38609313964844,90.63528442382812,50.465584,42.799114,35.047993,43.61973,23.671726,20.569622,17.224028,20.641525
2025-06-29 12:00:00,EP062025,20.0,2025-07-03 00:00:00,3 days 12:00:00,20.18,-110.16,977.4,81.1,19.123857498168945,80.29589080810547,73.0239028930664,54.46407699584961,70.05672454833984,42.090336,34.402645,27.565605,35.87714,21.066011,17.829512,14.939612,18.19452
2025-06-29 12:00:00,EP062025,20.0,2025-07-03 06:00:00,3 days 18:00:00,20.62,-111.05,981.5,73.8,48.56263732910156,92.75310516357422,81.40364074707031,60.771114349365234,84.705078125,48.587727,39.977497,32.763523,42.52712,25.071154,21.641861,18.20652,22.312292
2025-06-29 12:00:00,EP062025,20.0,2025-07-03 12:00:00,4 days 00:00:00,20.98,-111.87,990.6,60.6,56.33015823364258,83.9063720703125,71.98192596435547,52.64028930664063,72.20062255859375,41.423798,33.895405,25.52143,34.670593,13.931198,11.7741785,9.299258,12.121677
2025-06-29 12:00:00,EP062025,20.0,2025-07-03 18:00:00,4 days 06:00:00,21.57,-112.68,994.2,53.5,52.39055633544922,49.36923599243164,38.006385803222656,23.877531051635746,42.15810012817383,21.985182,16.646147,11.524279,17.033884,2.6592324,1.8367965,0.7174874,1.8648425
2025-06-29 12:00:00,EP062025,20.0,2025-07-04 00:00:00,4 days 12:00:00,22.45,-113.58,1001.0,41.1,71.39517211914062,29.75542640686035,22.39164352416992,12.92269802093506,21.957077026367188,3.8370688,1.6957823,0.49541548,2.6918998,0.0,0.0,0.0,0.0
2025-06-29 12:00:00,EP062025,20.0,2025-07-04 06:00:00,4 days 18:00:00,22.77,-114.53,1001.0,42.0,65.24458312988281,29.37566566467285,22.70361328125,12.552745819091797,24.041969299316406,7.386014,4.586261,2.8892622,5.3804326,0.05547984,0.0,0.0,0.0
2025-06-29 12:00:00,EP062025,20.0,2025-07-04 12:00:00,5 days 00:00:00,23.24,-115.87,1004.0,37.2,76.69093322753906,52.65013122558594,43.63429260253906,29.49710464477539,42.87885284423828,5.807393,3.9345076,2.0144753,4.3010607,0.16573656,0.0,0.0,0.03932242
2025-06-29 12:00:00,EP062025,20.0,2025-07-04 18:00:00,5 days 06:00:00,23.69,-116.31,1003.8,43.2,36.824161529541016,43.08824157714844,35.46082305908203,20.78864860534668,35.05366897583008,5.7372355,2.500257,0.7316571,3.769549,0.16306446,0.0,0.0,0.0
2025-06-29 12:00:00,EP062025,20.0,2025-07-05 00:00:00,5 days 12:00:00,24.04,-117.32,1008.0,30.8,60.11103057861328,3.703724145889282,3.0121963024139404,0.0,0.0,0.0,0.0,0.0,0.0,0.0,0.0,0.0,0.0
2025-06-29 12:00:00,EP062025,20.0,2025-07-05 06:00:00,5 days 18:00:00,23.89,-117.79,1010.0,29.1,60.83462524414063,1.804402470588684,1.1749941110610962,0.0,1.0328428745269775,0.7409738,0.42801523,0.0,0.4394236,0.0,0.0,0.02723162,0.0
2025-06-29 12:00:00,EP062025,20.0,2025-07-05 12:00:00,6 days 00:00:00,23.87,-118.81,1010.5,21.9,60.58380889892578,0.5745691657066345,0.0,0.3606347143650055,0.0,0.28293893,0.5068749,0.514661,0.2805651,0.0,0.047617618,0.060983818,0.0
2025-06-29 12:00:00,EP062025,20.0,2025-07-05 18:00:00,6 days 06:00:00,23.85,-119.05,1011.6,19.0,121.3589324951172,1.579992413520813,0.0,0.0,0.0,0.37562796,0.69320464,0.80509174,0.6633686,0.0,0.009677652,0.20198442,0.022786856
2025-06-29 12:00:00,EP062025,20.0,2025-07-06 00:00:00,6 days 12:00:00,23.95,-119.58,1012.4,21.4,79.76690673828125,3.58923602104187,2.2528064250946045,2.2502381801605225,1.2529211044311523,0.0,0.62813675,0.639315,0.21765958,0.0,0.0,0.0,0.0
2025-06-29 12:00:00,AL022025,21.0,2025-06-29 12:00:00,0 days 00:00:00,20.1,-96.0,1008.0,35.0,56.0,56.0,0.0,0.0,0.0,,,,,,,,
2025-06-29 12:00:00,EP062025,21.0,2025-06-29 12:00:00,0 days 00:00:00,13.2,-99.7,1005.0,35.0,167.0,167.0,37.0,0.0,0.0,,,,,,,,
2025-06-29 12:00:00,EP062025,21.0,2025-06-29 18:00:00,0 days 06:00:00,13.37,-100.34,1004.8,34.8,67.8853530883789,14.538719177246094,9.01231288909912,5.925260543823242,10.824929237365724,0.0,0.0,0.0,0.09720282,0.0,0.0,0.0061815246,0.0
2025-06-29 12:00:00,EP062025,21.0,2025-06-30 00:00:00,0 days 12:00:00,13.95,-101.0,1002.4,37.3,58.52870559692383,4.568294525146484,1.2788654565811155,0.0,1.4901362657546997,0.2929856,0.29590455,0.0,0.27133605,0.0030625176,0.0,0.0070113456,0.0
2025-06-29 12:00:00,EP062025,21.0,2025-06-30 06:00:00,0 days 18:00:00,14.92,-101.46,997.9,49.5,42.80759048461914,63.11746597290039,56.9837760925293,37.510162353515625,45.511348724365234,2.4780364,1.2631894,0.0,0.7043551,0.0,0.0,0.0,0.1027914
2025-06-29 12:00:00,EP062025,21.0,2025-06-30 12:00:00,1 days 00:00:00,15.4,-102.1,989.6,63.0,31.05363655090332,106.76141357421876,90.41754150390624,60.57046890258789,86.13013458251953,42.449883,33.98702,24.029123,32.36523,7.4535604,5.605601,4.0415425,5.5253077
2025-06-29 12:00:00,EP062025,21.0,2025-06-30 18:00:00,1 days 06:00:00,15.93,-103.2,987.0,66.9,26.073923110961918,108.45519256591795,91.56028747558594,62.81655883789063,89.2115707397461,39.382576,31.253283,22.05382,30.10146,9.15991,7.360164,5.5462604,7.1742053
2025-06-29 12:00:00,EP062025,21.0,2025-07-01 00:00:00,1 days 12:00:00,16.48,-104.3,972.0,86.8,26.95978546142578,143.83523559570312,127.14252471923828,96.59864044189452,125.30156707763672,62.283665,53.243813,43.65593,54.930176,34.43503,29.964884,25.586336,30.240885
2025-06-29 12:00:00,EP062025,21.0,2025-07-01 06:00:00,1 days 18:00:00,17.06,-105.21,966.9,93.7,23.38454818725586,135.88946533203125,121.94518280029295,92.35159301757812,121.72062683105467,58.597744,49.742405,41.103245,51.294605,33.105644,28.258888,23.921064,28.974726
2025-06-29 12:00:00,EP062025,21.0,2025-07-01 12:00:00,2 days 00:00:00,17.71,-106.03,968.8,93.4,25.16033744812012,137.424072265625,123.66522216796876,88.22381591796875,114.1211166381836,67.21887,58.180412,46.033375,57.55043,36.861195,32.472145,27.48371,32.242516
2025-06-29 12:00:00,EP062025,21.0,2025-07-01 18:00:00,2 days 06:00:00,18.33,-106.6,968.4,92.9,16.79059600830078,140.92266845703125,125.96084594726562,91.36785888671876,118.5379409790039,66.94186,57.023468,46.3431,57.191967,34.379364,30.51356,25.558277,29.933634
2025-06-29 12:00:00,EP062025,21.0,2025-07-02 00:00:00,2 days 12:00:00,19.36,-107.28,970.1,87.7,20.36450958251953,136.8583221435547,121.27862548828124,85.04798889160156,112.12800598144533,60.704678,51.060932,38.83056,50.56444,28.063965,24.279902,20.014408,24.224615
2025-06-29 12:00:00,EP062025,21.0,2025-07-02 06:00:00,2 days 18:00:00,20.06,-107.84,969.4,90.0,30.28648567199707,127.57083892822266,113.22288513183594,77.50631713867188,109.2240753173828,56.11611,46.441578,36.598503,47.928738,29.037796,24.781864,20.461313,25.096539
2025-06-29 12:00:00,EP062025,21.0,2025-07-02 12:00:00,3 days 00:00:00,21.13,-108.62,973.4,87.1,25.699525833129883,97.99575805664062,87.54488372802734,63.01657104492188,83.57796478271484,52.09138,44.13109,34.702934,45.012093,28.997898,25.043146,20.896997,25.44998
2025-06-29 12:00:00,EP062025,21.0,2025-07-02 18:00:00,3 days 06:00:00,21.6,-109.19,982.0,76.6,27.814716339111328,108.5374526977539,101.38674926757812,73.60848236083984,92.69107818603516,58.727314,51.67404,41.66043,50.52949,32.600418,28.799044,24.327248,28.528648
2025-06-29 12:00:00,EP062025,21.0,2025-07-03 00:00:00,3 days 12:00:00,22.19,-109.9,993.2,57.2,40.439544677734375,102.11701965332033,85.52620697021484,55.14180755615234,81.97199249267578,30.002752,22.290695,14.3498745,21.298964,1.6685337,0.7571525,0.0,0.35914838
2025-06-29 12:00:00,EP062025,21.0,2025-07-03 06:00:00,3 days 18:00:00,22.86,-110.44,993.3,53.6,25.076784133911133,55.32503509521485,45.176177978515625,28.787561416625977,45.13231658935547,20.612036,16.077076,10.879335,15.460406,2.9868424,2.3427963,1.045361,2.0889497
2025-06-29 12:00:00,EP062025,21.0,2025-07-03 12:00:00,4 days 00:00:00,23.7,-110.92,998.1,46.8,23.633575439453125,76.57933044433594,68.31193542480469,45.29132461547852,58.85036087036133,6.24925,4.2753525,1.8857378,3.693475,0.11612876,0.12400836,0.0,0.1276132
2025-06-29 12:00:00,EP062025,21.0,2025-07-03 18:00:00,4 days 06:00:00,24.31,-111.56,999.1,46.6,26.583444595336918,61.87484359741211,53.574214935302734,30.20984649658203,47.26608276367188,11.683909,7.9861517,4.8614974,7.4040003,0.49856517,0.4606376,0.0,0.08948911
2025-06-29 12:00:00,EP062025,21.0,2025-07-04 00:00:00,4 days 12:00:00,25.41,-111.7,1004.0,32.5,84.1963119506836,18.32738304138184,14.90236759185791,4.973405838012695,10.71376895904541,1.8853108,1.1722063,0.7739404,1.0778322,0.39043722,0.41411236,0.14182347,0.23981753
2025-06-29 12:00:00,EP062025,21.0,2025-07-04 06:00:00,4 days 18:00:00,26.14,-111.39,1004.8,34.4,79.52740478515625,3.714931964874268,5.059957504272461,0.0,0.3501756191253662,0.90479666,0.35694614,0.0,0.0109621305,0.29554254,0.25190276,0.25172722,0.22660269
2025-06-29 12:00:00,EP062025,21.0,2025-07-04 12:00:00,5 days 00:00:00,27.01,-111.32,1005.0,27.6,100.7159652709961,2.3481709957122803,2.786456823348999,0.888192355632782,0.0,0.61833006,0.27644578,0.2895324,0.6312773,0.35771257,0.17043754,0.08500843,0.23157287
2025-06-29 12:00:00,EP062025,21.0,2025-07-04 18:00:00,5 days 06:00:00,27.78,-111.47,1008.2,30.8,66.2504653930664,4.50106954574585,5.006448745727539,0.0,1.6031110286712646,2.8659344,2.286186,1.3826947,2.0566275,0.38308847,0.19191614,0.19304825,0.21786395
2025-06-29 12:00:00,EP062025,21.0,2025-07-05 00:00:00,5 days 12:00:00,27.41,-111.45,1005.9,24.4,146.18023681640625,1.8940348625183103,2.237844467163086,0.0915387496352195,0.0,1.7643387,2.0479696,0.99596786,1.5503492,0.29777455,0.24648744,0.15989062,0.047279596
2025-06-29 12:00:00,AL022025,22.0,2025-06-29 12:00:00,0 days 00:00:00,20.1,-96.0,1008.0,35.0,56.0,56.0,0.0,0.0,0.0,,,,,,,,
2025-06-29 12:00:00,EP062025,22.0,2025-06-29 12:00:00,0 days 00:00:00,13.2,-99.7,1005.0,35.0,167.0,167.0,37.0,0.0,0.0,,,,,,,,
2025-06-29 12:00:00,EP062025,22.0,2025-06-29 18:00:00,0 days 06:00:00,13.4,-100.68,1004.0,34.5,94.05137634277344,5.099447727203369,3.4269230365753174,1.1990426778793335,3.895930767059326,0.25680828,0.19450206,0.0,0.31293836,0.0,0.0,0.0,0.0
2025-06-29 12:00:00,EP062025,22.0,2025-06-30 00:00:00,0 days 12:00:00,13.68,-101.04,1003.8,36.6,110.80553436279295,40.49332427978516,32.21842193603516,18.201459884643555,27.32354736328125,0.3617143,0.20759481,0.0,0.0,0.051296823,0.10904456,0.0031807197,0.016466007
2025-06-29 12:00:00,EP062025,22.0,2025-06-30 06:00:00,0 days 18:00:00,14.43,-101.48,996.2,51.8,68.49910736083984,103.22030639648438,84.99329376220703,55.61319732666016,82.01740264892578,24.39778,18.224163,11.986553,17.565458,0.34549394,0.0,0.0,0.0
2025-06-29 12:00:00,EP062025,22.0,2025-06-30 12:00:00,1 days 00:00:00,15.07,-102.11,992.6,59.2,42.77311706542969,155.9622344970703,132.68948364257812,88.51327514648438,122.30895233154295,51.00699,40.676613,26.771736,36.881264,3.6788628,2.1944666,0.65263444,1.8100306
2025-06-29 12:00:00,EP062025,22.0,2025-06-30 18:00:00,1 days 06:00:00,15.81,-102.98,975.9,82.8,16.60578155517578,135.40245056152344,121.88102722167967,90.58535766601562,115.5012435913086,61.926563,53.446102,42.94939,52.007954,29.609692,26.194366,22.241556,25.291649
2025-06-29 12:00:00,EP062025,22.0,2025-07-01 00:00:00,1 days 12:00:00,16.37,-103.84,969.4,89.8,38.43929290771485,146.33499145507812,129.45333862304688,90.68611145019533,122.02188110351562,62.01501,51.78275,40.78916,52.73144,33.657013,28.88783,24.189054,28.889095
2025-06-29 12:00:00,EP062025,22.0,2025-07-01 06:00:00,1 days 18:00:00,16.99,-104.85,973.6,83.8,39.86701202392578,152.616455078125,133.48582458496094,95.22225952148438,130.9502716064453,68.85463,57.702766,46.75144,58.766674,35.56542,30.75702,25.836468,30.592691
2025-06-29 12:00:00,EP062025,22.0,2025-07-01 12:00:00,2 days 00:00:00,18.22,-105.64,964.0,96.2,33.37771987915039,159.3047332763672,142.61276245117188,108.80764770507812,136.20095825195312,77.26581,67.73798,55.36515,68.99086,45.01033,39.15474,33.655464,39.295826
2025-06-29 12:00:00,EP062025,22.0,2025-07-01 18:00:00,2 days 06:00:00,18.04,-106.82,973.8,83.7,47.0907096862793,123.57917785644533,108.1333999633789,81.45858764648438,108.66072845458984,57.819557,49.068707,39.74723,50.483994,29.668474,25.832914,21.847286,26.239378
2025-06-29 12:00:00,EP062025,22.0,2025-07-02 00:00:00,2 days 12:00:00,18.56,-107.65,975.8,81.6,46.5020866394043,133.6790771484375,120.00611877441406,87.4366455078125,112.26441192626952,56.909386,48.215088,37.786114,48.383255,29.099203,25.035769,20.792952,24.959538
2025-06-29 12:00:00,EP062025,22.0,2025-07-02 06:00:00,2 days 18:00:00,18.78,-108.5,984.2,72.4,32.29594039916992,95.65036010742188,85.35992431640625,57.98957061767578,81.82294464111328,41.263584,33.813698,26.303804,34.934605,19.265947,16.403172,13.378973,16.48785
2025-06-29 12:00:00,EP062025,22.0,2025-07-02 12:00:00,3 days 00:00:00,19.38,-108.77,985.9,67.0,29.137243270874023,93.1481704711914,86.17703247070312,62.993106842041016,77.5124740600586,44.43512,38.823116,29.70867,36.83742,18.472498,16.292395,13.324858,16.00302
2025-06-29 12:00:00,EP062025,22.0,2025-07-02 18:00:00,3 days 06:00:00,19.76,-109.09,990.9,58.7,46.69767379760742,109.61246490478516,93.77967071533205,66.97471618652344,91.29071044921876,45.27292,37.246372,26.696037,35.177002,5.7497954,4.5904827,2.760161,4.2589755
2025-06-29 12:00:00,EP062025,22.0,2025-07-03 00:00:00,3 days 12:00:00,20.32,-109.49,989.7,60.8,29.127758026123047,96.29086303710938,86.56536102294922,65.7168197631836,79.74825286865234,44.238964,38.55755,28.818445,35.8522,14.040372,12.42185,10.079058,11.928043
2025-06-29 12:00:00,EP062025,22.0,2025-07-03 06:00:00,3 days 18:00:00,21.1,-109.95,997.7,48.2,64.84165954589844,95.07347106933594,80.46659088134766,54.36663818359375,78.04676818847656,23.015322,17.761198,11.465175,16.49303,0.64389825,0.10159727,0.0,0.0
2025-06-29 12:00:00,EP062025,22.0,2025-07-03 12:00:00,4 days 00:00:00,21.75,-110.34,994.3,52.4,43.918418884277344,93.54949951171876,77.25003814697266,51.441368103027344,76.03846740722656,38.100723,30.841717,20.790472,29.07537,4.181639,2.9960794,1.2669544,2.7617526
2025-06-29 12:00:00,EP062025,22.0,2025-07-03 18:00:00,4 days 06:00:00,22.84,-110.69,999.9,46.4,41.131465911865234,73.82125091552734,62.70207595825195,40.35434722900391,58.668087005615234,16.448715,12.481669,8.139016,11.21426,0.48467693,0.30176383,0.0,0.0
2025-06-29 12:00:00,EP062025,22.0,2025-07-04 00:00:00,4 days 12:00:00,24.1,-110.64,1001.8,41.0,40.416481018066406,53.7311897277832,49.18949508666992,31.17465209960937,38.8903694152832,5.7632084,4.545092,2.799033,3.3917112,0.0,0.067525364,0.0,0.0
2025-06-29 12:00:00,EP062025,22.0,2025-07-04 06:00:00,4 days 18:00:00,25.07,-111.01,1003.1,33.8,103.98059844970705,110.5649642944336,99.07209014892578,70.61360931396484,83.59244537353516,1.2469981,1.0055928,0.0,0.3870965,0.03403021,0.20075119,0.08074368,0.06861359
2025-06-29 12:00:00,EP062025,22.0,2025-07-04 12:00:00,5 days 00:00:00,26.07,-111.22,1004.3,35.2,84.94623565673828,52.97043991088867,45.73013687133789,28.32608413696289,38.93605422973633,3.6659505,3.0824456,2.1682146,2.3779948,0.0,0.08620441,0.04458216,0.07033511
2025-06-29 12:00:00,EP062025,22.0,2025-07-04 18:00:00,5 days 06:00:00,27.7,-111.25,1004.7,34.3,92.04914093017578,68.64444732666016,60.20968627929688,39.22027206420898,51.2981071472168,3.877487,3.1121252,1.4205254,2.4362786,0.0,0.001327989,0.1614234,0.0
2025-06-29 12:00:00,EP062025,22.0,2025-07-05 00:00:00,5 days 12:00:00,28.46,-111.96,1008.2,26.5,62.07433319091797,0.3435230851173401,0.6007210612297058,0.0,0.0,0.59647584,0.0,0.0,0.23187731,0.3735417,0.17059731,0.23872076,0.33848938
2025-06-29 12:00:00,EP062025,22.0,2025-07-05 06:00:00,5 days 18:00:00,28.65,-111.41,1010.2,24.1,53.70732498168945,0.0,0.6653315424919128,0.0,0.0,0.0,0.0,0.0,0.0,0.48405835,0.33269206,0.2221057,0.37513706
2025-06-29 12:00:00,EP062025,22.0,2025-07-05 12:00:00,6 days 00:00:00,28.46,-111.48,1006.8,22.9,121.24958038330078,0.0,0.0,1.654287815093994,0.0,0.0,0.0,0.25064638,0.36262256,0.022328481,0.03121737,0.049741313,0.1690545
2025-06-29 12:00:00,EP062025,22.0,2025-07-05 18:00:00,6 days 06:00:00,28.83,-111.94,1011.3,24.6,62.01819610595703,1.5607869625091553,3.645687341690064,2.274357795715332,0.0,2.3209352,2.4961956,1.8376447,2.6934206,0.4747181,0.33311483,0.36225054,0.46048748
2025-06-29 12:00:00,AL022025,23.0,2025-06-29 12:00:00,0 days 00:00:00,20.1,-96.0,1008.0,35.0,56.0,56.0,0.0,0.0,0.0,,,,,,,,
2025-06-29 12:00:00,AL022025,23.0,2025-06-29 18:00:00,0 days 06:00:00,20.78,-95.56,1007.6,35.2,73.9327392578125,3.068400621414185,4.010726451873779,0.1714316308498382,1.5862839221954346,0.79801464,0.83247316,0.9470608,1.0032599,0.07230216,0.1585066,0.077323146,0.094737016
2025-06-29 12:00:00,EP062025,23.0,2025-06-29 12:00:00,0 days 00:00:00,13.2,-99.7,1005.0,35.0,167.0,167.0,37.0,0.0,0.0,,,,,,,,
2025-06-29 12:00:00,EP062025,23.0,2025-06-29 18:00:00,0 days 06:00:00,13.23,-100.41,1006.0,33.6,69.75524139404297,8.054133415222168,5.218618869781494,0.0,4.169253349304199,0.097188756,0.08976662,0.0,0.0,0.06778439,0.0,0.0,0.0
2025-06-29 12:00:00,EP062025,23.0,2025-06-30 00:00:00,0 days 12:00:00,13.87,-100.83,999.1,43.5,83.70462036132812,78.419677734375,65.4652099609375,46.764381408691406,59.15458297729492,0.89646816,0.0,0.0,0.0,0.0,0.0,0.0,0.0
2025-06-29 12:00:00,EP062025,23.0,2025-06-30 06:00:00,0 days 18:00:00,14.6,-101.62,998.1,51.3,41.36184310913086,97.62155151367188,79.1279525756836,53.1558723449707,75.89437103271484,19.417313,13.949986,8.829707,13.543838,0.0,0.0,0.0,0.0
2025-06-29 12:00:00,EP062025,23.0,2025-06-30 12:00:00,1 days 00:00:00,15.14,-102.4,987.2,67.7,47.38292694091797,125.4833526611328,109.3514633178711,71.49596405029297,100.81005859375,47.808727,38.881104,27.6341,36.558205,11.240086,9.047749,6.9240527,8.766066
2025-06-29 12:00:00,EP062025,23.0,2025-06-30 18:00:00,1 days 06:00:00,15.99,-103.23,981.4,77.9,20.11026954650879,122.16715240478516,105.20421600341795,77.71053314208984,101.71849060058594,57.217976,48.834545,37.555157,47.411884,24.814093,21.50059,18.090466,21.373909
2025-06-29 12:00:00,EP062025,23.0,2025-07-01 00:00:00,1 days 12:00:00,16.68,-104.04,979.7,79.2,26.31705093383789,127.5425033569336,115.0919418334961,87.39669799804688,106.85746002197266,61.22908,54.493584,44.60294,54.097923,36.57465,32.54865,27.843313,32.124447
2025-06-29 12:00:00,EP062025,23.0,2025-07-01 06:00:00,1 days 18:00:00,17.3,-104.75,976.5,84.9,18.821352005004883,128.28929138183594,115.85848236083984,85.75084686279297,109.42902374267578,57.590134,50.04831,40.192265,49.655964,30.77895,26.858831,22.92714,26.737535
2025-06-29 12:00:00,EP062025,23.0,2025-07-01 12:00:00,2 days 00:00:00,18.0,-105.42,979.4,77.9,19.366331100463867,118.12571716308594,103.62197875976562,72.44131469726562,97.89358520507812,54.24068,46.001785,35.058205,45.207054,22.73312,19.857252,16.400166,19.626808
2025-06-29 12:00:00,EP062025,23.0,2025-07-01 18:00:00,2 days 06:00:00,18.47,-106.23,970.6,90.3,42.59438705444336,120.84709167480467,106.13944244384766,80.4621353149414,105.62569427490234,55.566658,47.008266,39.558014,49.524643,32.076443,27.95561,24.029982,28.406473
2025-06-29 12:00:00,EP062025,23.0,2025-07-02 00:00:00,2 days 12:00:00,19.0,-106.73,970.0,91.9,26.711759567260746,114.82269287109376,102.43468475341795,73.88931274414062,96.1907958984375,50.174423,42.33466,33.34057,42.851353,27.829409,24.205166,20.164244,24.234058
2025-06-29 12:00:00,EP062025,23.0,2025-07-02 06:00:00,2 days 18:00:00,19.87,-107.57,976.2,81.7,28.16399574279785,94.06893920898438,85.55130004882812,60.260009765625,79.68403625488281,49.040527,42.69812,34.26602,42.17998,26.502985,23.152111,19.427652,23.065094
2025-06-29 12:00:00,EP062025,23.0,2025-07-02 12:00:00,3 days 00:00:00,20.44,-108.09,982.6,73.8,47.96466064453125,85.4430923461914,76.3499984741211,54.31325149536133,74.28417205810547,44.63368,38.161594,30.299149,38.697598,23.222242,20.036741,16.58313,20.24666
2025-06-29 12:00:00,EP062025,23.0,2025-07-02 18:00:00,3 days 06:00:00,20.78,-108.55,985.0,74.0,18.27404022216797,101.39584350585938,91.29569244384766,66.61691284179688,85.86875915527344,52.286316,45.811478,36.500973,44.284004,25.244848,22.564352,18.75907,22.074774
2025-06-29 12:00:00,EP062025,23.0,2025-07-03 00:00:00,3 days 12:00:00,21.49,-109.13,987.5,65.5,40.64717864990234,86.0475082397461,77.23548126220703,55.957275390625,71.6341323852539,45.43255,40.197094,31.65085,38.49412,20.410875,18.231995,14.936537,17.53323
2025-06-29 12:00:00,EP062025,23.0,2025-07-03 06:00:00,3 days 18:00:00,22.06,-109.53,993.2,56.9,50.08832550048828,97.66194152832033,81.67778015136719,56.391746520996094,84.23213195800781,47.479458,39.566383,30.131857,38.167732,13.757237,11.359501,8.643594,11.220759
2025-06-29 12:00:00,EP062025,23.0,2025-07-03 12:00:00,4 days 00:00:00,23.11,-110.04,992.9,57.2,20.598297119140625,85.4737548828125,73.98126220703125,54.94011306762695,67.92922973632812,24.976572,20.237879,13.261051,18.202415,1.4593755,1.1192651,0.0,0.6308576
2025-06-29 12:00:00,EP062025,23.0,2025-07-03 18:00:00,4 days 06:00:00,23.69,-110.23,995.6,52.4,52.45340347290039,85.2981948852539,70.7043228149414,44.87470245361328,69.98810577392578,48.35563,41.745697,31.06908,38.72082,12.110116,10.655881,7.77681,9.88462
2025-06-29 12:00:00,EP062025,23.0,2025-07-04 00:00:00,4 days 12:00:00,24.77,-110.48,1001.7,40.0,71.28915405273438,44.98158264160156,39.38116455078125,18.84580421447754,33.128135681152344,18.512793,15.246602,10.560789,12.840698,1.1771997,0.74363124,0.0,0.37172034
2025-06-29 12:00:00,EP062025,23.0,2025-07-04 06:00:00,4 days 18:00:00,25.55,-110.63,1006.4,35.3,45.37437438964844,17.12495231628418,13.41976547241211,1.6040087938308716,10.768668174743652,1.3076049,0.3225522,0.0,0.2962197,0.27713826,0.12470557,0.0824812,0.0019959912
2025-06-29 12:00:00,EP062025,23.0,2025-07-04 12:00:00,5 days 00:00:00,26.36,-110.9,1007.5,27.6,47.04185104370117,2.756248712539673,3.000283718109131,0.0,0.0,0.5327664,0.4123538,0.5021469,0.70129824,0.29947934,0.22332497,0.12231852,0.23485157
2025-06-29 12:00:00,EP062025,23.0,2025-07-04 18:00:00,5 days 06:00:00,26.79,-111.16,1004.9,30.4,86.78662872314453,4.623819351196289,3.2553842067718506,0.3960097730159759,1.5862922668457031,2.524814,1.3282304,1.3941822,2.187823,0.38175187,0.08655903,0.14396109,0.39467195
2025-06-29 12:00:00,EP062025,23.0,2025-07-05 00:00:00,5 days 12:00:00,27.02,-111.16,1006.8,28.5,48.56827545166016,0.2564297616481781,1.17221200466156,0.8327382206916809,0.0,1.0017711,0.8586655,0.92086697,1.2766547,0.31274292,0.13652048,0.13854828,0.19154048
2025-06-29 12:00:00,EP062025,23.0,2025-07-05 06:00:00,5 days 18:00:00,27.38,-111.47,1010.5,27.0,63.84243774414063,3.1444849967956543,0.5098159909248352,0.0,0.0,0.18770637,0.0,0.0,0.41473207,0.6678905,0.27425918,0.19447224,0.54474473
2025-06-29 12:00:00,AL022025,24.0,2025-06-29 12:00:00,0 days 00:00:00,20.1,-96.0,1008.0,35.0,56.0,56.0,0.0,0.0,0.0,,,,,,,,
2025-06-29 12:00:00,EP062025,24.0,2025-06-29 12:00:00,0 days 00:00:00,13.2,-99.7,1005.0,35.0,167.0,167.0,37.0,0.0,0.0,,,,,,,,
2025-06-29 12:00:00,EP062025,24.0,2025-06-29 18:00:00,0 days 06:00:00,13.67,-100.84,1004.9,35.1,93.14996337890624,14.17461395263672,14.134621620178224,6.903679847717285,6.901210784912109,0.0032591661,0.80815107,0.04367389,0.0,0.0,0.010848871,0.0,0.0010828077
2025-06-29 12:00:00,EP062025,24.0,2025-06-30 00:00:00,0 days 12:00:00,13.89,-101.29,998.4,49.2,46.35307312011719,60.92789840698242,47.596946716308594,31.10296440124512,45.6154899597168,4.6419187,2.694784,0.41317773,2.8269722,0.0,0.0,0.0,0.0
2025-06-29 12:00:00,EP062025,24.0,2025-06-30 06:00:00,0 days 18:00:00,14.5,-101.64,1001.9,38.8,88.35173034667969,31.524494171142575,23.406810760498047,12.83684539794922,22.62293243408203,0.46478903,0.030761626,0.0,0.30189726,0.0,0.0,0.0054800417,0.025444962
2025-06-29 12:00:00,EP062025,24.0,2025-06-30 12:00:00,1 days 00:00:00,15.15,-102.39,998.9,49.3,68.00723266601562,119.15284729003906,101.85457611083984,66.57891082763672,91.28020477294922,17.20223,12.863982,7.3814235,11.303546,0.22308365,0.0,0.0,0.0
2025-06-29 12:00:00,EP062025,24.0,2025-06-30 18:00:00,1 days 06:00:00,16.02,-103.06,994.0,58.0,28.90843391418457,104.57587432861328,86.61536407470703,57.163482666015625,81.35121154785156,19.072153,13.092371,7.2612276,13.084938,0.0,0.0,0.0,0.0
2025-06-29 12:00:00,EP062025,24.0,2025-07-01 00:00:00,1 days 12:00:00,16.46,-103.76,985.9,67.7,47.43706893920898,134.98817443847656,112.3515853881836,79.01556396484375,115.23106384277344,65.0488,54.0284,42.1663,54.189083,26.21672,22.371597,18.589231,22.405392
2025-06-29 12:00:00,EP062025,24.0,2025-07-01 06:00:00,1 days 18:00:00,17.03,-104.73,988.8,64.7,30.85848045349121,110.72106170654295,90.98686981201172,59.7490463256836,91.53336334228516,40.84855,32.761436,23.057419,31.2237,6.609005,4.9929333,3.0191355,4.855606
2025-06-29 12:00:00,EP062025,24.0,2025-07-01 12:00:00,2 days 00:00:00,17.7,-105.27,975.5,83.2,21.90114974975586,99.97444152832033,88.9850082397461,61.72574234008789,83.50215911865234,44.678734,37.054157,28.221235,36.582314,19.65162,16.723085,14.098634,16.949722
2025-06-29 12:00:00,EP062025,24.0,2025-07-01 18:00:00,2 days 06:00:00,18.2,-105.9,986.8,63.7,43.98868560791016,123.18748474121094,103.9964370727539,76.40921020507812,106.10509490966795,72.92198,63.80191,51.619225,62.248863,30.653055,27.511995,22.899805,26.633368
2025-06-29 12:00:00,EP062025,24.0,2025-07-02 00:00:00,2 days 12:00:00,18.88,-106.45,982.9,72.3,25.183387756347656,107.25038146972656,90.52245330810548,61.226165771484375,85.61155700683594,48.95898,41.58138,31.08603,40.979042,22.692919,19.363098,15.961818,19.453281
2025-06-29 12:00:00,EP062025,24.0,2025-07-02 06:00:00,2 days 18:00:00,19.41,-107.13,981.0,76.5,14.282190322875977,88.60049438476562,74.20976257324219,46.22433853149414,75.8030776977539,42.356285,34.397854,26.523651,35.473778,18.612501,15.951184,12.851192,16.27898
2025-06-29 12:00:00,EP062025,24.0,2025-07-02 12:00:00,3 days 00:00:00,20.17,-108.19,984.8,69.3,38.977142333984375,96.69712829589844,87.82587432861328,63.8870964050293,80.5672378540039,49.329235,43.50761,34.09462,42.165726,22.669395,20.120317,16.575201,19.603474
2025-06-29 12:00:00,EP062025,24.0,2025-07-02 18:00:00,3 days 06:00:00,20.79,-109.08,983.4,71.7,21.95185089111328,74.5774917602539,63.73871994018555,48.78068542480469,65.86823272705078,37.06183,29.986584,24.143555,30.56832,14.438046,12.157538,10.126882,12.432337
2025-06-29 12:00:00,EP062025,24.0,2025-07-03 00:00:00,3 days 12:00:00,21.29,-109.5,1002.6,40.5,58.94380187988281,31.33912467956543,23.61414337158203,11.824055671691896,20.98062515258789,2.4293783,1.1798735,0.0,1.8305207,0.08412459,0.0,0.0,0.0
2025-06-29 12:00:00,EP062025,24.0,2025-07-03 06:00:00,3 days 18:00:00,21.74,-110.33,1002.0,38.8,43.78714370727539,37.94270706176758,30.976903915405277,18.67050170898437,27.15984344482422,1.2653167,0.5556,0.0,0.8074222,0.04364306,0.0,0.0,0.023502227
2025-06-29 12:00:00,EP062025,24.0,2025-07-03 12:00:00,4 days 00:00:00,22.32,-110.9,1003.6,36.4,39.99071502685547,9.125767707824709,8.173470497131348,3.5019402503967285,6.078734397888184,0.99394345,0.94976217,0.27677536,0.54715216,0.0,0.020145332,0.014163563,0.0
2025-06-29 12:00:00,EP062025,24.0,2025-07-03 18:00:00,4 days 06:00:00,22.57,-111.5,1005.8,31.6,52.34189987182617,15.742025375366213,10.75165557861328,5.24669885635376,9.912290573120115,0.51237833,0.22790636,0.07106395,0.25845444,0.06267266,0.091000795,0.19766314,0.05072996
2025-06-29 12:00:00,EP062025,24.0,2025-07-04 00:00:00,4 days 12:00:00,22.83,-112.72,1006.1,29.0,51.81198120117188,0.7636275887489319,0.5930765867233276,0.0,0.0,0.0,0.0,0.0,0.0,0.0,0.0,0.013556542,0.0
2025-06-29 12:00:00,EP062025,24.0,2025-07-04 06:00:00,4 days 18:00:00,22.85,-113.09,1009.8,25.5,61.72157287597656,0.0,1.4820570945739746,0.0576332062482833,0.0,0.0,0.039953116,0.0,0.0,0.0,0.016782824,0.047035795,0.0
2025-06-29 12:00:00,EP062025,24.0,2025-07-04 12:00:00,5 days 00:00:00,23.4,-114.07,1009.1,23.4,103.07283020019533,0.0,0.0,1.0807034969329834,0.0,0.0,0.06581159,0.0,0.0,0.0,0.0,0.0,0.0
2025-06-29 12:00:00,EP062025,24.0,2025-07-04 18:00:00,5 days 06:00:00,23.28,-114.91,1006.6,22.1,41.337440490722656,2.034658908843994,0.0,3.291277885437012,1.199553370475769,0.0,0.34175414,0.46866944,0.9766346,0.0,0.0,0.0,0.0
2025-06-29 12:00:00,AL022025,25.0,2025-06-29 12:00:00,0 days 00:00:00,20.1,-96.0,1008.0,35.0,56.0,56.0,0.0,0.0,0.0,,,,,,,,
2025-06-29 12:00:00,AL022025,25.0,2025-06-29 18:00:00,0 days 06:00:00,20.61,-96.62,1008.1,28.8,109.0805892944336,15.452285766601562,11.36954116821289,5.543549537658691,10.351523399353027,1.8415886,1.5871626,0.8311327,1.6445031,0.0,0.0,0.0,0.0
2025-06-29 12:00:00,AL022025,25.0,2025-06-30 00:00:00,0 days 12:00:00,21.1,-96.86,1005.0,30.2,98.9356460571289,10.31679344177246,5.015150547027588,0.0,4.57283353805542,1.8866824,1.3026981,0.17420378,1.3981137,0.075596,0.0,0.0,0.018637193
2025-06-29 12:00:00,AL022025,25.0,2025-06-30 06:00:00,0 days 18:00:00,22.39,-97.97,1006.0,27.4,99.62250518798828,6.7489094734191895,3.150937080383301,0.277698278427124,3.584386348724365,0.8880929,1.1825545,0.6214887,1.0348701,0.15682168,0.12896013,0.115010515,0.029774483
2025-06-29 12:00:00,AL022025,25.0,2025-06-30 12:00:00,1 days 00:00:00,22.32,-99.05,1005.2,28.8,110.74354553222656,3.7625229358673096,2.2278082370758057,0.0,0.0,1.5673137,1.7365798,0.5200123,1.112204,0.89260024,0.8298876,0.3856596,0.43702874
2025-06-29 12:00:00,AL022025,25.0,2025-06-30 18:00:00,1 days 06:00:00,17.36,-102.9,991.0,63.2,24.35215759277344,135.40740966796875,113.76322174072266,83.61322784423828,110.57840728759766,48.858135,39.60389,27.940434,37.146996,8.002972,6.408431,4.3763533,6.037429
2025-06-29 12:00:00,AL022025,25.0,2025-07-01 00:00:00,1 days 12:00:00,16.66,-104.38,982.1,75.8,27.957256317138672,124.56848907470705,111.00109100341795,84.08802795410156,103.31280517578124,57.68769,50.735954,39.86842,49.202454,29.40958,25.704664,21.679464,25.405571
2025-06-29 12:00:00,AL022025,25.0,2025-07-01 06:00:00,1 days 18:00:00,17.67,-105.2,974.9,84.2,25.18037796020508,139.3688507080078,126.34564208984376,96.09187316894533,121.3398895263672,65.95835,57.815105,48.174664,57.74523,37.69079,32.865086,28.323635,32.439754
2025-06-29 12:00:00,AL022025,25.0,2025-07-01 12:00:00,2 days 00:00:00,18.06,-105.88,979.8,78.9,46.09710693359375,150.93145751953125,128.2307891845703,91.52127838134766,127.74327087402344,72.6917,61.011383,48.621006,61.7211,33.120247,28.588202,23.793625,28.542868
2025-06-29 12:00:00,AL022025,25.0,2025-07-01 18:00:00,2 days 06:00:00,18.24,-106.81,978.0,82.0,26.483869552612305,93.90493774414062,80.47460174560547,55.71250915527344,78.4642333984375,45.131176,37.672737,29.588339,38.594322,22.875406,19.47313,16.297882,19.939362
2025-06-29 12:00:00,AL022025,25.0,2025-07-02 00:00:00,2 days 12:00:00,18.65,-107.25,973.2,88.1,26.99787330627441,103.33544158935548,95.04163360595705,65.29622650146484,84.49759674072266,53.06085,46.35916,37.60109,45.61816,31.624025,27.810501,23.592854,27.366293
2025-06-29 12:00:00,AL022025,25.0,2025-07-02 06:00:00,2 days 18:00:00,19.29,-107.7,983.1,73.8,21.54891586303711,87.9984359741211,79.17681884765625,53.21745300292969,73.22728729248047,42.668686,37.108578,29.271744,35.94337,21.078218,18.648851,15.508247,18.34888
2025-06-29 12:00:00,AL022025,25.0,2025-07-02 12:00:00,3 days 00:00:00,19.73,-107.39,983.3,70.6,32.77128601074219,111.88285064697266,107.9888916015625,75.61304473876953,92.43832397460938,50.392162,44.6942,34.588856,40.593876,20.529505,18.078728,14.658931,17.198599
2025-06-29 12:00:00,AL022025,25.0,2025-07-02 18:00:00,3 days 06:00:00,20.55,-108.1,978.3,78.0,35.965576171875,118.72032928466795,110.87982940673828,84.92970275878906,103.12898254394533,52.81203,46.484802,38.704575,45.58448,27.731468,24.726974,21.07086,24.171686
2025-06-29 12:00:00,AL022025,25.0,2025-07-03 00:00:00,3 days 12:00:00,20.64,-108.53,1000.3,45.3,46.38892364501953,66.01676177978516,55.90119171142578,36.92232131958008,48.73849105834961,2.5095294,1.2185082,0.0,1.0662043,0.114801355,0.03266108,0.0,0.09177731
2025-06-29 12:00:00,AL022025,25.0,2025-07-03 06:00:00,3 days 18:00:00,21.34,-108.76,999.9,43.9,66.0077896118164,74.5467529296875,62.947532653808594,41.5985107421875,61.237064361572266,21.827896,16.870186,11.964896,15.966859,0.625355,0.24059162,0.0,0.18802659
2025-06-29 12:00:00,AL022025,25.0,2025-07-03 12:00:00,4 days 00:00:00,22.04,-108.98,1002.1,39.4,44.27749252319336,58.12728118896485,50.66704559326172,35.39078903198242,42.117958068847656,0.8293206,0.5954455,0.091669016,0.34856436,0.0,0.18887618,0.14797772,0.12000566
2025-06-29 12:00:00,AL022025,25.0,2025-07-03 18:00:00,4 days 06:00:00,22.98,-109.22,1004.1,39.9,47.23657989501953,69.93568420410156,59.46017837524414,38.419864654541016,51.889766693115234,8.748613,6.0171323,3.176319,5.175134,0.030760776,0.05671025,0.0703155,0.0
2025-06-29 12:00:00,AL022025,25.0,2025-07-04 00:00:00,4 days 12:00:00,24.16,-109.37,999.3,44.0,65.94347381591797,63.137054443359375,53.25435256958008,30.12238311767578,48.8519401550293,20.980492,17.083351,12.069591,14.950967,0.8822644,0.44631723,0.0,0.1410382
2025-06-29 12:00:00,AL022025,25.0,2025-07-04 06:00:00,4 days 18:00:00,25.24,-109.77,1001.5,43.2,40.50306701660156,62.44807815551758,54.42950820922852,30.392457962036133,45.85500717163086,4.9262853,3.2298703,1.0077811,2.5568821,0.38904136,0.3343074,0.36652017,0.18429933
2025-06-29 12:00:00,AL022025,25.0,2025-07-04 12:00:00,5 days 00:00:00,26.1,-109.83,1001.6,41.9,63.73564147949219,105.3095932006836,91.94690704345705,59.59147262573242,85.16482543945312,34.598576,28.661587,20.707912,24.820017,1.63476,1.1059843,0.0,0.38910443
2025-06-29 12:00:00,AL022025,25.0,2025-07-04 18:00:00,5 days 06:00:00,27.1,-109.87,1000.9,41.4,70.70563507080078,34.0350456237793,28.146221160888672,14.363195419311523,25.77371406555176,5.660144,3.799191,1.8178391,3.4057052,0.33125514,0.11815314,0.18005106,0.11142417
2025-06-29 12:00:00,AL022025,25.0,2025-07-05 00:00:00,5 days 12:00:00,27.78,-110.34,1004.4,33.3,40.44275665283203,1.83527934551239,3.12831711769104,0.0,0.0,0.29835778,0.23394607,0.27002376,0.0,0.1366655,0.18927056,0.34160164,0.12196534
2025-06-29 12:00:00,AL022025,25.0,2025-07-05 06:00:00,5 days 18:00:00,28.38,-110.7,1007.0,24.1,105.98429870605467,2.867826461791992,2.23176383972168,0.0,0.0,0.67636144,0.15500584,0.4306671,0.617125,0.410567,0.2668783,0.3821473,0.499055
2025-06-29 12:00:00,AL022025,25.0,2025-07-05 12:00:00,6 days 00:00:00,28.19,-110.38,1012.7,23.3,75.06114959716797,0.0,0.0,0.929569125175476,0.0,0.6502426,0.12382619,0.34919745,0.24443568,0.83500624,0.7620865,0.76117784,0.8037187
2025-06-29 12:00:00,EP062025,25.0,2025-06-29 12:00:00,0 days 00:00:00,13.2,-99.7,1005.0,35.0,167.0,167.0,37.0,0.0,0.0,,,,,,,,
2025-06-29 12:00:00,EP062025,25.0,2025-06-29 18:00:00,0 days 06:00:00,13.55,-100.49,1005.0,33.9,99.12712097167967,16.625158309936523,11.593281745910645,6.832198619842529,12.052841186523438,0.0,0.0,0.0,0.034661893,0.05756065,0.0,0.040226005,0.0
2025-06-29 12:00:00,EP062025,25.0,2025-06-30 00:00:00,0 days 12:00:00,13.87,-100.79,1003.1,36.7,85.07599639892578,17.125144958496094,11.75485897064209,3.8661410808563232,10.7609281539917,0.5353474,0.29569378,0.0,0.10712257,0.14808647,0.0,0.0,0.0
2025-06-29 12:00:00,EP062025,25.0,2025-06-30 06:00:00,0 days 18:00:00,14.14,-101.65,998.6,48.5,73.82856750488281,69.24925231933594,57.32462692260742,35.86137008666992,51.36652755737305,2.5257967,0.7057621,0.0,1.3691815,0.0,0.0,0.0,0.0
2025-06-29 12:00:00,EP062025,25.0,2025-06-30 12:00:00,1 days 00:00:00,15.28,-102.66,996.0,51.4,59.1418342590332,100.4485092163086,81.76777648925781,53.298824310302734,81.2419662475586,28.941818,22.279306,13.892058,20.655552,0.17000733,0.0,0.0,0.0
2025-06-29 12:00:00,EP062025,25.0,2025-06-30 18:00:00,1 days 06:00:00,15.95,-103.28,991.1,63.1,24.64106559753418,134.75111389160156,113.21770477294922,83.18624114990234,110.03665924072266,48.613003,39.40248,27.797321,36.959408,7.9590487,6.372837,4.3517556,6.003824
2025-06-29 12:00:00,EP062025,25.0,2025-07-01 00:00:00,1 days 12:00:00,16.66,-104.38,982.1,75.8,27.957256317138672,124.56848907470705,111.00109100341795,84.08802795410156,103.31280517578124,57.68769,50.735954,39.86842,49.202454,29.40958,25.704664,21.679464,25.405571
2025-06-29 12:00:00,EP062025,25.0,2025-07-01 06:00:00,1 days 18:00:00,17.67,-105.2,974.9,84.2,25.18037796020508,139.3688507080078,126.34564208984376,96.09187316894533,121.3398895263672,65.95835,57.815105,48.174664,57.74523,37.69079,32.865086,28.323635,32.439754
2025-06-29 12:00:00,EP062025,25.0,2025-07-01 12:00:00,2 days 00:00:00,18.06,-105.88,979.8,78.9,46.09710693359375,150.93145751953125,128.2307891845703,91.52127838134766,127.74327087402344,72.6917,61.011383,48.621006,61.7211,33.120247,28.588202,23.793625,28.542868
2025-06-29 12:00:00,EP062025,25.0,2025-07-01 18:00:00,2 days 06:00:00,18.24,-106.81,978.0,82.0,26.483869552612305,93.90493774414062,80.47460174560547,55.71250915527344,78.4642333984375,45.131176,37.672737,29.588339,38.594322,22.875406,19.47313,16.297882,19.939362
2025-06-29 12:00:00,EP062025,25.0,2025-07-02 00:00:00,2 days 12:00:00,18.65,-107.25,973.2,88.1,26.99787330627441,103.33544158935548,95.04163360595705,65.29622650146484,84.49759674072266,53.06085,46.35916,37.60109,45.61816,31.624025,27.810501,23.592854,27.366293
2025-06-29 12:00:00,EP062025,25.0,2025-07-02 06:00:00,2 days 18:00:00,19.29,-107.7,983.1,73.8,21.54891586303711,87.9984359741211,79.17681884765625,53.21745300292969,73.22728729248047,42.668686,37.108578,29.271744,35.94337,21.078218,18.648851,15.508247,18.34888
2025-06-29 12:00:00,EP062025,25.0,2025-07-02 12:00:00,3 days 00:00:00,19.73,-107.39,983.3,70.6,32.77128601074219,111.88285064697266,107.9888916015625,75.61304473876953,92.43832397460938,50.392162,44.6942,34.588856,40.593876,20.529505,18.078728,14.658931,17.198599
2025-06-29 12:00:00,EP062025,25.0,2025-07-02 18:00:00,3 days 06:00:00,20.55,-108.1,978.3,78.0,35.965576171875,118.72032928466795,110.87982940673828,84.92970275878906,103.12898254394533,52.81203,46.484802,38.704575,45.58448,27.731468,24.726974,21.07086,24.171686
2025-06-29 12:00:00,EP062025,25.0,2025-07-03 00:00:00,3 days 12:00:00,20.64,-108.53,1000.3,45.3,46.38892364501953,66.01676177978516,55.90119171142578,36.92232131958008,48.73849105834961,2.5095294,1.2185082,0.0,1.0662043,0.114801355,0.03266108,0.0,0.09177731
2025-06-29 12:00:00,EP062025,25.0,2025-07-03 06:00:00,3 days 18:00:00,21.34,-108.76,999.9,43.9,66.0077896118164,74.5467529296875,62.947532653808594,41.5985107421875,61.237064361572266,21.827896,16.870186,11.964896,15.966859,0.625355,0.24059162,0.0,0.18802659
2025-06-29 12:00:00,EP062025,25.0,2025-07-03 12:00:00,4 days 00:00:00,22.04,-108.98,1002.1,39.4,44.27749252319336,58.12728118896485,50.66704559326172,35.39078903198242,42.117958068847656,0.8293206,0.5954455,0.091669016,0.34856436,0.0,0.18887618,0.14797772,0.12000566
2025-06-29 12:00:00,EP062025,25.0,2025-07-03 18:00:00,4 days 06:00:00,22.98,-109.22,1004.1,39.9,47.23657989501953,69.93568420410156,59.46017837524414,38.419864654541016,51.889766693115234,8.748613,6.0171323,3.176319,5.175134,0.030760776,0.05671025,0.0703155,0.0
2025-06-29 12:00:00,EP062025,25.0,2025-07-04 00:00:00,4 days 12:00:00,24.16,-109.37,999.3,44.0,65.94347381591797,63.137054443359375,53.25435256958008,30.12238311767578,48.8519401550293,20.980492,17.083351,12.069591,14.950967,0.8822644,0.44631723,0.0,0.1410382
2025-06-29 12:00:00,EP062025,25.0,2025-07-04 06:00:00,4 days 18:00:00,25.24,-109.77,1001.5,43.2,40.50306701660156,62.44807815551758,54.42950820922852,30.392457962036133,45.85500717163086,4.9262853,3.2298703,1.0077811,2.5568821,0.38904136,0.3343074,0.36652017,0.18429933
2025-06-29 12:00:00,EP062025,25.0,2025-07-04 12:00:00,5 days 00:00:00,26.1,-109.83,1001.6,41.9,63.73564147949219,105.3095932006836,91.94690704345705,59.59147262573242,85.16482543945312,34.598576,28.661587,20.707912,24.820017,1.63476,1.1059843,0.0,0.38910443
2025-06-29 12:00:00,EP062025,25.0,2025-07-04 18:00:00,5 days 06:00:00,27.1,-109.87,1000.9,41.4,70.70563507080078,34.0350456237793,28.146221160888672,14.363195419311523,25.77371406555176,5.660144,3.799191,1.8178391,3.4057052,0.33125514,0.11815314,0.18005106,0.11142417
2025-06-29 12:00:00,EP062025,25.0,2025-07-05 00:00:00,5 days 12:00:00,27.78,-110.34,1004.4,33.3,40.44275665283203,1.83527934551239,3.12831711769104,0.0,0.0,0.29835778,0.23394607,0.27002376,0.0,0.1366655,0.18927056,0.34160164,0.12196534
2025-06-29 12:00:00,EP062025,25.0,2025-07-05 06:00:00,5 days 18:00:00,28.38,-110.7,1007.0,24.1,105.98429870605467,2.867826461791992,2.23176383972168,0.0,0.0,0.67636144,0.15500584,0.4306671,0.617125,0.410567,0.2668783,0.3821473,0.499055
2025-06-29 12:00:00,EP062025,25.0,2025-07-05 12:00:00,6 days 00:00:00,28.19,-110.38,1012.7,23.3,75.06114959716797,0.0,0.0,0.929569125175476,0.0,0.6502426,0.12382619,0.34919745,0.24443568,0.83500624,0.7620865,0.76117784,0.8037187
2025-06-29 12:00:00,AL022025,26.0,2025-06-29 12:00:00,0 days 00:00:00,20.1,-96.0,1008.0,35.0,56.0,56.0,0.0,0.0,0.0,,,,,,,,
2025-06-29 12:00:00,AL022025,26.0,2025-06-29 18:00:00,0 days 06:00:00,21.29,-96.77,1008.1,26.3,74.93115997314453,0.9058711528778076,0.0,0.0,0.113250121474266,0.0,0.024236782,0.0,0.0,0.032290038,0.2832127,0.09216288,0.028448394
2025-06-29 12:00:00,EP062025,26.0,2025-06-29 12:00:00,0 days 00:00:00,13.2,-99.7,1005.0,35.0,167.0,167.0,37.0,0.0,0.0,,,,,,,,
2025-06-29 12:00:00,EP062025,26.0,2025-06-29 18:00:00,0 days 06:00:00,13.4,-100.35,1003.5,34.5,65.76048278808594,11.017972946166992,7.046867847442627,0.3672990798950195,7.614644527435303,0.20238514,0.0,0.0,0.0,0.030528406,0.0011664713,0.0,0.0
2025-06-29 12:00:00,EP062025,26.0,2025-06-30 00:00:00,0 days 12:00:00,13.54,-100.93,1003.7,38.1,100.69683837890624,32.30249786376953,24.53851890563965,11.452043533325195,23.19586181640625,0.2145187,0.0,0.0,0.018536536,0.0,0.0,0.00755662,0.0
2025-06-29 12:00:00,EP062025,26.0,2025-06-30 06:00:00,0 days 18:00:00,14.28,-101.34,997.1,50.1,50.76455307006836,159.3909454345703,151.34295654296875,127.69123077392578,146.3023681640625,64.64714,60.123245,47.267487,52.907825,0.40812933,0.0704034,0.0,0.104100205
2025-06-29 12:00:00,EP062025,26.0,2025-06-30 12:00:00,1 days 00:00:00,15.0,-102.27,992.5,58.3,41.5361442565918,117.0143585205078,105.09642791748048,72.95132446289062,95.5761260986328,40.924515,34.91345,24.363972,31.964542,3.9419832,2.6387227,1.5192099,3.0869772
2025-06-29 12:00:00,EP062025,26.0,2025-06-30 18:00:00,1 days 06:00:00,15.73,-102.79,991.8,59.6,38.3391227722168,115.39928436279295,110.40969848632812,93.82643127441406,106.40367126464844,54.839836,48.320847,36.299618,44.204582,1.4943585,0.3049091,0.0,1.0871077
2025-06-29 12:00:00,EP062025,26.0,2025-07-01 00:00:00,1 days 12:00:00,16.97,-103.75,988.7,66.4,25.43568992614746,123.27629852294922,106.29434204101562,63.33843612670898,93.31765747070312,52.896965,43.315205,28.271053,41.62125,16.501822,12.987978,9.217758,12.991983
2025-06-29 12:00:00,EP062025,26.0,2025-07-01 06:00:00,1 days 18:00:00,17.55,-104.77,978.9,78.0,23.636499404907227,168.6940155029297,144.2907257080078,112.12879180908205,142.89198303222656,84.66983,75.82715,62.616398,74.709625,49.03046,44.27386,36.610317,42.095978
2025-06-29 12:00:00,EP062025,26.0,2025-07-01 12:00:00,2 days 00:00:00,18.37,-105.68,984.5,68.9,28.763296127319336,128.86546325683594,111.50501251220705,72.94025421142578,104.03378295898438,62.168568,53.06621,40.674213,52.78579,29.824837,25.768332,20.802967,25.161524
2025-06-29 12:00:00,EP062025,26.0,2025-07-01 18:00:00,2 days 06:00:00,18.77,-106.21,985.0,70.6,37.31977081298828,130.54078674316406,111.68099212646484,78.68363189697266,106.4207763671875,58.675823,49.39249,37.518616,48.921448,26.036753,21.995188,17.60243,21.699371
2025-06-29 12:00:00,EP062025,26.0,2025-07-02 00:00:00,2 days 12:00:00,19.73,-107.2,984.1,72.3,21.850645065307617,117.1392059326172,101.70677947998048,69.12079620361328,93.34950256347656,51.02046,43.73889,32.527897,43.08576,24.255695,20.723682,16.42275,20.321402
2025-06-29 12:00:00,EP062025,26.0,2025-07-02 06:00:00,2 days 18:00:00,20.24,-107.87,983.1,73.7,28.59809684753418,132.23805236816406,114.84764862060548,79.37079620361328,106.98592376708984,63.164394,55.12924,44.01516,54.173706,31.338137,27.222395,22.475069,26.50034
2025-06-29 12:00:00,EP062025,26.0,2025-07-02 12:00:00,3 days 00:00:00,20.91,-108.47,989.9,62.5,39.14561462402344,94.7113037109375,82.7110366821289,52.93498992919922,73.86311340332031,40.946636,35.107155,25.62082,33.180347,14.548623,11.991699,9.427945,12.028647
2025-06-29 12:00:00,EP062025,26.0,2025-07-02 18:00:00,3 days 06:00:00,21.3,-108.71,990.8,62.5,54.89253234863281,106.58078002929688,96.48943328857422,74.90062713623047,91.0812759399414,49.01714,43.251812,35.139397,42.0313,21.277678,18.663626,15.295264,17.99956
2025-06-29 12:00:00,EP062025,26.0,2025-07-03 00:00:00,3 days 12:00:00,21.74,-109.36,995.6,50.0,33.87081527709961,78.40978240966797,72.26667785644531,54.176605224609375,65.0877685546875,21.265543,18.420155,12.649658,16.33724,0.21729577,0.0,0.0,0.046696756
2025-06-29 12:00:00,EP062025,26.0,2025-07-03 06:00:00,3 days 18:00:00,22.26,-109.58,1000.3,41.5,58.81329345703125,57.80734634399414,48.08123016357422,29.75386619567871,45.98960494995117,2.019684,0.72486305,0.0,1.221486,0.2384256,0.0,0.00040143143,0.08335655
2025-06-29 12:00:00,EP062025,26.0,2025-07-03 12:00:00,4 days 00:00:00,23.15,-110.45,1004.3,32.0,43.277931213378906,15.376053810119627,14.570671081542969,10.050630569458008,12.885863304138184,0.0,0.0,0.16379839,0.1717053,0.0,0.0,0.017461233,0.0
2025-06-29 12:00:00,EP062025,26.0,2025-07-03 18:00:00,4 days 06:00:00,23.81,-110.28,1003.4,34.0,70.27508544921875,86.55863952636719,74.67443084716797,50.550289154052734,68.07872009277344,0.017739749,0.0,0.29541132,0.27707288,0.015477465,0.0,0.006076014,0.0
2025-06-29 12:00:00,EP062025,26.0,2025-07-04 00:00:00,4 days 12:00:00,24.81,-110.91,1008.1,23.4,100.3662567138672,6.2330498695373535,4.037997245788574,3.00264835357666,6.323519229888916,0.0,0.15698427,0.8805493,0.44349772,0.14789005,0.23334603,0.2745448,0.035173018
2025-06-29 12:00:00,EP062025,26.0,2025-07-04 06:00:00,4 days 18:00:00,25.22,-110.97,1005.5,30.3,39.71169662475586,2.551490306854248,2.84887433052063,0.0,3.3556857109069824,0.05981126,0.15622471,0.61636615,0.37158665,0.30265254,0.1668222,0.21713486,0.111399345
2025-06-29 12:00:00,EP062025,26.0,2025-07-04 12:00:00,5 days 00:00:00,25.71,-111.26,1007.9,25.2,44.993690490722656,2.9562296867370605,1.6646461486816406,1.158409833908081,4.477904319763184,0.298427,0.2509134,0.96255106,0.4985939,0.2405962,0.21306266,0.3165722,0.15678866
2025-06-29 12:00:00,EP062025,26.0,2025-07-04 18:00:00,5 days 06:00:00,26.23,-111.26,1009.7,21.9,56.74479293823242,0.0,0.184654489159584,0.2907597124576568,3.229122400283813,0.0,0.0,0.7080223,0.057536565,0.020641744,0.279067,0.30182907,0.16413829
2025-06-29 12:00:00,AL022025,27.0,2025-06-29 12:00:00,0 days 00:00:00,20.1,-96.0,1008.0,35.0,56.0,56.0,0.0,0.0,0.0,,,,,,,,
2025-06-29 12:00:00,EP062025,27.0,2025-06-29 12:00:00,0 days 00:00:00,13.2,-99.7,1005.0,35.0,167.0,167.0,37.0,0.0,0.0,,,,,,,,
2025-06-29 12:00:00,EP062025,27.0,2025-06-29 18:00:00,0 days 06:00:00,13.27,-100.26,1003.0,37.0,67.31595611572266,13.740259170532228,10.47836971282959,4.85678768157959,10.075858116149902,0.101536825,0.0,0.0,0.048432156,0.10059945,0.0,0.0,0.0
2025-06-29 12:00:00,EP062025,27.0,2025-06-30 00:00:00,0 days 12:00:00,13.52,-100.94,1000.4,42.5,45.78694534301758,30.5333309173584,22.693395614624023,11.207427978515623,22.38762092590332,2.0281048,1.0700178,0.0,1.0429897,0.112733394,0.0,0.0,0.0
2025-06-29 12:00:00,EP062025,27.0,2025-06-30 06:00:00,0 days 18:00:00,14.15,-101.43,997.3,52.8,66.74207305908203,74.57099914550781,61.02450942993164,35.633941650390625,56.05659866333008,4.184,1.8859966,0.13022706,2.6824808,0.14132196,0.0,0.0,0.075730294
2025-06-29 12:00:00,EP062025,27.0,2025-06-30 12:00:00,1 days 00:00:00,14.46,-102.02,995.9,54.3,44.76828384399414,103.62648010253906,90.35696411132812,65.05721282958984,84.35521697998047,34.99341,30.569162,22.99343,27.601614,2.3732047,1.5741001,0.9601996,1.7122777
2025-06-29 12:00:00,EP062025,27.0,2025-06-30 18:00:00,1 days 06:00:00,15.11,-102.58,998.7,47.9,69.68991088867188,95.57111358642578,80.96238708496094,49.889156341552734,73.2156982421875,3.6525471,0.69457746,0.0,1.7683396,0.39760005,0.061822914,0.0,0.085409425
2025-06-29 12:00:00,EP062025,27.0,2025-07-01 00:00:00,1 days 12:00:00,15.98,-103.55,988.3,65.3,34.681251525878906,101.59699249267578,85.84089660644531,52.43496322631836,78.18230438232422,44.940693,36.977047,26.13095,36.22662,17.001194,13.927416,10.833837,13.921475
2025-06-29 12:00:00,EP062025,27.0,2025-07-01 06:00:00,1 days 18:00:00,16.85,-104.45,984.4,72.6,39.863277435302734,144.97019958496094,122.28536224365234,81.18378448486328,117.8663558959961,69.429695,58.118256,42.74348,58.36869,33.188213,28.025394,22.128641,27.80121
2025-06-29 12:00:00,EP062025,27.0,2025-07-01 12:00:00,2 days 00:00:00,17.5,-105.12,995.5,55.4,32.10902786254883,131.4265899658203,114.37104034423828,74.9968490600586,105.81959533691406,55.30616,45.93332,31.006823,43.20117,7.009933,4.6384106,2.6619444,5.2054753
2025-06-29 12:00:00,EP062025,27.0,2025-07-01 18:00:00,2 days 06:00:00,18.19,-106.02,985.4,71.5,44.34648513793945,159.4199981689453,137.63189697265625,87.93212127685547,129.53628540039062,77.22796,63.81445,46.75197,64.637955,35.19308,29.770357,23.362825,29.347073
2025-06-29 12:00:00,EP062025,27.0,2025-07-02 00:00:00,2 days 12:00:00,19.07,-106.82,978.5,84.3,23.248123168945312,159.8689727783203,141.16357421875,93.37464904785156,131.4658203125,75.594666,63.045216,46.24375,62.90232,37.124355,31.58283,25.062288,30.974014
2025-06-29 12:00:00,EP062025,27.0,2025-07-02 06:00:00,2 days 18:00:00,19.35,-108.19,984.4,75.4,37.48929977416992,118.0781021118164,96.08150482177734,57.15460205078125,91.56708526611328,54.72291,43.970882,32.140358,45.494267,24.523382,19.878662,15.758442,20.337854
2025-06-29 12:00:00,EP062025,27.0,2025-07-02 12:00:00,3 days 00:00:00,19.69,-108.77,984.4,69.3,39.94123077392578,105.1373291015625,96.13109588623048,67.29219818115234,86.39671325683594,50.224537,43.73109,34.139797,42.768665,23.569109,20.20804,16.636059,20.114433
2025-06-29 12:00:00,EP062025,27.0,2025-07-02 18:00:00,3 days 06:00:00,20.32,-109.13,994.9,56.8,27.362491607666016,100.46218872070312,90.53443145751952,65.7374038696289,84.96792602539062,45.26789,37.81269,27.039936,36.097942,6.0275264,3.514967,2.1238635,4.244944
2025-06-29 12:00:00,EP062025,27.0,2025-07-03 00:00:00,3 days 12:00:00,20.89,-109.52,992.1,58.0,43.8885383605957,106.6077651977539,92.66944122314452,66.73342895507812,85.88126373291016,48.859188,42.371216,31.99097,40.35733,18.11949,15.180471,12.222267,15.059359
2025-06-29 12:00:00,EP062025,27.0,2025-07-03 06:00:00,3 days 18:00:00,21.32,-110.3,996.4,50.2,46.296756744384766,70.34334564208984,58.36095428466797,36.84747314453125,53.8818473815918,7.2557917,5.0174155,2.597784,5.1605177,0.47704068,0.0,0.0,0.18337509
2025-06-29 12:00:00,EP062025,27.0,2025-07-03 12:00:00,4 days 00:00:00,21.75,-110.97,1001.9,44.4,37.089637756347656,40.67122650146485,33.67606735229492,20.954320907592773,32.87166976928711,10.097519,7.762569,4.5443397,7.1331315,0.3533577,0.0,0.0,0.088053055
2025-06-29 12:00:00,EP062025,27.0,2025-07-03 18:00:00,4 days 06:00:00,22.14,-111.26,1005.9,33.0,96.68656158447266,51.91925430297852,44.87835311889648,29.18394470214844,41.81732177734375,0.10596657,0.0,0.0,0.22385135,0.101923086,0.08273141,0.14081764,0.0
2025-06-29 12:00:00,EP062025,27.0,2025-07-04 00:00:00,4 days 12:00:00,22.84,-111.37,1005.1,31.7,71.22640991210938,26.60896873474121,22.87641716003418,13.77377986907959,19.214614868164062,0.0,0.0,0.16495158,0.0,0.0,0.0,0.06424933,0.08638436
2025-06-29 12:00:00,EP062025,27.0,2025-07-04 06:00:00,4 days 18:00:00,23.08,-111.79,1005.7,31.1,46.16227340698242,4.149859428405762,4.45703649520874,0.5803597569465637,3.183800220489502,0.0,0.059683222,0.0,0.0,0.0,0.0,0.11902876,0.059769254
2025-06-29 12:00:00,EP062025,27.0,2025-07-04 12:00:00,5 days 00:00:00,24.57,-112.26,1006.7,32.3,50.73869705200195,5.570084095001221,7.293886184692383,5.132224082946777,5.431366443634033,0.122689195,0.13446313,0.31523624,0.117253825,0.27921337,0.0,0.18461266,0.10862853
2025-06-29 12:00:00,EP062025,27.0,2025-07-04 18:00:00,5 days 06:00:00,25.45,-112.77,1009.7,23.6,80.94969177246094,6.334821224212647,5.61958122253418,3.789361953735352,6.552247047424316,0.0,0.0,0.23775175,0.19129053,0.29196697,0.06437013,0.0,0.0
2025-06-29 12:00:00,EP062025,27.0,2025-07-05 00:00:00,5 days 12:00:00,26.13,-113.57,1008.5,25.6,48.47673034667969,6.966294288635254,6.23151969909668,3.799216985702514,7.454776763916016,0.0,0.0,0.76456314,0.0,0.5866767,0.47783405,0.48724777,0.2652152
2025-06-29 12:00:00,AL022025,28.0,2025-06-29 12:00:00,0 days 00:00:00,20.1,-96.0,1008.0,35.0,56.0,56.0,0.0,0.0,0.0,,,,,,,,
2025-06-29 12:00:00,AL022025,28.0,2025-06-29 18:00:00,0 days 06:00:00,20.7,-96.34,1007.0,28.9,55.50540542602539,6.255841255187988,6.516802787780762,0.4427867829799652,3.080737590789795,0.0,0.06873613,0.0,0.0,0.0,0.34788784,0.25599158,0.058412746
2025-06-29 12:00:00,AL022025,28.0,2025-06-30 00:00:00,0 days 12:00:00,20.82,-97.63,1008.3,24.3,111.90282440185548,1.131253361701965,2.872768878936768,1.2636843919754028,1.18105947971344,0.21426955,0.35627642,0.6610657,0.0,0.1518836,0.3772437,0.4545814,0.22269137
2025-06-29 12:00:00,AL022025,28.0,2025-06-30 06:00:00,0 days 18:00:00,15.61,-100.75,996.5,53.9,53.91164016723633,113.7540283203125,102.99581909179688,82.65604400634766,98.33621215820312,39.58846,35.300632,27.55246,32.19011,3.6162162,2.539425,1.8417038,2.728398
2025-06-29 12:00:00,AL022025,28.0,2025-06-30 12:00:00,1 days 00:00:00,15.2,-102.01,995.7,51.2,38.08872985839844,87.799072265625,74.3828353881836,47.03266143798828,66.92943572998047,12.058323,9.094998,5.0308905,8.412334,0.2788678,0.10473807,0.0,0.061418083
2025-06-29 12:00:00,AL022025,28.0,2025-06-30 18:00:00,1 days 06:00:00,16.14,-102.85,992.5,58.7,35.4593505859375,109.36799621582033,97.57549285888672,62.09796142578125,89.30708312988281,47.30359,38.22893,23.857216,36.142696,3.9725208,1.6554193,0.0856117,2.417578
2025-06-29 12:00:00,AL022025,28.0,2025-07-01 00:00:00,1 days 12:00:00,17.07,-103.72,985.6,69.9,42.68170547485352,134.57611083984375,116.34464263916016,75.22272491455078,106.4613265991211,61.560112,51.922417,39.348244,51.561867,33.19481,28.958101,23.231672,27.77778
2025-06-29 12:00:00,AL022025,28.0,2025-07-01 06:00:00,1 days 18:00:00,17.77,-104.56,993.4,59.5,41.43526077270508,134.94996643066406,120.31737518310548,88.26554870605469,113.55557250976562,53.142178,46.007793,34.231503,42.703255,7.402304,5.515275,4.3333793,5.862168
2025-06-29 12:00:00,AL022025,28.0,2025-07-01 12:00:00,2 days 00:00:00,18.58,-105.75,992.9,60.0,25.61225891113281,94.50651550292967,77.00642395019531,46.45603942871094,75.36260223388672,41.93812,33.75938,23.815,34.977917,14.554803,11.41609,8.546863,11.983278
2025-06-29 12:00:00,AL022025,28.0,2025-07-01 18:00:00,2 days 06:00:00,19.24,-106.75,994.0,56.2,51.19703674316406,130.62623596191406,113.84324645996094,84.14781951904297,109.25865173339844,59.041874,50.763367,38.562702,48.322918,12.989734,10.204806,7.9040866,10.508216
2025-06-29 12:00:00,AL022025,28.0,2025-07-02 00:00:00,2 days 12:00:00,19.51,-107.37,989.6,61.8,22.198863983154297,103.28186798095705,91.66056823730467,60.572025299072266,81.79798126220703,42.667492,35.38447,24.021229,34.027782,11.284823,8.482729,6.1526723,8.920539
2025-06-29 12:00:00,AL022025,28.0,2025-07-02 06:00:00,2 days 18:00:00,19.8,-108.03,988.6,66.5,34.00657653808594,82.04157257080078,63.14818954467773,34.72421646118164,61.99442672729492,36.10173,27.5071,18.290138,29.358578,14.053342,10.344797,7.868518,11.38466
2025-06-29 12:00:00,AL022025,28.0,2025-07-02 12:00:00,3 days 00:00:00,20.41,-108.55,995.6,56.6,47.08551788330078,81.110107421875,69.91730499267578,44.826419830322266,63.72616195678711,30.740553,24.587637,16.521736,23.853472,5.5518126,3.6216307,2.419521,4.187366
2025-06-29 12:00:00,AL022025,28.0,2025-07-02 18:00:00,3 days 06:00:00,21.1,-109.08,1001.7,44.0,69.0882797241211,57.7905502319336,49.78261566162109,31.121477127075195,44.80058288574219,2.6864214,0.86808807,0.0,1.6434523,0.2593987,0.0,0.0,0.01921812
2025-06-29 12:00:00,AL022025,28.0,2025-07-03 00:00:00,3 days 12:00:00,21.39,-109.46,999.6,42.2,35.30388259887695,67.45402526855469,61.16841506958008,44.06507110595703,53.5560417175293,3.9876766,3.0720232,1.3335251,2.8233585,0.07501414,0.0,0.0,0.0
2025-06-29 12:00:00,AL022025,28.0,2025-07-03 06:00:00,3 days 18:00:00,21.44,-109.76,1000.5,45.7,67.76715850830078,61.80733489990234,50.04643249511719,31.803600311279297,46.89247131347656,0.81910646,0.0,0.0,0.3740305,0.30074206,0.028866662,0.0,0.0104373535
2025-06-29 12:00:00,AL022025,28.0,2025-07-03 12:00:00,4 days 00:00:00,21.95,-110.43,1003.0,38.2,31.962421417236328,40.54464721679688,35.29399108886719,23.1498966217041,31.43476867675781,0.8421503,0.3981724,0.0,0.27183175,0.16977568,0.08571926,0.04788793,0.0
2025-06-29 12:00:00,AL022025,28.0,2025-07-03 18:00:00,4 days 06:00:00,22.74,-110.32,1006.4,31.7,79.74455261230469,4.810103893280029,3.284218072891236,2.0750675201416016,4.749773025512695,0.383151,0.12551405,0.35884294,0.49265411,0.22333172,0.06798336,0.17087168,0.085288905
2025-06-29 12:00:00,AL022025,28.0,2025-07-04 00:00:00,4 days 12:00:00,23.3,-111.02,1006.5,30.5,92.533203125,12.984950065612791,11.799084663391112,4.664891719818115,8.155309677124023,0.38076353,0.0,0.14935516,0.14984918,0.16197228,0.066299364,0.0,0.0
2025-06-29 12:00:00,AL022025,28.0,2025-07-04 06:00:00,4 days 18:00:00,24.68,-110.83,1007.2,28.5,51.371826171875,4.505292892456055,3.301515817642212,0.0,2.697929859161377,0.0,0.0,0.5042933,0.042376786,0.41259,0.1376285,0.10200509,0.0
2025-06-29 12:00:00,EP062025,28.0,2025-06-29 12:00:00,0 days 00:00:00,13.2,-99.7,1005.0,35.0,167.0,167.0,37.0,0.0,0.0,,,,,,,,
2025-06-29 12:00:00,EP062025,28.0,2025-06-29 18:00:00,0 days 06:00:00,13.53,-100.16,1002.4,39.0,68.65880584716797,73.72462463378906,65.82269287109375,47.35680389404297,60.55249786376953,0.35896713,0.0,0.0,0.092259966,0.0,0.12705483,0.030780245,0.0
2025-06-29 12:00:00,EP062025,28.0,2025-06-30 00:00:00,0 days 12:00:00,13.72,-101.0,1003.7,36.2,105.5570831298828,10.964733123779297,5.015769958496094,0.0513250157237052,7.414131164550781,0.16851725,0.0,0.0,0.011444929,0.0,0.0,0.0,0.0
2025-06-29 12:00:00,EP062025,28.0,2025-06-30 06:00:00,0 days 18:00:00,14.4,-101.17,996.5,53.9,53.95195388793945,113.70199584960938,102.9490737915039,82.61885070800781,98.29174041748048,39.570118,35.284065,27.53953,32.175198,3.614557,2.5382142,1.840759,2.7271032
2025-06-29 12:00:00,EP062025,28.0,2025-06-30 12:00:00,1 days 00:00:00,15.35,-101.93,995.7,51.2,38.077884674072266,87.81942749023438,74.40057373046875,47.04394912719727,66.94466400146484,12.061363,9.097189,5.032207,8.414219,0.27889478,0.10468353,0.0,0.06130652
2025-06-29 12:00:00,EP062025,28.0,2025-06-30 18:00:00,1 days 06:00:00,16.14,-102.85,992.5,58.7,35.4593505859375,109.36799621582033,97.57549285888672,62.09796142578125,89.30708312988281,47.30359,38.22893,23.857216,36.142696,3.9725208,1.6554193,0.0856117,2.417578
2025-06-29 12:00:00,EP062025,28.0,2025-07-01 00:00:00,1 days 12:00:00,17.07,-103.72,985.6,69.9,42.68170547485352,134.57611083984375,116.34464263916016,75.22272491455078,106.4613265991211,61.560112,51.922417,39.348244,51.561867,33.19481,28.958101,23.231672,27.77778
2025-06-29 12:00:00,EP062025,28.0,2025-07-01 06:00:00,1 days 18:00:00,17.77,-104.56,993.4,59.5,41.43526077270508,134.94996643066406,120.31737518310548,88.26554870605469,113.55557250976562,53.142178,46.007793,34.231503,42.703255,7.402304,5.515275,4.3333793,5.862168
2025-06-29 12:00:00,EP062025,28.0,2025-07-01 12:00:00,2 days 00:00:00,18.58,-105.75,992.9,60.0,25.61225891113281,94.50651550292967,77.00642395019531,46.45603942871094,75.36260223388672,41.93812,33.75938,23.815,34.977917,14.554803,11.41609,8.546863,11.983278
2025-06-29 12:00:00,EP062025,28.0,2025-07-01 18:00:00,2 days 06:00:00,19.24,-106.75,994.0,56.2,51.19703674316406,130.62623596191406,113.84324645996094,84.14781951904297,109.25865173339844,59.041874,50.763367,38.562702,48.322918,12.989734,10.204806,7.9040866,10.508216
2025-06-29 12:00:00,EP062025,28.0,2025-07-02 00:00:00,2 days 12:00:00,19.51,-107.37,989.6,61.8,22.198863983154297,103.28186798095705,91.66056823730467,60.572025299072266,81.79798126220703,42.667492,35.38447,24.021229,34.027782,11.284823,8.482729,6.1526723,8.920539
2025-06-29 12:00:00,EP062025,28.0,2025-07-02 06:00:00,2 days 18:00:00,19.8,-108.03,988.6,66.5,34.00657653808594,82.04157257080078,63.14818954467773,34.72421646118164,61.99442672729492,36.10173,27.5071,18.290138,29.358578,14.053342,10.344797,7.868518,11.38466
2025-06-29 12:00:00,EP062025,28.0,2025-07-02 12:00:00,3 days 00:00:00,20.41,-108.55,995.6,56.6,47.08551788330078,81.110107421875,69.91730499267578,44.826419830322266,63.72616195678711,30.740553,24.587637,16.521736,23.853472,5.5518126,3.6216307,2.419521,4.187366
2025-06-29 12:00:00,EP062025,28.0,2025-07-02 18:00:00,3 days 06:00:00,21.1,-109.08,1001.7,44.0,69.0882797241211,57.7905502319336,49.78261566162109,31.121477127075195,44.80058288574219,2.6864214,0.86808807,0.0,1.6434523,0.2593987,0.0,0.0,0.01921812
2025-06-29 12:00:00,EP062025,28.0,2025-07-03 00:00:00,3 days 12:00:00,21.39,-109.46,999.6,42.2,35.30388259887695,67.45402526855469,61.16841506958008,44.06507110595703,53.5560417175293,3.9876766,3.0720232,1.3335251,2.8233585,0.07501414,0.0,0.0,0.0
2025-06-29 12:00:00,EP062025,28.0,2025-07-03 06:00:00,3 days 18:00:00,21.44,-109.76,1000.5,45.7,67.76715850830078,61.80733489990234,50.04643249511719,31.803600311279297,46.89247131347656,0.81910646,0.0,0.0,0.3740305,0.30074206,0.028866662,0.0,0.0104373535
2025-06-29 12:00:00,EP062025,28.0,2025-07-03 12:00:00,4 days 00:00:00,21.95,-110.43,1003.0,38.2,31.962421417236328,40.54464721679688,35.29399108886719,23.1498966217041,31.43476867675781,0.8421503,0.3981724,0.0,0.27183175,0.16977568,0.08571926,0.04788793,0.0
2025-06-29 12:00:00,EP062025,28.0,2025-07-03 18:00:00,4 days 06:00:00,22.74,-110.32,1006.4,31.7,79.74455261230469,4.810103893280029,3.284218072891236,2.0750675201416016,4.749773025512695,0.383151,0.12551405,0.35884294,0.49265411,0.22333172,0.06798336,0.17087168,0.085288905
2025-06-29 12:00:00,EP062025,28.0,2025-07-04 00:00:00,4 days 12:00:00,23.3,-111.02,1006.5,30.5,92.533203125,12.984950065612791,11.799084663391112,4.664891719818115,8.155309677124023,0.38076353,0.0,0.14935516,0.14984918,0.16197228,0.066299364,0.0,0.0
2025-06-29 12:00:00,EP062025,28.0,2025-07-04 06:00:00,4 days 18:00:00,24.68,-110.83,1007.2,28.5,51.371826171875,4.505292892456055,3.301515817642212,0.0,2.697929859161377,0.0,0.0,0.5042933,0.042376786,0.41259,0.1376285,0.10200509,0.0
2025-06-29 12:00:00,AL022025,29.0,2025-06-29 12:00:00,0 days 00:00:00,20.1,-96.0,1008.0,35.0,56.0,56.0,0.0,0.0,0.0,,,,,,,,
2025-06-29 12:00:00,AL022025,29.0,2025-06-29 18:00:00,0 days 06:00:00,15.46,-100.07,1002.6,36.5,61.6512451171875,4.7645368576049805,2.265011787414551,0.4889599084854126,3.6354570388793945,0.047406554,0.0,0.0,0.08402636,0.03193865,0.0,0.0,0.029951451
2025-06-29 12:00:00,AL022025,29.0,2025-06-30 00:00:00,0 days 12:00:00,13.72,-101.13,998.8,46.8,89.33565521240234,122.41988372802734,103.6895980834961,73.755859375,97.0969009399414,1.5868351,0.01254741,0.0,0.80814874,0.0,0.0,0.0,0.0
2025-06-29 12:00:00,AL022025,29.0,2025-06-30 06:00:00,0 days 18:00:00,14.26,-101.61,994.0,56.9,40.51558303833008,105.71351623535156,90.7814712524414,67.18052673339844,92.12474060058594,41.64434,35.391094,25.037256,32.969524,1.3363308,0.06705075,0.0,0.6919043
2025-06-29 12:00:00,AL022025,29.0,2025-06-30 12:00:00,1 days 00:00:00,14.82,-102.21,987.6,65.4,34.89253234863281,101.51114654541016,86.6351089477539,60.43762969970703,84.17546081542969,45.320564,38.440033,27.893759,37.312576,17.890348,14.903532,11.633823,14.971726
2025-06-29 12:00:00,AL022025,29.0,2025-06-30 18:00:00,1 days 06:00:00,15.64,-103.02,990.5,62.7,30.40871810913086,121.41128540039062,102.34144592285156,67.2491683959961,98.61817932128906,52.139282,42.038895,27.668198,40.950527,8.943652,5.8724284,3.6117382,6.678433
2025-06-29 12:00:00,AL022025,29.0,2025-07-01 00:00:00,1 days 12:00:00,16.48,-103.98,982.0,71.5,29.75763893127441,156.92210388183594,139.43260192871094,99.68518829345705,125.9311981201172,75.95119,67.98052,52.80765,64.41926,43.021263,38.806225,31.403807,36.539883
2025-06-29 12:00:00,AL022025,29.0,2025-07-01 06:00:00,1 days 18:00:00,16.94,-105.1,988.3,65.5,55.8004264831543,243.77249145507807,224.20318603515625,186.7578582763672,214.36448669433597,116.93286,106.591156,86.72368,98.71147,29.21911,25.433933,20.977385,24.527723
2025-06-29 12:00:00,AL022025,29.0,2025-07-01 12:00:00,2 days 00:00:00,17.89,-105.64,993.0,59.2,49.88692855834961,129.35165405273438,110.04119873046876,68.19708251953125,97.86985778808594,57.27557,47.234203,31.34027,44.59128,15.579264,12.071854,8.719478,12.331909
2025-06-29 12:00:00,AL022025,29.0,2025-07-01 18:00:00,2 days 06:00:00,18.32,-106.45,992.4,60.4,49.32701873779297,106.30477905273438,92.34647369384766,62.78005599975586,85.02726745605469,38.827564,31.706919,21.557323,30.370249,4.628689,2.6081722,1.3969617,3.308792
2025-06-29 12:00:00,AL022025,29.0,2025-07-02 00:00:00,2 days 12:00:00,18.86,-107.15,982.8,74.1,27.332719802856445,118.4502182006836,98.84986114501952,63.393646240234375,91.91070556640624,53.071404,43.050423,29.812908,43.68738,21.664442,17.51735,13.537685,17.942593
2025-06-29 12:00:00,AL022025,29.0,2025-07-02 06:00:00,2 days 18:00:00,19.31,-107.67,984.1,73.3,23.7324161529541,125.48171997070312,112.3978500366211,82.66622161865234,104.05704498291016,58.852642,51.09746,39.16327,49.141342,24.819983,20.87425,16.8202,20.617031
2025-06-29 12:00:00,AL022025,29.0,2025-07-02 12:00:00,3 days 00:00:00,20.13,-108.22,990.7,60.5,50.19936752319336,117.3367156982422,103.46664428710938,69.97024536132812,92.79065704345705,55.75046,47.70256,35.79685,45.470016,21.689354,18.168385,14.373217,17.839823
2025-06-29 12:00:00,AL022025,29.0,2025-07-02 18:00:00,3 days 06:00:00,21.08,-108.4,991.2,60.6,30.201440811157227,114.45076751708984,101.61022186279295,71.5059814453125,93.58828735351562,53.740524,46.679802,34.883575,44.19788,20.439434,17.328243,13.940786,16.976236
2025-06-29 12:00:00,AL022025,29.0,2025-07-03 00:00:00,3 days 12:00:00,21.7,-108.88,997.7,47.2,35.305702209472656,75.45783996582031,67.7646255493164,42.437042236328125,55.771514892578125,7.6672487,5.8098445,2.664886,5.129159,0.296471,0.024378726,0.0,0.031480655
2025-06-29 12:00:00,AL022025,29.0,2025-07-03 06:00:00,3 days 18:00:00,22.76,-109.71,999.3,46.0,40.53025817871094,89.90666198730469,80.67804718017578,61.09486770629883,75.74819946289062,17.776628,15.94048,11.338225,13.974484,0.27600417,0.028180677,0.0,0.07779258
2025-06-29 12:00:00,AL022025,29.0,2025-07-03 12:00:00,4 days 00:00:00,23.53,-110.46,1003.0,36.5,37.055442810058594,19.955299377441406,17.05754280090332,9.06347942352295,17.02286720275879,0.7348522,0.15713863,0.0,0.43115008,0.11281864,0.0,0.0010484062,0.050524674
2025-06-29 12:00:00,AL022025,29.0,2025-07-03 18:00:00,4 days 06:00:00,24.53,-111.1,1002.7,37.7,31.10453224182129,71.76387023925781,62.39835357666016,40.81204605102539,56.97760009765625,1.0685028,0.0,0.0,0.5900407,0.24360792,0.033747293,0.0,0.0
2025-06-29 12:00:00,AL022025,29.0,2025-07-04 00:00:00,4 days 12:00:00,25.37,-112.03,1005.7,29.0,36.91619873046875,3.609549999237061,1.912100434303284,0.0,3.8711678981781006,0.112429336,0.008250472,0.36148676,0.37657565,0.1157401,0.05330056,0.12571877,0.05477755
2025-06-29 12:00:00,AL022025,29.0,2025-07-04 06:00:00,4 days 18:00:00,26.54,-112.79,1007.3,27.3,47.44060897827149,5.754424571990967,6.797529220581055,3.10134506225586,5.193917274475098,0.22892076,1.1127218,1.8781756,0.7497873,0.44773096,0.43138975,0.6013657,0.2059004
2025-06-29 12:00:00,EP062025,29.0,2025-06-29 12:00:00,0 days 00:00:00,13.2,-99.7,1005.0,35.0,167.0,167.0,37.0,0.0,0.0,,,,,,,,
2025-06-29 12:00:00,EP062025,29.0,2025-06-29 18:00:00,0 days 06:00:00,13.31,-100.78,1002.6,36.4,61.67266082763672,4.7457780838012695,2.2950804233551025,0.5441806316375732,3.6277718544006343,0.042535443,0.0,0.0,0.081875674,0.033114795,0.0,0.0,0.026867066
2025-06-29 12:00:00,EP062025,29.0,2025-06-30 00:00:00,0 days 12:00:00,13.72,-101.13,998.8,46.8,89.33565521240234,122.41988372802734,103.6895980834961,73.755859375,97.0969009399414,1.5868351,0.01254741,0.0,0.80814874,0.0,0.0,0.0,0.0
2025-06-29 12:00:00,EP062025,29.0,2025-06-30 06:00:00,0 days 18:00:00,14.26,-101.61,994.0,56.9,40.51558303833008,105.71351623535156,90.7814712524414,67.18052673339844,92.12474060058594,41.64434,35.391094,25.037256,32.969524,1.3363308,0.06705075,0.0,0.6919043
2025-06-29 12:00:00,EP062025,29.0,2025-06-30 12:00:00,1 days 00:00:00,14.82,-102.21,987.6,65.4,34.89253234863281,101.51114654541016,86.6351089477539,60.43762969970703,84.17546081542969,45.320564,38.440033,27.893759,37.312576,17.890348,14.903532,11.633823,14.971726
2025-06-29 12:00:00,EP062025,29.0,2025-06-30 18:00:00,1 days 06:00:00,15.64,-103.02,990.5,62.7,30.40871810913086,121.41128540039062,102.34144592285156,67.2491683959961,98.61817932128906,52.139282,42.038895,27.668198,40.950527,8.943652,5.8724284,3.6117382,6.678433
2025-06-29 12:00:00,EP062025,29.0,2025-07-01 00:00:00,1 days 12:00:00,16.48,-103.98,982.0,71.5,29.75763893127441,156.92210388183594,139.43260192871094,99.68518829345705,125.9311981201172,75.95119,67.98052,52.80765,64.41926,43.021263,38.806225,31.403807,36.539883
2025-06-29 12:00:00,EP062025,29.0,2025-07-01 06:00:00,1 days 18:00:00,16.94,-105.1,988.3,65.5,55.8004264831543,243.77249145507807,224.20318603515625,186.7578582763672,214.36448669433597,116.93286,106.591156,86.72368,98.71147,29.21911,25.433933,20.977385,24.527723
2025-06-29 12:00:00,EP062025,29.0,2025-07-01 12:00:00,2 days 00:00:00,17.89,-105.64,993.0,59.2,49.88692855834961,129.35165405273438,110.04119873046876,68.19708251953125,97.86985778808594,57.27557,47.234203,31.34027,44.59128,15.579264,12.071854,8.719478,12.331909
2025-06-29 12:00:00,EP062025,29.0,2025-07-01 18:00:00,2 days 06:00:00,18.32,-106.45,992.4,60.4,49.32701873779297,106.30477905273438,92.34647369384766,62.78005599975586,85.02726745605469,38.827564,31.706919,21.557323,30.370249,4.628689,2.6081722,1.3969617,3.308792
2025-06-29 12:00:00,EP062025,29.0,2025-07-02 00:00:00,2 days 12:00:00,18.86,-107.15,982.8,74.1,27.332719802856445,118.4502182006836,98.84986114501952,63.393646240234375,91.91070556640624,53.071404,43.050423,29.812908,43.68738,21.664442,17.51735,13.537685,17.942593
2025-06-29 12:00:00,EP062025,29.0,2025-07-02 06:00:00,2 days 18:00:00,19.31,-107.67,984.1,73.3,23.7324161529541,125.48171997070312,112.3978500366211,82.66622161865234,104.05704498291016,58.852642,51.09746,39.16327,49.141342,24.819983,20.87425,16.8202,20.617031
2025-06-29 12:00:00,EP062025,29.0,2025-07-02 12:00:00,3 days 00:00:00,20.13,-108.22,990.7,60.5,50.19936752319336,117.3367156982422,103.46664428710938,69.97024536132812,92.79065704345705,55.75046,47.70256,35.79685,45.470016,21.689354,18.168385,14.373217,17.839823
2025-06-29 12:00:00,EP062025,29.0,2025-07-02 18:00:00,3 days 06:00:00,21.08,-108.4,991.2,60.6,30.201440811157227,114.45076751708984,101.61022186279295,71.5059814453125,93.58828735351562,53.740524,46.679802,34.883575,44.19788,20.439434,17.328243,13.940786,16.976236
2025-06-29 12:00:00,EP062025,29.0,2025-07-03 00:00:00,3 days 12:00:00,21.7,-108.88,997.7,47.2,35.305702209472656,75.45783996582031,67.7646255493164,42.437042236328125,55.771514892578125,7.6672487,5.8098445,2.664886,5.129159,0.296471,0.024378726,0.0,0.031480655
2025-06-29 12:00:00,EP062025,29.0,2025-07-03 06:00:00,3 days 18:00:00,22.76,-109.71,999.3,46.0,40.53025817871094,89.90666198730469,80.67804718017578,61.09486770629883,75.74819946289062,17.776628,15.94048,11.338225,13.974484,0.27600417,0.028180677,0.0,0.07779258
2025-06-29 12:00:00,EP062025,29.0,2025-07-03 12:00:00,4 days 00:00:00,23.53,-110.46,1003.0,36.5,37.055442810058594,19.955299377441406,17.05754280090332,9.06347942352295,17.02286720275879,0.7348522,0.15713863,0.0,0.43115008,0.11281864,0.0,0.0010484062,0.050524674
2025-06-29 12:00:00,EP062025,29.0,2025-07-03 18:00:00,4 days 06:00:00,24.53,-111.1,1002.7,37.7,31.10453224182129,71.76387023925781,62.39835357666016,40.81204605102539,56.97760009765625,1.0685028,0.0,0.0,0.5900407,0.24360792,0.033747293,0.0,0.0
2025-06-29 12:00:00,EP062025,29.0,2025-07-04 00:00:00,4 days 12:00:00,25.37,-112.03,1005.7,29.0,36.91619873046875,3.609549999237061,1.912100434303284,0.0,3.8711678981781006,0.112429336,0.008250472,0.36148676,0.37657565,0.1157401,0.05330056,0.12571877,0.05477755
2025-06-29 12:00:00,EP062025,29.0,2025-07-04 06:00:00,4 days 18:00:00,26.54,-112.79,1007.3,27.3,47.44060897827149,5.754424571990967,6.797529220581055,3.10134506225586,5.193917274475098,0.22892076,1.1127218,1.8781756,0.7497873,0.44773096,0.43138975,0.6013657,0.2059004
2025-06-29 12:00:00,AL022025,30.0,2025-06-29 12:00:00,0 days 00:00:00,20.1,-96.0,1008.0,35.0,56.0,56.0,0.0,0.0,0.0,,,,,,,,
2025-06-29 12:00:00,EP062025,30.0,2025-06-29 12:00:00,0 days 00:00:00,13.2,-99.7,1005.0,35.0,167.0,167.0,37.0,0.0,0.0,,,,,,,,
2025-06-29 12:00:00,EP062025,30.0,2025-06-29 18:00:00,0 days 06:00:00,13.56,-100.22,1004.0,37.3,66.13600158691406,22.26597213745117,19.06277275085449,12.053752899169922,19.64264488220215,0.9962936,0.4440588,0.078737706,0.9311522,0.030299058,0.0,0.0,0.0
2025-06-29 12:00:00,EP062025,30.0,2025-06-30 00:00:00,0 days 12:00:00,13.68,-100.94,1000.0,44.1,47.86314392089844,79.5671157836914,68.47372436523438,49.13742065429688,63.88257598876953,3.6025987,2.6810884,1.5282216,2.5686738,0.06338462,0.008726392,0.0014351968,0.0
2025-06-29 12:00:00,EP062025,30.0,2025-06-30 06:00:00,0 days 18:00:00,14.51,-101.67,998.9,46.9,69.5179672241211,112.67578887939452,97.224609375,69.7833023071289,89.62149047851562,7.630738,6.201603,4.559198,5.7259045,0.0,0.0,0.0,0.0
2025-06-29 12:00:00,EP062025,30.0,2025-06-30 12:00:00,1 days 00:00:00,15.29,-102.1,991.1,59.3,30.515300750732425,98.44365692138672,84.53657531738281,53.20438003540039,75.94708251953125,23.779182,19.145197,12.498051,17.710007,0.42740226,0.0,0.0,0.04320101
2025-06-29 12:00:00,EP062025,30.0,2025-06-30 18:00:00,1 days 06:00:00,16.09,-102.75,990.1,66.0,31.278602600097656,112.25131225585938,92.5450210571289,56.8504638671875,91.09727478027344,47.193455,36.35977,23.186476,37.637035,13.71202,9.868676,6.687768,10.689142
2025-06-29 12:00:00,EP062025,30.0,2025-07-01 00:00:00,1 days 12:00:00,16.92,-103.79,980.4,76.4,24.186412811279297,168.80149841308594,142.35385131835938,90.62246704101562,134.9965362548828,80.03679,66.261086,48.344997,66.198685,39.475807,33.75372,26.633701,32.981365
2025-06-29 12:00:00,EP062025,30.0,2025-07-01 06:00:00,1 days 18:00:00,17.56,-104.7,975.8,85.9,12.600445747375488,117.52842712402344,102.20843505859376,68.31417083740234,98.71448516845705,59.421932,51.20715,40.304455,51.859184,36.086872,31.67225,26.106232,30.890108
2025-06-29 12:00:00,EP062025,30.0,2025-07-01 12:00:00,2 days 00:00:00,17.87,-105.45,973.7,85.5,29.43071556091309,130.46157836914062,113.9268569946289,84.87899780273438,111.4556884765625,61.17054,52.36613,42.475285,53.425953,35.89559,31.045164,25.857347,30.94222
2025-06-29 12:00:00,EP062025,30.0,2025-07-01 18:00:00,2 days 06:00:00,18.38,-105.99,973.8,86.6,17.95450782775879,134.17701721191406,118.00601196289062,81.795166015625,111.57815551757812,65.59525,55.653454,43.670444,57.14383,39.092724,34.149353,27.769014,33.355343
2025-06-29 12:00:00,EP062025,30.0,2025-07-02 00:00:00,2 days 12:00:00,18.98,-106.91,982.3,73.7,27.282127380371094,179.00265502929688,149.9736328125,103.00601959228516,145.03659057617188,87.34011,75.08852,57.877857,74.73237,46.084496,40.23825,32.50934,38.946323
2025-06-29 12:00:00,EP062025,30.0,2025-07-02 06:00:00,2 days 18:00:00,19.53,-107.66,975.5,83.8,19.882848739624023,142.71263122558594,123.2726058959961,89.15570068359375,118.90816497802734,68.44052,59.897152,48.023903,60.017002,37.93435,33.25229,27.30524,32.33367
2025-06-29 12:00:00,EP062025,30.0,2025-07-02 12:00:00,3 days 00:00:00,20.16,-108.37,983.4,72.3,37.93393325805664,124.8792495727539,112.17720794677734,85.77766418457031,103.3875503540039,63.908947,57.868103,48.083195,55.377266,36.33223,32.607845,27.145311,31.01075
2025-06-29 12:00:00,EP062025,30.0,2025-07-02 18:00:00,3 days 06:00:00,20.41,-108.75,992.7,58.3,25.55757141113281,101.43291473388672,90.90692138671876,72.20653533935547,86.63211822509766,47.20242,41.351925,33.020832,40.50669,20.59818,17.694042,14.243877,17.303024
2025-06-29 12:00:00,EP062025,30.0,2025-07-03 00:00:00,3 days 12:00:00,20.8,-109.15,995.2,52.2,45.74185943603516,90.59406280517578,80.47786712646484,56.02703857421875,71.45246124267578,7.8825765,5.1897416,1.8785807,5.1298714,0.35447282,0.0,0.0,0.18936059
2025-06-29 12:00:00,EP062025,30.0,2025-07-03 06:00:00,3 days 18:00:00,21.43,-109.73,996.9,49.4,44.642333984375,59.18489074707031,46.06572341918945,26.245361328125,41.7879753112793,2.2274835,0.9067029,0.0,1.2371299,0.17922588,0.0,0.0,0.15887144
2025-06-29 12:00:00,EP062025,30.0,2025-07-03 12:00:00,4 days 00:00:00,21.96,-110.14,1001.9,41.7,34.732688903808594,102.78960418701172,91.95542907714844,69.10783386230469,86.71517944335938,10.440233,8.375632,5.8291903,7.821525,0.27825698,0.09065089,0.0,0.0
2025-06-29 12:00:00,EP062025,30.0,2025-07-03 18:00:00,4 days 06:00:00,22.71,-110.72,1002.1,42.6,33.17573547363281,53.05292892456055,46.14363098144531,30.681156158447266,44.19724655151367,3.6556764,2.3480418,1.3673254,2.9612026,0.3923217,0.047957018,0.019344846,0.014891354
2025-06-29 12:00:00,EP062025,30.0,2025-07-04 00:00:00,4 days 12:00:00,23.46,-110.95,1004.7,31.7,45.63148498535156,47.04469680786133,43.256492614746094,25.60997772216797,36.7000617980957,0.0,0.0,0.0,0.0,0.0,0.0,0.034161173,0.0
2025-06-29 12:00:00,EP062025,30.0,2025-07-04 06:00:00,4 days 18:00:00,24.75,-111.41,1007.4,29.5,67.5718994140625,10.780640602111816,5.752194404602051,1.2968087196350098,6.497655868530273,0.0,0.0,0.33561292,0.113995254,0.46093103,0.071503446,0.107234746,0.0
2025-06-29 12:00:00,EP062025,30.0,2025-07-04 12:00:00,5 days 00:00:00,25.3,-111.8,1008.6,27.2,42.85849380493164,2.343788146972656,3.115758419036865,2.65545654296875,3.403825521469116,0.0,0.0,0.0,0.0,0.0835361,0.0,0.06812681,0.0
2025-06-29 12:00:00,EP062025,30.0,2025-07-04 18:00:00,5 days 06:00:00,26.0,-112.17,1010.6,25.7,84.78218078613281,6.751349925994873,3.797426462173462,4.091813564300537,6.630267143249512,0.0,0.0,0.46284842,0.35691634,0.39055097,0.31097925,0.3488084,0.20057428
2025-06-29 12:00:00,EP062025,30.0,2025-07-05 00:00:00,5 days 12:00:00,26.03,-112.48,1009.9,27.0,95.29103088378906,12.246686935424805,8.98689079284668,4.759281635284424,7.215285778045654,0.0,0.3049073,0.7038445,0.12998955,0.28689316,0.3202831,0.38849404,0.2000159
2025-06-29 12:00:00,EP062025,30.0,2025-07-05 06:00:00,5 days 18:00:00,26.09,-112.32,1011.3,22.3,113.61921691894533,8.923542022705078,7.288475513458252,0.0,5.514214515686035,0.0,0.0,0.8004691,0.19872528,0.98293066,0.17086627,0.073810376,0.0
2025-06-29 12:00:00,AL022025,31.0,2025-06-29 12:00:00,0 days 00:00:00,20.1,-96.0,1008.0,35.0,56.0,56.0,0.0,0.0,0.0,,,,,,,,
2025-06-29 12:00:00,AL022025,31.0,2025-06-29 18:00:00,0 days 06:00:00,21.07,-96.55,1006.7,30.8,66.19453430175781,2.055943965911865,0.7247846722602844,0.0,1.0260401964187622,0.11518368,0.22541596,0.0,0.13733616,0.0,0.19254072,0.08369286,0.04328157
2025-06-29 12:00:00,EP062025,31.0,2025-06-29 12:00:00,0 days 00:00:00,13.2,-99.7,1005.0,35.0,167.0,167.0,37.0,0.0,0.0,,,,,,,,
2025-06-29 12:00:00,EP062025,31.0,2025-06-29 18:00:00,0 days 06:00:00,13.46,-100.53,1003.6,36.6,63.86034393310547,21.23429679870605,17.38203239440918,9.20550537109375,16.135543823242188,0.0,0.0,0.0,0.0,0.0,0.0,0.0,0.0
2025-06-29 12:00:00,EP062025,31.0,2025-06-30 00:00:00,0 days 12:00:00,13.89,-100.96,1002.8,36.2,55.77232360839844,9.127411842346191,5.06969690322876,0.5303640365600586,6.822421550750732,0.0,0.0,0.0,0.0,0.02006822,0.0,0.0,0.0
2025-06-29 12:00:00,EP062025,31.0,2025-06-30 06:00:00,0 days 18:00:00,14.14,-101.4,999.9,46.9,79.5328140258789,74.7522201538086,61.74769973754883,34.758689880371094,55.84668350219727,0.56002915,0.0,0.0,0.48216707,0.017299695,0.0,0.0,0.0
2025-06-29 12:00:00,EP062025,31.0,2025-06-30 12:00:00,1 days 00:00:00,15.28,-101.97,993.6,54.3,44.3362922668457,122.6473617553711,113.91058349609376,85.62196350097656,104.86920928955078,42.8204,38.630615,27.976742,33.430733,0.08907975,0.0,0.0,0.0
2025-06-29 12:00:00,EP062025,31.0,2025-06-30 18:00:00,1 days 06:00:00,15.99,-102.59,997.6,48.3,54.25864791870117,132.24636840820312,131.15176391601562,109.36590576171876,122.39712524414062,63.27066,58.713005,44.856434,51.523296,0.9129789,0.20212705,0.0,0.69029504
2025-06-29 12:00:00,EP062025,31.0,2025-07-01 00:00:00,1 days 12:00:00,16.92,-103.63,985.1,68.2,29.265668869018555,121.56996154785156,108.10034942626952,71.63401794433594,96.76612091064452,51.843853,44.409172,33.277065,42.782978,20.183798,17.465622,14.098048,17.101412
2025-06-29 12:00:00,EP062025,31.0,2025-07-01 06:00:00,1 days 18:00:00,17.66,-104.33,992.2,58.6,28.04191398620605,70.59056854248047,57.87067031860352,36.58095932006836,55.1546630859375,19.725714,16.368113,11.287699,15.911132,2.015252,1.0694177,0.7584206,1.3941814
2025-06-29 12:00:00,EP062025,31.0,2025-07-01 12:00:00,2 days 00:00:00,18.5,-105.21,987.7,66.2,24.38092994689941,89.7572250366211,75.85389709472656,45.76020050048828,68.54033660888672,38.294907,31.155567,22.794514,32.264812,19.846743,16.571539,13.242697,16.594387
2025-06-29 12:00:00,EP062025,31.0,2025-07-01 18:00:00,2 days 06:00:00,19.4,-105.58,980.3,75.6,19.7492618560791,131.87425231933594,115.13957977294922,83.16395568847656,105.7295150756836,62.09459,53.125286,41.816254,53.282524,31.58391,27.211014,22.204992,26.706062
2025-06-29 12:00:00,EP062025,31.0,2025-07-02 00:00:00,2 days 12:00:00,19.98,-105.99,986.0,67.7,21.96039581298828,134.19265747070312,116.54623413085938,81.18069458007812,106.4882354736328,63.68594,55.6185,42.003654,52.9684,24.510782,20.991423,16.787848,20.62533
2025-06-29 12:00:00,EP062025,31.0,2025-07-02 06:00:00,2 days 18:00:00,21.1,-107.12,997.0,50.3,32.19796371459961,87.19236755371094,78.13287353515625,58.4412841796875,74.6930160522461,26.266115,23.946327,18.255722,21.609274,0.67437094,0.24924804,0.09602369,0.38245603
2025-06-29 12:00:00,EP062025,31.0,2025-07-02 12:00:00,3 days 00:00:00,21.64,-107.24,1000.0,42.5,16.832782745361328,37.131080627441406,34.04853820800781,19.67424964904785,26.58686637878418,3.2840316,2.4143066,0.89925295,2.1702228,0.32575476,0.10993695,0.0,0.012739947
2025-06-29 12:00:00,EP062025,31.0,2025-07-02 18:00:00,3 days 06:00:00,22.65,-107.81,1004.3,31.4,73.11743927001953,9.980483055114746,6.950089931488037,0.4502738416194916,5.251976013183594,0.44470635,0.048223514,0.0,0.28981027,0.23701288,0.20278455,0.1822655,0.024666773
2025-06-29 12:00:00,EP062025,31.0,2025-07-03 00:00:00,3 days 12:00:00,22.79,-108.72,1009.1,21.2,141.85955810546875,3.370279550552368,6.278741836547852,2.4311468601226807,2.327601432800293,0.14790574,0.2674748,0.1269365,0.3560782,0.24358283,0.1418407,0.11591136,0.22323127
2025-06-29 12:00:00,AL022025,32.0,2025-06-29 12:00:00,0 days 00:00:00,20.1,-96.0,1008.0,35.0,56.0,56.0,0.0,0.0,0.0,,,,,,,,
2025-06-29 12:00:00,AL022025,32.0,2025-06-29 18:00:00,0 days 06:00:00,21.04,-96.79,1008.8,25.4,68.75248718261719,0.0,1.220220685005188,0.0,0.0,0.0,0.10204447,0.22984819,0.0,0.0,0.40520152,0.2313905,0.11000134
2025-06-29 12:00:00,EP062025,32.0,2025-06-29 12:00:00,0 days 00:00:00,13.2,-99.7,1005.0,35.0,167.0,167.0,37.0,0.0,0.0,,,,,,,,
2025-06-29 12:00:00,EP062025,32.0,2025-06-29 18:00:00,0 days 06:00:00,13.55,-100.46,1003.9,33.7,61.804447174072266,4.671083450317383,2.0189430713653564,0.0,2.69165587425232,0.15133446,0.0,0.0,0.0,0.029266609,0.025354445,0.0,0.0
2025-06-29 12:00:00,EP062025,32.0,2025-06-30 00:00:00,0 days 12:00:00,13.86,-101.08,1003.1,40.2,88.98934173583984,73.99327850341797,63.35783386230469,43.101707458496094,57.913124084472656,0.6257124,0.0,0.0,0.22678731,0.048957307,0.0,0.0,0.0
2025-06-29 12:00:00,EP062025,32.0,2025-06-30 06:00:00,0 days 18:00:00,14.35,-101.59,999.9,46.5,72.97874450683594,97.1871337890625,81.8395767211914,52.82879257202149,75.05332946777344,1.5907164,0.32353303,0.0,0.69231886,0.06784782,0.08179215,0.029853951,0.085975006
2025-06-29 12:00:00,EP062025,32.0,2025-06-30 12:00:00,1 days 00:00:00,14.93,-101.87,993.8,55.8,48.87677764892578,82.74798583984375,75.48534393310547,55.58422470092773,69.56018829345703,33.337692,29.611464,21.862835,26.119268,1.0557909,0.5787557,0.0535385,0.58697903
2025-06-29 12:00:00,EP062025,32.0,2025-06-30 18:00:00,1 days 06:00:00,15.58,-102.69,994.5,57.9,47.33790969848633,113.39724731445312,96.82685089111328,63.53805923461914,91.99974822998048,34.34315,26.944542,16.732117,26.101944,1.7445626,0.3565277,0.0,0.91168654
2025-06-29 12:00:00,EP062025,32.0,2025-07-01 00:00:00,1 days 12:00:00,16.56,-103.52,987.7,69.6,32.938323974609375,138.34017944335938,119.95984649658205,73.80094909667969,107.96180725097656,62.441143,52.331425,36.421696,50.24477,23.396948,19.600042,15.025798,19.33379
2025-06-29 12:00:00,EP062025,32.0,2025-07-01 06:00:00,1 days 18:00:00,17.35,-104.43,984.8,73.2,30.477933883666992,110.33484649658205,90.63518524169922,58.667327880859375,89.07485961914062,50.655693,41.43813,29.31609,42.032143,19.225252,15.072816,11.755016,15.818094
2025-06-29 12:00:00,EP062025,32.0,2025-07-01 12:00:00,2 days 00:00:00,17.83,-105.15,982.6,75.4,28.92531967163086,102.61487579345705,90.08116149902344,62.92329406738281,85.25715637207031,48.201714,41.6364,32.488907,41.058193,21.4345,18.344236,15.294919,18.42777
2025-06-29 12:00:00,EP062025,32.0,2025-07-01 18:00:00,2 days 06:00:00,18.6,-105.99,983.0,76.2,23.025768280029297,147.96131896972656,128.62847900390625,88.9586410522461,121.8379898071289,70.408104,59.186985,43.79565,59.122643,32.814262,27.72546,22.020027,27.414188
2025-06-29 12:00:00,EP062025,32.0,2025-07-02 00:00:00,2 days 12:00:00,19.11,-106.71,984.7,69.8,32.12033462524414,138.47833251953125,117.71833801269533,81.91553497314453,112.09398651123048,64.0651,55.957756,43.738407,54.239887,30.121565,26.485077,21.667265,25.410378
2025-06-29 12:00:00,EP062025,32.0,2025-07-02 06:00:00,2 days 18:00:00,19.63,-107.52,985.5,69.6,25.98262596130371,134.67698669433594,117.33984375,82.22503662109375,111.6351089477539,62.196037,52.70508,39.705605,51.736244,23.471807,19.362324,15.295426,19.330528
2025-06-29 12:00:00,EP062025,32.0,2025-07-02 12:00:00,3 days 00:00:00,20.15,-108.16,985.2,70.1,42.07402038574219,115.85421752929688,103.2529067993164,74.36779022216797,96.39009857177734,53.646416,46.10612,35.06917,45.249138,22.157852,18.433771,14.826284,18.60604
2025-06-29 12:00:00,EP062025,32.0,2025-07-02 18:00:00,3 days 06:00:00,20.75,-109.12,993.5,55.8,43.62265396118164,73.78135681152344,62.72339630126953,47.89000701904297,61.081817626953125,27.800703,23.252102,17.963974,23.05912,8.088903,6.1461906,4.9607306,6.578011
2025-06-29 12:00:00,EP062025,32.0,2025-07-03 00:00:00,3 days 12:00:00,21.39,-109.69,990.4,58.5,60.188419342041016,114.87662506103516,102.0346450805664,75.57283782958984,93.94558715820312,54.637985,48.71186,39.336033,46.132614,25.070414,22.18581,18.173744,21.198517
2025-06-29 12:00:00,EP062025,32.0,2025-07-03 06:00:00,3 days 18:00:00,21.63,-110.24,991.4,59.7,22.884138107299805,79.94911193847656,67.49455261230469,52.82439041137695,67.72640228271484,31.33178,25.743425,19.293798,25.979576,5.4165635,3.17653,2.34576,4.1169953
2025-06-29 12:00:00,EP062025,32.0,2025-07-03 12:00:00,4 days 00:00:00,22.65,-110.69,997.9,45.4,29.652597427368164,31.905982971191406,27.054685592651367,18.14044761657715,26.118120193481445,4.2298236,2.7995641,0.8850114,2.8544679,0.23357747,0.0,0.0,0.04770667
2025-06-29 12:00:00,EP062025,32.0,2025-07-03 18:00:00,4 days 06:00:00,23.69,-110.94,1001.8,40.3,57.91376495361328,93.5013656616211,82.69125366210938,56.19571304321289,72.97506713867188,0.8087965,0.023900798,0.07838372,0.072664626,0.0355435,0.0,0.16450778,0.0
2025-06-29 12:00:00,EP062025,32.0,2025-07-04 00:00:00,4 days 12:00:00,24.51,-111.47,1002.7,34.1,48.88687896728516,32.98360824584961,30.708356857299805,16.36624526977539,23.344223022460938,0.23688835,0.0,0.0,0.08417222,0.03421197,0.0,0.0379505,0.0
2025-06-29 12:00:00,EP062025,32.0,2025-07-04 06:00:00,4 days 18:00:00,25.53,-111.89,1005.3,31.7,70.15055084228516,5.583783149719238,1.802983403205872,0.0,1.8833497762680051,0.0,0.45827883,1.124175,0.5321623,0.43728584,0.21257125,0.27819446,0.17902893
2025-06-29 12:00:00,EP062025,32.0,2025-07-04 12:00:00,5 days 00:00:00,26.87,-111.31,1008.1,26.3,43.53165817260742,1.740282416343689,0.0,0.0,2.3310964107513428,0.0,0.31139997,0.70386815,0.3090335,0.1389761,0.102175474,0.23498131,0.06680599
2025-06-29 12:00:00,EP062025,32.0,2025-07-04 18:00:00,5 days 06:00:00,27.63,-111.23,1008.9,23.4,92.80985260009766,3.609713077545166,2.6411831378936768,1.0412622690200806,3.4547579288482666,0.0,0.0,0.48970538,0.0,0.044707388,0.17074315,0.31381002,0.11124932
2025-06-29 12:00:00,AL022025,33.0,2025-06-29 12:00:00,0 days 00:00:00,20.1,-96.0,1008.0,35.0,56.0,56.0,0.0,0.0,0.0,,,,,,,,
2025-06-29 12:00:00,EP062025,33.0,2025-06-29 12:00:00,0 days 00:00:00,13.2,-99.7,1005.0,35.0,167.0,167.0,37.0,0.0,0.0,,,,,,,,
2025-06-29 12:00:00,EP062025,33.0,2025-06-29 18:00:00,0 days 06:00:00,13.74,-100.81,1003.9,37.2,103.72785186767578,34.534934997558594,28.582355499267575,15.568693161010742,26.556787490844727,0.107812524,0.0,0.0,0.0,0.0,0.0,0.0,0.0
2025-06-29 12:00:00,EP062025,33.0,2025-06-30 00:00:00,0 days 12:00:00,14.06,-101.3,1002.0,44.3,66.11125946044922,69.70349884033203,58.39641189575195,36.454368591308594,54.99208068847656,2.191248,0.4536454,0.0,0.99450034,0.056731965,0.0,0.0,0.0
2025-06-29 12:00:00,EP062025,33.0,2025-06-30 06:00:00,0 days 18:00:00,14.45,-101.87,1000.4,49.1,67.70545959472656,81.11027526855469,70.01567840576172,48.92344665527344,67.33607482910156,18.058638,14.694045,10.241915,13.710225,0.22884229,0.0,0.0,0.0
2025-06-29 12:00:00,EP062025,33.0,2025-06-30 12:00:00,1 days 00:00:00,15.31,-102.42,993.9,58.7,32.95652770996094,76.49191284179688,65.88458251953125,40.708927154541016,62.182350158691406,27.547604,22.312181,14.157416,21.286613,3.0894618,1.7204672,0.6646862,2.193275
2025-06-29 12:00:00,EP062025,33.0,2025-06-30 18:00:00,1 days 06:00:00,15.94,-103.23,992.4,59.1,51.5667610168457,129.28977966308594,113.94166564941406,78.74906921386719,105.7112274169922,43.3349,35.504166,23.77561,32.96405,1.9513576,0.6521304,0.0,1.090318
2025-06-29 12:00:00,EP062025,33.0,2025-07-01 00:00:00,1 days 12:00:00,16.67,-103.79,989.0,65.0,42.28913879394531,128.15725708007812,110.87123107910156,70.7432632446289,99.33778381347656,57.61763,48.44266,34.634655,46.564365,24.440893,20.691727,16.066523,20.015837
2025-06-29 12:00:00,EP062025,33.0,2025-07-01 06:00:00,1 days 18:00:00,17.58,-104.92,976.1,83.2,19.02914047241211,166.40850830078125,143.6036376953125,99.06903076171876,139.9623260498047,80.98892,68.01529,50.18913,68.26445,33.08257,27.625282,21.967302,27.905203
2025-06-29 12:00:00,EP062025,33.0,2025-07-01 12:00:00,2 days 00:00:00,18.32,-106.0,976.5,82.1,44.040000915527344,146.5780029296875,121.52530670166016,79.20226287841797,117.48014831542967,73.80209,61.560993,46.83359,63.192146,40.043365,34.45532,27.896523,34.02393
2025-06-29 12:00:00,EP062025,33.0,2025-07-01 18:00:00,2 days 06:00:00,18.93,-106.62,987.3,68.9,31.590805053710938,163.7794189453125,139.80419921875,91.9834213256836,137.02467346191406,77.69698,63.9078,46.211906,64.46669,31.449677,26.128582,20.157837,26.141512
2025-06-29 12:00:00,EP062025,33.0,2025-07-02 00:00:00,2 days 12:00:00,19.65,-107.36,991.5,61.8,50.95621871948242,108.81822204589844,88.3194580078125,52.91088485717773,82.1469955444336,46.851036,37.53448,25.763737,37.202484,17.05841,13.237246,9.97474,13.707569
2025-06-29 12:00:00,EP062025,33.0,2025-07-02 06:00:00,2 days 18:00:00,20.4,-108.2,990.5,63.3,25.307905197143555,129.48886108398438,106.7857666015625,71.2247314453125,100.17713165283205,60.544113,50.85535,36.18541,49.693295,22.381628,17.858164,13.670327,18.045935
2025-06-29 12:00:00,EP062025,33.0,2025-07-02 12:00:00,3 days 00:00:00,21.31,-108.63,998.2,47.1,58.542606353759766,98.05296325683594,85.03170013427734,50.185340881347656,72.23986053466797,3.1149435,1.6398379,0.0,1.283315,0.22348471,0.09054422,0.044968132,0.0
2025-06-29 12:00:00,EP062025,33.0,2025-07-02 18:00:00,3 days 06:00:00,21.85,-108.95,1001.0,44.3,64.09307098388672,107.86189270019533,94.22539520263672,62.69915008544922,83.48706817626953,3.6165314,1.7481354,0.1866347,1.9046313,0.22538924,0.04499458,0.0,0.0
2025-06-29 12:00:00,EP062025,33.0,2025-07-03 00:00:00,3 days 12:00:00,22.61,-109.03,998.5,46.3,56.17786407470703,109.79806518554688,98.53936767578124,61.645137786865234,78.77947998046875,1.1711707,0.7601561,0.0,0.03286892,0.075808235,0.0,0.039065965,0.0
2025-06-29 12:00:00,EP062025,33.0,2025-07-03 06:00:00,3 days 18:00:00,23.5,-109.09,999.7,45.7,57.9987678527832,40.35576248168945,32.676963806152344,15.35316276550293,27.7158145904541,4.281532,3.0190265,1.5829737,2.7194705,0.31792316,0.0,0.0,0.13244355
2025-06-29 12:00:00,EP062025,33.0,2025-07-03 12:00:00,4 days 00:00:00,24.4,-109.12,996.1,47.1,32.794464111328125,68.31964111328125,65.58006286621094,44.24337005615234,51.14249420166016,17.939463,16.252565,10.661601,13.166837,0.7685401,0.3001682,0.10719408,0.27243683
2025-06-29 12:00:00,EP062025,33.0,2025-07-03 18:00:00,4 days 06:00:00,25.32,-109.19,995.3,48.8,42.27651596069336,86.73236846923828,80.16099548339844,49.00374984741211,64.01317596435547,15.158803,12.435171,7.46908,10.811742,0.7614712,0.36973765,0.04712787,0.21289428
2025-06-29 12:00:00,EP062025,33.0,2025-07-04 00:00:00,4 days 12:00:00,26.43,-109.36,1004.6,33.5,83.61473846435547,7.664018154144287,8.129799842834473,0.966483235359192,2.917264223098755,0.16756149,0.494803,0.04080747,0.0,0.058359787,0.061196692,0.20728795,0.03748474
2025-06-29 12:00:00,EP062025,33.0,2025-07-04 06:00:00,4 days 18:00:00,27.08,-109.5,1007.1,25.9,75.59481048583984,6.757274150848389,2.335080862045288,2.7335870265960693,1.498690485954285,0.039319247,0.19235209,1.7829472,0.58724934,0.77471143,0.5166595,0.7176876,0.42043042
2025-06-29 12:00:00,EP062025,33.0,2025-07-04 12:00:00,5 days 00:00:00,27.97,-109.67,1006.4,24.0,44.66380310058594,0.6744692325592041,9.121912956237791,5.693105697631836,0.0,0.0,1.1245066,0.22116128,0.0,0.06018492,0.3456688,0.6529168,0.0
2025-06-29 12:00:00,AL022025,34.0,2025-06-29 12:00:00,0 days 00:00:00,20.1,-96.0,1008.0,35.0,56.0,56.0,0.0,0.0,0.0,,,,,,,,
2025-06-29 12:00:00,EP062025,34.0,2025-06-29 12:00:00,0 days 00:00:00,13.2,-99.7,1005.0,35.0,167.0,167.0,37.0,0.0,0.0,,,,,,,,
2025-06-29 12:00:00,EP062025,34.0,2025-06-29 18:00:00,0 days 06:00:00,13.3,-100.58,1005.1,35.8,121.97635650634766,48.53678131103516,41.57170486450195,23.27631378173828,37.16188049316406,0.0,0.0,0.0,0.0,0.039837968,0.06714112,0.0,0.0
2025-06-29 12:00:00,EP062025,34.0,2025-06-30 00:00:00,0 days 12:00:00,13.73,-101.05,1002.2,39.5,46.220680236816406,32.84796142578125,24.962854385375977,17.075101852416992,27.075672149658203,4.210005,3.3703218,1.9654028,3.0279453,0.055568054,0.0,0.0,0.0
2025-06-29 12:00:00,EP062025,34.0,2025-06-30 06:00:00,0 days 18:00:00,13.99,-101.45,1001.1,41.9,50.3445930480957,30.99191093444824,27.065195083618164,17.807025909423828,23.92244529724121,2.1107998,2.0768764,1.4410629,1.6265142,0.19528909,0.12095753,0.05583346,0.1650361
2025-06-29 12:00:00,EP062025,34.0,2025-06-30 12:00:00,1 days 00:00:00,14.92,-102.11,995.7,53.6,35.50212860107422,126.4701690673828,118.1296615600586,91.94964599609376,109.3341064453125,40.891136,37.157124,27.707703,32.274815,0.0,0.0,0.0,0.0
2025-06-29 12:00:00,EP062025,34.0,2025-06-30 18:00:00,1 days 06:00:00,15.63,-102.81,996.8,52.7,57.4305534362793,110.77501678466795,98.40129089355467,65.89012908935547,91.52687072753906,34.564632,28.137846,18.58426,26.242907,0.99674,0.13958375,0.0,0.35227
2025-06-29 12:00:00,EP062025,34.0,2025-07-01 00:00:00,1 days 12:00:00,16.38,-103.63,993.7,56.3,31.13731575012207,99.99412536621094,87.28706359863281,52.56472396850586,78.99980926513672,44.16315,35.168243,21.471611,33.313744,4.286248,2.1662972,0.439742,2.7407317
2025-06-29 12:00:00,EP062025,34.0,2025-07-01 06:00:00,1 days 18:00:00,16.86,-104.55,980.9,76.6,20.77553939819336,128.71669006347656,103.57709503173828,67.14173126220703,104.46428680419922,59.194008,47.07629,33.80174,49.7933,29.518854,24.496828,19.09294,24.685705
2025-06-29 12:00:00,EP062025,34.0,2025-07-01 12:00:00,2 days 00:00:00,17.3,-105.54,982.2,75.9,40.62730407714844,111.2853775024414,91.51175689697266,50.89348602294922,85.25862121582031,51.5489,41.08656,28.34986,42.067913,24.805042,20.487152,15.947021,20.672037
2025-06-29 12:00:00,EP062025,34.0,2025-07-01 18:00:00,2 days 06:00:00,18.15,-106.01,971.7,87.7,37.823028564453125,132.75465393066406,118.6622314453125,84.36106872558594,113.6391830444336,64.1526,53.72371,41.386715,54.7985,30.241964,25.778498,21.057629,26.074379
2025-06-29 12:00:00,EP062025,34.0,2025-07-02 00:00:00,2 days 12:00:00,18.36,-106.69,965.3,95.1,25.359363555908203,111.78572082519533,93.09247589111328,63.47945022583008,89.55318450927734,51.921776,43.690662,34.487038,45.228027,32.057487,27.597202,22.930346,27.771317
2025-06-29 12:00:00,EP062025,34.0,2025-07-02 06:00:00,2 days 18:00:00,18.8,-107.54,976.9,82.8,27.74173927307129,131.48019409179688,111.12712860107422,77.17888641357422,107.41704559326172,62.135765,53.621586,42.622864,54.637848,36.81518,31.927048,26.258747,31.35185
2025-06-29 12:00:00,EP062025,34.0,2025-07-02 12:00:00,3 days 00:00:00,19.62,-108.06,981.5,74.4,23.777568817138672,132.67132568359375,118.64447784423828,80.81419372558594,106.46142578125,62.125343,53.646717,40.404514,51.653656,30.597012,26.688936,21.4001,25.949451
2025-06-29 12:00:00,EP062025,34.0,2025-07-02 18:00:00,3 days 06:00:00,20.28,-108.69,980.0,76.1,26.12190055847168,126.0097885131836,107.54586029052734,76.52887725830078,104.08357238769533,58.561733,48.2101,37.300457,50.065742,33.05592,28.036692,22.608936,27.725754
2025-06-29 12:00:00,EP062025,34.0,2025-07-03 00:00:00,3 days 12:00:00,21.07,-109.26,993.8,56.9,27.93792533874512,113.67948150634766,98.26131439208984,71.13655853271484,94.49007415771484,52.07774,44.513966,33.3625,43.060997,19.511265,16.468138,12.884288,16.17925
2025-06-29 12:00:00,EP062025,34.0,2025-07-03 06:00:00,3 days 18:00:00,21.77,-110.03,988.6,65.6,25.11738395690918,125.65459442138672,116.85417938232422,97.2977294921875,112.0353775024414,64.063286,54.84551,41.024487,51.874977,5.5882936,2.9070013,1.5812709,4.0888524
2025-06-29 12:00:00,EP062025,34.0,2025-07-03 12:00:00,4 days 00:00:00,22.92,-110.27,998.7,47.6,41.13224411010742,78.47737884521484,68.78239440917969,44.39200973510742,57.71982955932617,5.777237,3.9424195,2.0554905,3.4938202,0.22704461,0.0,0.0,0.0
2025-06-29 12:00:00,EP062025,34.0,2025-07-03 18:00:00,4 days 06:00:00,23.99,-110.99,1004.2,38.7,81.72510528564453,70.86294555664062,61.09261322021485,41.29380035400391,55.267539978027344,0.8021259,0.0,0.0,0.26619732,0.0,0.0,0.04717124,0.0
2025-06-29 12:00:00,EP062025,34.0,2025-07-04 00:00:00,4 days 12:00:00,24.82,-110.85,1004.0,33.1,68.48373413085938,7.5785908699035645,5.2974853515625,1.8497509956359863,5.978929042816162,0.0,0.6947632,1.0047776,0.53883517,0.15574393,0.38892245,0.47960624,0.20701104
2025-06-29 12:00:00,EP062025,34.0,2025-07-04 06:00:00,4 days 18:00:00,26.0,-111.1,1006.7,28.4,72.48352813720703,7.053699493408203,4.551271438598633,0.5064319968223572,3.809636354446411,0.0,0.14682738,1.3114786,0.074082255,0.4619802,0.2642779,0.47905496,0.22945577
2025-06-29 12:00:00,EP062025,34.0,2025-07-04 12:00:00,5 days 00:00:00,27.37,-111.42,1004.8,32.3,35.620697021484375,5.483475685119629,4.660909175872803,1.0538029670715332,1.4378758668899536,0.1961858,0.49479192,1.5280128,0.59085006,0.5563309,0.4447925,0.60086036,0.35794804
2025-06-29 12:00:00,EP062025,34.0,2025-07-04 18:00:00,5 days 06:00:00,28.09,-111.35,1006.3,29.6,39.51814270019531,9.01269817352295,7.230598449707031,2.684968948364258,5.801645755767822,0.0,0.0,0.37117016,0.3724709,0.06622469,0.207843,0.12618193,0.033704475
2025-06-29 12:00:00,AL022025,35.0,2025-06-29 12:00:00,0 days 00:00:00,20.1,-96.0,1008.0,35.0,56.0,56.0,0.0,0.0,0.0,,,,,,,,
2025-06-29 12:00:00,EP062025,35.0,2025-06-29 12:00:00,0 days 00:00:00,13.2,-99.7,1005.0,35.0,167.0,167.0,37.0,0.0,0.0,,,,,,,,
2025-06-29 12:00:00,EP062025,35.0,2025-06-29 18:00:00,0 days 06:00:00,13.52,-100.68,1003.4,40.8,85.29242706298828,62.45293426513672,50.4625358581543,31.314836502075195,49.99334716796875,0.4761452,0.0,0.0,0.29906327,0.00243656,0.029512616,0.0,0.0
2025-06-29 12:00:00,EP062025,35.0,2025-06-30 00:00:00,0 days 12:00:00,13.74,-101.11,1001.3,43.8,83.8963394165039,118.5886459350586,102.26324462890624,70.64933776855469,93.18142700195312,0.69031143,0.0,0.0,0.34311375,0.0,0.0,0.07980251,0.0
2025-06-29 12:00:00,EP062025,35.0,2025-06-30 06:00:00,0 days 18:00:00,14.25,-101.71,997.3,50.8,41.52416229248047,125.34668731689452,115.26830291748048,96.14546966552734,114.28612518310548,50.59501,46.716225,36.643642,41.60364,0.76541984,0.37012908,0.06596061,0.3483002
2025-06-29 12:00:00,EP062025,35.0,2025-06-30 12:00:00,1 days 00:00:00,14.71,-102.41,984.0,71.7,22.359071731567383,98.39918518066406,81.84683990478516,55.03410720825195,79.8003921508789,42.818073,34.990215,24.716602,35.817112,20.386627,16.594316,12.955327,17.1289
2025-06-29 12:00:00,EP062025,35.0,2025-06-30 18:00:00,1 days 06:00:00,15.33,-102.97,990.4,64.3,48.67369079589844,107.71070098876952,91.84574127197266,57.97439956665039,85.13871002197266,45.863674,37.108665,24.78272,36.158646,10.8077755,7.9875836,5.478379,8.576077
2025-06-29 12:00:00,EP062025,35.0,2025-07-01 00:00:00,1 days 12:00:00,16.04,-103.31,982.7,73.2,23.61336326599121,109.84015655517578,92.01934051513672,56.18953323364258,84.36002349853516,44.444065,35.450977,23.11151,35.437355,15.473951,11.894146,8.913149,12.525347
2025-06-29 12:00:00,EP062025,35.0,2025-07-01 06:00:00,1 days 18:00:00,16.54,-104.24,977.2,81.2,21.79130744934082,175.89126586914062,162.85369873046875,127.76872253417967,155.49703979492188,93.17142,81.11881,61.96319,78.2228,27.571815,23.026278,18.315344,23.446564
2025-06-29 12:00:00,EP062025,35.0,2025-07-01 12:00:00,2 days 00:00:00,17.53,-104.95,981.2,75.2,34.686492919921875,145.74163818359375,123.82367706298828,82.43206787109375,118.46930694580078,73.4209,61.80101,46.65996,62.30697,34.868206,30.2329,24.00002,29.558987
2025-06-29 12:00:00,EP062025,35.0,2025-07-01 18:00:00,2 days 06:00:00,17.85,-106.1,979.2,79.8,32.99029541015625,171.54641723632812,147.45169067382812,104.03726959228516,144.11244201660156,86.75227,73.78711,57.42538,74.29419,43.012287,37.42885,30.299572,36.46362
2025-06-29 12:00:00,EP062025,35.0,2025-07-02 00:00:00,2 days 12:00:00,18.19,-106.59,971.7,88.6,28.828346252441406,144.13613891601562,122.21620178222656,91.87207794189452,122.30280303955078,66.512024,56.602226,45.626553,58.49742,38.746853,33.869377,27.894667,33.306335
2025-06-29 12:00:00,EP062025,35.0,2025-07-02 06:00:00,2 days 18:00:00,18.44,-107.6,968.4,92.7,21.295583724975582,147.79066467285156,119.32087707519533,77.96795654296875,121.224853515625,68.05911,54.57073,40.19712,58.055058,34.01175,28.058466,22.444885,29.060284
2025-06-29 12:00:00,EP062025,35.0,2025-07-02 12:00:00,3 days 00:00:00,19.3,-108.57,982.5,72.0,35.122413635253906,127.8467254638672,109.68663024902344,79.3213882446289,106.8651123046875,62.26554,53.657784,41.60194,52.39234,30.716835,26.60345,21.674969,26.064318
2025-06-29 12:00:00,EP062025,35.0,2025-07-02 18:00:00,3 days 06:00:00,19.45,-109.11,985.5,67.1,29.77739715576172,142.23898315429688,122.52396392822266,96.3154754638672,121.83588409423828,70.326836,61.09376,50.04605,61.135765,39.045486,34.25411,28.119123,33.06464
2025-06-29 12:00:00,EP062025,35.0,2025-07-03 00:00:00,3 days 12:00:00,20.11,-109.95,986.9,64.1,26.3360652923584,75.53248596191406,63.21406555175781,45.42557144165039,62.40567779541016,26.531313,22.184086,17.40333,22.504107,7.8256526,5.8175554,4.7353234,6.559191
2025-06-29 12:00:00,EP062025,35.0,2025-07-03 06:00:00,3 days 18:00:00,20.49,-110.81,993.0,57.6,26.36051177978516,75.16315460205078,64.62001037597656,51.05790710449219,66.10811614990234,27.944464,23.565931,17.089884,22.261307,1.1057069,0.13322425,0.0,0.55599874
2025-06-29 12:00:00,EP062025,35.0,2025-07-03 12:00:00,4 days 00:00:00,21.02,-111.35,997.3,50.7,56.459415435791016,53.41510391235352,43.60545349121094,28.72831153869629,42.06928253173828,12.695906,9.590058,6.326219,9.449144,0.7527359,0.049966417,0.0,0.2825608
2025-06-29 12:00:00,EP062025,35.0,2025-07-03 18:00:00,4 days 06:00:00,21.43,-111.71,1003.1,41.4,43.34293365478516,85.06509399414062,76.25994110107422,60.127349853515625,74.53562927246094,10.070136,8.393874,6.2107716,7.843711,0.08286472,0.0362901,0.053818665,0.0
2025-06-29 12:00:00,EP062025,35.0,2025-07-04 00:00:00,4 days 12:00:00,22.21,-112.53,1003.4,35.7,64.07282257080078,57.09220504760742,49.15652084350586,30.800580978393555,42.1491584777832,0.0,0.026660722,0.15761858,0.0,0.103524365,0.0,0.021449527,0.06180433
2025-06-29 12:00:00,EP062025,35.0,2025-07-04 06:00:00,4 days 18:00:00,22.71,-112.91,1007.7,27.3,88.19975280761719,5.188357830047607,1.746159315109253,2.7304015159606934,3.75922155380249,0.0,0.0,0.23696217,0.0,0.25220388,0.0034427356,0.0,0.1178682
2025-06-29 12:00:00,EP062025,35.0,2025-07-04 12:00:00,5 days 00:00:00,23.05,-113.83,1009.2,28.7,116.30916595458984,10.436634063720703,7.180797576904297,5.448091983795166,6.211429595947266,0.13747638,0.0077153705,0.37178883,0.0,0.099830784,0.12118435,0.05236646,0.00061334635
2025-06-29 12:00:00,EP062025,35.0,2025-07-04 18:00:00,5 days 06:00:00,23.2,-114.75,1009.1,26.7,96.83411407470705,0.3262518346309662,0.0,0.0,0.2166743129491806,0.0,0.0,0.00050338235,0.0,0.17637618,0.0,0.0,0.0
2025-06-29 12:00:00,EP062025,35.0,2025-07-05 00:00:00,5 days 12:00:00,23.8,-115.38,1010.7,22.4,116.35157012939452,2.482224225997925,0.8576213121414185,3.285112142562866,0.7469412088394165,0.0,0.0,0.20292567,0.0,0.13747436,0.050450183,0.0,0.0
2025-06-29 12:00:00,EP062025,35.0,2025-07-05 06:00:00,5 days 18:00:00,23.93,-116.01,1010.8,21.6,119.50149536132812,2.952486753463745,2.595066547393799,4.073976039886475,2.6361119747161865,0.039519027,0.0,0.08137377,0.0,0.36693382,0.0,0.0,0.0
2025-06-29 12:00:00,EP062025,35.0,2025-07-05 12:00:00,6 days 00:00:00,24.11,-116.75,1009.0,20.6,56.0254135131836,0.0819707289338111,0.0,0.8479541540145874,0.0,0.26069993,0.0,0.0,0.0,0.017859673,0.0,0.0,0.0
2025-06-29 12:00:00,EP062025,35.0,2025-07-05 18:00:00,6 days 06:00:00,24.46,-117.24,1012.5,17.5,139.59783935546875,2.2295210361480717,1.9251331090927124,4.250556468963623,0.678346574306488,0.0,0.16420908,0.35490248,0.0,0.21318398,0.02975347,0.0,0.0
2025-06-29 12:00:00,EP062025,35.0,2025-07-06 00:00:00,6 days 12:00:00,24.41,-117.66,1010.7,18.2,55.730567932128906,1.371322751045227,0.0,2.091618299484253,0.0,0.0,0.0,0.0,0.0,0.17654929,0.0,0.0,0.0
2025-06-29 12:00:00,AL022025,36.0,2025-06-29 12:00:00,0 days 00:00:00,20.1,-96.0,1008.0,35.0,56.0,56.0,0.0,0.0,0.0,,,,,,,,
2025-06-29 12:00:00,EP062025,36.0,2025-06-29 12:00:00,0 days 00:00:00,13.2,-99.7,1005.0,35.0,167.0,167.0,37.0,0.0,0.0,,,,,,,,
2025-06-29 12:00:00,EP062025,36.0,2025-06-29 18:00:00,0 days 06:00:00,13.69,-100.15,1003.0,39.2,80.57373809814453,20.202869415283203,15.160027503967283,8.396528244018555,16.188030242919922,0.55942905,0.0,0.0,0.44416013,0.0,0.0,0.0,0.0
2025-06-29 12:00:00,EP062025,36.0,2025-06-30 00:00:00,0 days 12:00:00,13.93,-100.81,1002.2,39.5,93.06671142578124,22.721582412719727,16.579065322875977,4.412666320800781,13.552118301391602,0.21834682,0.0,0.0,0.0,0.0,0.0,0.0,0.0
2025-06-29 12:00:00,EP062025,36.0,2025-06-30 06:00:00,0 days 18:00:00,14.46,-101.6,998.0,49.7,62.50513458251953,62.44670867919922,51.84848403930664,29.015357971191406,48.20915603637695,4.849265,2.9027998,1.33952,3.217911,0.14894184,0.0,0.0,0.0
2025-06-29 12:00:00,EP062025,36.0,2025-06-30 12:00:00,1 days 00:00:00,15.28,-102.14,994.9,53.9,42.12116241455078,62.90009307861328,52.85955429077149,30.871976852416992,50.13302993774414,10.478293,7.7011533,4.3429375,7.5402813,0.18885073,0.0,0.0,0.08215089
2025-06-29 12:00:00,EP062025,36.0,2025-06-30 18:00:00,1 days 06:00:00,15.93,-102.94,994.3,59.7,36.33053970336914,114.24102020263672,97.31563568115234,65.24356079101562,95.05756378173828,46.002438,36.782795,24.371841,36.10897,4.6722293,2.2784374,0.8336666,3.1721692
2025-06-29 12:00:00,EP062025,36.0,2025-07-01 00:00:00,1 days 12:00:00,16.64,-103.63,986.6,66.5,35.159446716308594,127.72520446777344,108.7124481201172,75.1857681274414,104.45661163330078,59.080116,51.091194,38.180843,49.39803,27.590313,23.688051,18.96462,23.118927
2025-06-29 12:00:00,EP062025,36.0,2025-07-01 06:00:00,1 days 18:00:00,17.33,-104.64,985.8,67.7,30.526641845703125,138.61524963378906,113.43612670898438,78.17442321777344,115.91973114013672,64.66435,54.889797,41.035923,54.798405,29.979425,25.198772,20.124763,24.928795
2025-06-29 12:00:00,EP062025,36.0,2025-07-01 12:00:00,2 days 00:00:00,17.99,-105.57,982.5,74.4,36.06085586547852,105.52325439453124,91.0219268798828,61.32218170166016,84.85602569580078,49.51328,41.505985,31.110462,42.14032,24.55767,20.871353,16.813253,20.851212
2025-06-29 12:00:00,EP062025,36.0,2025-07-01 18:00:00,2 days 06:00:00,18.87,-106.38,980.1,77.6,17.61484718322754,110.18240356445312,93.4100112915039,62.68236541748047,89.00849914550781,47.717228,39.96971,29.61564,41.270855,25.104427,21.13169,16.856647,21.298817
2025-06-29 12:00:00,EP062025,36.0,2025-07-02 00:00:00,2 days 12:00:00,19.56,-107.2,989.2,64.3,47.08481597900391,149.3756561279297,125.48514556884766,83.7831802368164,121.19329833984376,72.025826,62.052586,46.51999,60.769222,34.641273,29.964445,23.980669,28.891891
2025-06-29 12:00:00,EP062025,36.0,2025-07-02 06:00:00,2 days 18:00:00,19.93,-107.72,985.0,72.2,21.584535598754883,115.73611450195312,100.0640106201172,67.61929321289062,93.0287094116211,53.316647,46.364353,35.986847,45.306225,25.546984,21.730785,18.05612,21.61036
2025-06-29 12:00:00,EP062025,36.0,2025-07-02 12:00:00,3 days 00:00:00,20.92,-108.32,986.2,68.3,29.63581085205078,118.16608428955078,105.66893768310548,73.26345825195312,95.39025115966795,55.65415,48.247135,36.845078,47.01603,30.03166,25.872719,21.021944,25.554169
2025-06-29 12:00:00,EP062025,36.0,2025-07-02 18:00:00,3 days 06:00:00,21.43,-109.08,994.0,57.3,19.900575637817383,64.76351165771484,50.98640823364258,29.880512237548828,50.39835357666016,25.227783,18.5069,11.4734535,19.76076,4.895894,2.695209,1.4464431,3.396636
2025-06-29 12:00:00,EP062025,36.0,2025-07-03 00:00:00,3 days 12:00:00,22.1,-109.82,995.4,49.8,55.24696350097656,62.035247802734375,55.53632736206055,35.9344482421875,47.82366180419922,10.730947,8.341761,5.1251907,7.970845,0.28471008,0.0,0.0,0.14784557
2025-06-29 12:00:00,EP062025,36.0,2025-07-03 06:00:00,3 days 18:00:00,22.42,-110.08,1001.1,44.5,33.671321868896484,57.547122955322266,50.24232864379883,34.09193801879883,47.02771759033203,10.330177,8.541077,5.9468107,8.082517,0.19415052,0.02824543,0.0,0.0
2025-06-29 12:00:00,EP062025,36.0,2025-07-03 12:00:00,4 days 00:00:00,23.02,-110.58,1005.8,34.0,43.65945053100586,2.835756063461304,0.0,0.0,2.0030393600463867,0.0,0.0,0.0,0.0,0.17093424,0.0,0.067999214,0.0
2025-06-29 12:00:00,EP062025,36.0,2025-07-03 18:00:00,4 days 06:00:00,23.7,-110.84,1006.3,30.5,38.11182403564453,36.53786087036133,31.826950073242188,20.913179397583008,30.85323715209961,0.0,0.0,0.0,0.0,0.0901218,0.10826695,0.12639841,0.0
2025-06-29 12:00:00,EP062025,36.0,2025-07-04 00:00:00,4 days 12:00:00,24.49,-111.81,1005.0,28.9,38.57086944580078,3.554009199142456,3.2063002586364746,0.6454052329063416,2.800872325897217,0.093434505,0.0,0.4664297,0.44380337,0.2020462,0.07510035,0.093811445,0.0
2025-06-29 12:00:00,EP062025,36.0,2025-07-04 06:00:00,4 days 18:00:00,24.85,-111.96,1009.4,23.1,78.95176696777344,4.3036208152771,4.3426032066345215,1.1204626560211182,3.012850046157837,0.09948271,0.0,0.50029683,0.0,0.4609044,0.015000948,0.10093591,0.0
2025-06-29 12:00:00,EP062025,36.0,2025-07-04 12:00:00,5 days 00:00:00,25.1,-112.1,1011.2,22.8,131.42529296875,4.9328789710998535,3.7394094467163086,2.407139301300049,1.32939612865448,0.00051989435,0.0,0.05147346,0.086125314,0.18148798,0.0,0.0,0.0
2025-06-29 12:00:00,EP062025,36.0,2025-07-04 18:00:00,5 days 06:00:00,25.81,-112.3,1012.4,19.3,124.5893325805664,9.300559043884276,8.282691955566406,5.105881214141846,6.854280948638916,0.0,0.0,0.5093657,0.0,0.43446153,0.35209408,0.29243383,0.056746032
2025-06-29 12:00:00,AL022025,37.0,2025-06-29 12:00:00,0 days 00:00:00,20.1,-96.0,1008.0,35.0,56.0,56.0,0.0,0.0,0.0,,,,,,,,
2025-06-29 12:00:00,AL022025,37.0,2025-06-29 18:00:00,0 days 06:00:00,21.02,-96.18,1006.8,29.9,126.12482452392578,9.77552890777588,10.67811107635498,2.334091186523437,6.94851016998291,0.7799028,0.34449446,0.32265496,0.43036476,0.2529539,0.5702308,0.4117224,0.24233378
2025-06-29 12:00:00,EP062025,37.0,2025-06-29 12:00:00,0 days 00:00:00,13.2,-99.7,1005.0,35.0,167.0,167.0,37.0,0.0,0.0,,,,,,,,
2025-06-29 12:00:00,EP062025,37.0,2025-06-29 18:00:00,0 days 06:00:00,13.42,-100.42,1001.9,42.3,67.98556518554688,36.64503860473633,30.01987648010254,16.160104751586914,28.14852333068848,0.81646454,0.0,0.0,0.46627316,0.038246933,0.007115969,0.0,0.0
2025-06-29 12:00:00,EP062025,37.0,2025-06-30 00:00:00,0 days 12:00:00,13.71,-101.08,1003.7,39.8,88.83750915527344,38.21364974975586,31.04701232910156,16.551227569580078,30.051767349243164,0.76374805,0.0,0.0,0.12505783,0.06388788,0.0,0.0,0.0
2025-06-29 12:00:00,EP062025,37.0,2025-06-30 06:00:00,0 days 18:00:00,14.54,-101.26,997.2,52.1,59.32881927490234,96.23883056640624,80.73455047607422,51.340213775634766,74.2208023071289,6.76141,4.6437693,2.4633708,4.5778666,0.15624993,0.0015056,0.0,0.12654871
2025-06-29 12:00:00,EP062025,37.0,2025-06-30 12:00:00,1 days 00:00:00,14.99,-102.01,986.3,68.7,34.582489013671875,102.35791778564452,89.89872741699219,59.00053024291992,81.40060424804688,45.747814,38.452744,27.012417,37.462425,18.263176,15.107822,11.657114,15.42279
2025-06-29 12:00:00,EP062025,37.0,2025-06-30 18:00:00,1 days 06:00:00,15.89,-102.45,993.2,57.2,45.112548828125,130.2991485595703,117.11945343017578,81.06104278564453,105.3527603149414,40.51657,34.248837,23.82028,30.945156,1.8158398,0.8528256,0.17228696,1.1438913
2025-06-29 12:00:00,EP062025,37.0,2025-07-01 00:00:00,1 days 12:00:00,16.51,-103.35,988.5,65.3,38.27324676513672,108.00102996826172,89.01319122314453,55.02974319458008,84.11905670166016,45.572342,36.93728,26.238886,37.72194,19.348248,15.690981,12.197492,15.8286295
2025-06-29 12:00:00,EP062025,37.0,2025-07-01 06:00:00,1 days 18:00:00,17.09,-104.09,987.6,68.9,39.2635383605957,133.15997314453125,108.20417022705078,72.4340591430664,107.73453521728516,61.790497,50.99251,37.0933,51.219097,23.266323,18.504835,14.568472,19.095652
2025-06-29 12:00:00,EP062025,37.0,2025-07-01 12:00:00,2 days 00:00:00,17.88,-104.91,989.9,66.4,49.057010650634766,127.8813705444336,111.74308776855467,73.37648010253906,102.64181518554688,59.53087,50.613247,38.383087,49.942516,28.97531,24.977222,20.062462,24.224028
2025-06-29 12:00:00,EP062025,37.0,2025-07-01 18:00:00,2 days 06:00:00,18.38,-105.99,983.4,71.5,23.17523765563965,100.5606918334961,79.9837875366211,48.735111236572266,77.57071685791016,44.706238,34.64215,25.2295,37.556908,21.288275,16.883024,13.459598,17.554756
2025-06-29 12:00:00,EP062025,37.0,2025-07-02 00:00:00,2 days 12:00:00,18.93,-106.78,976.8,82.4,17.530517578125,101.72307586669922,83.77239990234375,50.74684524536133,78.71566009521484,42.489307,33.512154,23.480207,35.461525,22.122292,17.99617,14.203554,18.52002
2025-06-29 12:00:00,EP062025,37.0,2025-07-02 06:00:00,2 days 18:00:00,19.72,-107.59,986.4,68.9,51.9759521484375,120.60674285888672,101.37738037109376,60.71503448486328,94.54872131347656,55.2319,45.947803,33.695,46.209232,24.977196,20.757837,16.490301,20.871407
2025-06-29 12:00:00,EP062025,37.0,2025-07-02 12:00:00,3 days 00:00:00,20.32,-107.98,988.3,65.8,47.96429443359375,115.21182250976562,105.27091217041016,76.36315155029297,93.28978729248048,56.410725,50.150845,39.273796,47.1944,25.663733,22.272558,18.361721,21.523287
2025-06-29 12:00:00,EP062025,37.0,2025-07-02 18:00:00,3 days 06:00:00,21.17,-108.9,994.1,54.9,35.28089904785156,176.27978515625,180.3515167236328,155.63868713378906,161.41055297851562,64.79529,62.60415,51.096497,52.72693,0.0,0.0,0.0,0.0
2025-06-29 12:00:00,EP062025,37.0,2025-07-03 00:00:00,3 days 12:00:00,21.88,-109.29,999.9,45.0,57.50601196289063,55.818115234375,47.85832214355469,26.433513641357425,40.53697967529297,2.4381227,1.1863202,0.0,1.3553405,0.26320955,0.0,0.0,0.106310055
2025-06-29 12:00:00,EP062025,37.0,2025-07-03 06:00:00,3 days 18:00:00,22.4,-110.17,1000.6,39.7,26.328414916992188,23.10301780700684,16.831317901611328,10.060752868652344,18.377050399780277,0.46603262,0.0,0.0,0.32954675,0.4619193,0.04164676,0.0,0.017646797
2025-06-29 12:00:00,EP062025,37.0,2025-07-03 12:00:00,4 days 00:00:00,23.51,-110.5,1003.1,38.8,72.52051544189453,46.53361892700195,39.39721298217773,23.15940284729004,35.18022918701172,0.79729617,0.23863651,0.099102296,0.2093611,0.14568383,0.057917766,0.07075173,0.0
2025-06-29 12:00:00,EP062025,37.0,2025-07-03 18:00:00,4 days 06:00:00,24.26,-111.12,1006.3,31.9,83.11404418945312,53.2935791015625,44.09977722167969,27.349761962890625,41.34516906738281,0.0,0.0,0.21625091,0.0,0.0863946,0.02444276,0.101278394,0.0
2025-06-29 12:00:00,EP062025,37.0,2025-07-04 00:00:00,4 days 12:00:00,24.83,-111.6,1006.7,26.0,41.3522834777832,4.862541675567627,4.263904094696045,2.166748285293579,3.6498863697052,0.0,0.3505422,0.5953553,0.27450532,0.2706173,0.24283,0.19819383,0.0
2025-06-29 12:00:00,AL022025,38.0,2025-06-29 12:00:00,0 days 00:00:00,20.1,-96.0,1008.0,35.0,56.0,56.0,0.0,0.0,0.0,,,,,,,,
2025-06-29 12:00:00,EP062025,38.0,2025-06-29 12:00:00,0 days 00:00:00,13.2,-99.7,1005.0,35.0,167.0,167.0,37.0,0.0,0.0,,,,,,,,
2025-06-29 12:00:00,EP062025,38.0,2025-06-29 18:00:00,0 days 06:00:00,13.72,-100.18,1004.4,35.3,72.31422424316406,100.2215576171875,86.78556060791016,68.97406005859375,84.41804504394531,0.5787076,0.0,0.0,0.13918263,0.102164224,0.0,0.057379585,0.04492649
2025-06-29 12:00:00,EP062025,38.0,2025-06-30 00:00:00,0 days 12:00:00,13.94,-100.84,1003.8,31.7,59.70366287231445,2.2685792446136475,1.801635146141052,0.0,0.0,0.0,0.18776655,0.0,0.0,0.0,0.0,0.0,0.0
2025-06-29 12:00:00,EP062025,38.0,2025-06-30 06:00:00,0 days 18:00:00,14.61,-101.38,1001.8,39.5,91.75375366210938,46.77227783203125,37.12798309326172,23.4929313659668,33.59330368041992,0.1834378,0.039120585,0.0,0.15564083,0.052145865,0.014914265,0.010033299,0.0
2025-06-29 12:00:00,EP062025,38.0,2025-06-30 12:00:00,1 days 00:00:00,15.22,-101.9,995.0,51.1,35.902626037597656,120.92906951904295,106.87753295898438,74.8195571899414,97.96760559082033,16.755404,13.144011,7.434112,11.689799,0.0,0.0,0.0,0.0
2025-06-29 12:00:00,EP062025,38.0,2025-06-30 18:00:00,1 days 06:00:00,15.93,-102.75,995.2,54.9,52.16526412963867,107.1119155883789,93.22766876220705,62.01995086669922,87.55950164794922,21.698452,17.359741,10.83743,15.447986,0.0,0.0,0.0,0.0
2025-06-29 12:00:00,EP062025,38.0,2025-07-01 00:00:00,1 days 12:00:00,16.67,-103.73,987.2,65.9,36.787254333496094,110.65996551513672,90.1512680053711,61.965145111083984,92.59212493896484,52.86606,41.43119,29.110054,42.789455,15.957901,11.568139,8.40224,13.389247
2025-06-29 12:00:00,EP062025,38.0,2025-07-01 06:00:00,1 days 18:00:00,16.99,-104.56,980.6,78.3,25.16371154785156,152.26475524902344,130.77462768554688,93.00345611572266,130.40542602539062,75.707756,64.18713,48.830498,64.8156,37.234783,31.90348,25.377554,31.843678
2025-06-29 12:00:00,EP062025,38.0,2025-07-01 12:00:00,2 days 00:00:00,17.71,-105.41,964.0,98.5,16.703266143798828,155.21621704101562,134.10462951660156,99.6992645263672,131.46121215820312,66.933,55.040382,43.78263,56.953995,25.22688,20.938946,17.178112,22.023184
2025-06-29 12:00:00,EP062025,38.0,2025-07-01 18:00:00,2 days 06:00:00,17.9,-106.47,964.7,96.5,11.230806350708008,124.0094223022461,108.76158905029295,80.458984375,108.59026336669922,59.190033,48.1417,38.24168,52.022926,32.79292,27.406275,22.670189,28.675083
2025-06-29 12:00:00,EP062025,38.0,2025-07-02 00:00:00,2 days 12:00:00,18.37,-107.23,955.0,109.2,12.758769989013672,118.16477966308594,103.51277160644533,75.42515563964844,100.36356353759766,48.55811,38.082893,31.313988,42.86495,26.39581,21.596628,17.94147,23.522753
2025-06-29 12:00:00,EP062025,38.0,2025-07-02 06:00:00,2 days 18:00:00,18.61,-108.07,964.3,98.6,35.163909912109375,135.30239868164062,114.38495635986328,78.7558364868164,113.64169311523438,55.338142,44.66273,34.62138,47.94173,28.729248,23.474379,19.10755,25.151989
2025-06-29 12:00:00,EP062025,38.0,2025-07-02 12:00:00,3 days 00:00:00,19.07,-108.8,969.8,93.8,45.63136291503906,163.0338134765625,142.00851440429688,105.6567840576172,137.595947265625,75.84979,65.875755,52.101704,65.70752,37.666225,32.609722,26.8897,32.62508
2025-06-29 12:00:00,EP062025,38.0,2025-07-02 18:00:00,3 days 06:00:00,19.26,-109.78,968.2,92.1,21.469667434692383,132.70919799804688,114.24437713623048,91.6988754272461,117.79069519042967,61.753437,52.451187,43.783325,55.32952,30.755548,26.438374,22.187416,27.123552
2025-06-29 12:00:00,EP062025,38.0,2025-07-03 00:00:00,3 days 12:00:00,19.65,-110.14,968.2,89.9,26.58302879333496,152.406494140625,138.94810485839844,120.10327911376952,140.46505737304688,77.15146,70.74884,60.41322,69.65094,39.24708,35.853874,30.614887,34.791637
2025-06-29 12:00:00,EP062025,38.0,2025-07-03 06:00:00,3 days 18:00:00,20.5,-110.69,978.9,75.1,39.722938537597656,100.08328247070312,81.96822357177734,68.87413787841797,88.2015609741211,45.471794,38.596684,31.390114,40.790733,21.530386,17.791586,14.529744,19.350025
2025-06-29 12:00:00,EP062025,38.0,2025-07-03 12:00:00,4 days 00:00:00,20.72,-111.19,997.6,47.3,40.09634017944336,139.65072631835938,123.0091323852539,96.5200653076172,118.8711395263672,33.38454,28.838905,20.829695,26.022524,0.0,0.0,0.0,0.0
2025-06-29 12:00:00,EP062025,38.0,2025-07-03 18:00:00,4 days 06:00:00,21.65,-111.46,1001.1,40.8,30.60081672668457,107.65331268310548,93.82505798339844,64.64732360839844,87.61650085449219,8.002801,6.680942,2.8904047,5.5709257,0.0,0.0,0.0,0.0
2025-06-29 12:00:00,EP062025,38.0,2025-07-04 00:00:00,4 days 12:00:00,22.51,-112.34,1003.0,40.4,95.8894271850586,55.97349166870117,49.34091567993164,30.39817237854004,42.6722412109375,1.5363641,0.8333549,0.0,0.8809854,0.22584048,0.08510555,0.009724118,0.08067698
2025-06-29 12:00:00,EP062025,38.0,2025-07-04 06:00:00,4 days 18:00:00,23.18,-112.55,1005.7,30.7,44.687774658203125,59.41734313964844,50.26755142211914,37.16179275512695,47.87255859375,0.60522676,0.62325084,0.019873861,0.6310671,0.057690404,0.17509645,0.099990666,0.08008882
2025-06-29 12:00:00,EP062025,38.0,2025-07-04 12:00:00,5 days 00:00:00,24.2,-113.25,1007.3,31.5,78.4937744140625,5.00189208984375,4.418875217437744,0.2059608548879623,2.434457302093506,0.69021934,0.81243587,0.54095244,0.6028706,0.0,0.0,0.0,0.0
2025-06-29 12:00:00,EP062025,38.0,2025-07-04 18:00:00,5 days 06:00:00,25.09,-113.68,1007.7,27.5,69.67568969726562,5.530316352844238,4.3527116775512695,0.8354969620704651,2.3800148963928223,0.96832246,0.7486635,0.7785758,0.57744426,0.0013834563,0.053406682,0.0,0.0
2025-06-29 12:00:00,EP062025,38.0,2025-07-05 00:00:00,5 days 12:00:00,25.27,-114.14,1008.9,26.9,108.58234405517578,4.254392147064209,3.9417941570281982,0.2697099149227142,0.6371827721595764,0.9836533,0.9553369,0.09885064,0.8267771,0.0,0.033892684,0.0,0.0
2025-06-29 12:00:00,EP062025,38.0,2025-07-05 06:00:00,5 days 18:00:00,25.67,-114.26,1010.1,22.6,66.71818542480469,0.0,2.114516019821167,0.4943495094776153,0.0,0.265537,0.38984323,0.49450278,0.0,0.0,0.124590375,0.062032104,0.0
2025-06-29 12:00:00,EP062025,38.0,2025-07-05 12:00:00,6 days 00:00:00,26.07,-114.46,1012.2,21.1,109.61378479003906,0.0,1.8563005924224851,0.0,0.0,0.58266544,0.55936795,0.418718,0.6827582,0.069084354,0.099414825,0.0,0.0
2025-06-29 12:00:00,EP062025,38.0,2025-07-05 18:00:00,6 days 06:00:00,25.58,-114.72,1012.2,20.3,107.6937255859375,1.9102013111114504,3.7359371185302734,1.9020835161209104,0.0,0.0,0.0035548143,0.03569982,0.24315464,0.035668515,0.06187502,0.009915929,0.025143947
2025-06-29 12:00:00,EP062025,38.0,2025-07-06 00:00:00,6 days 12:00:00,25.6,-113.74,1013.0,18.0,153.46969604492188,1.3091137409210205,4.609564781188965,2.904546022415161,0.0,0.0,0.0,0.0,0.3741215,0.0,0.0,0.0,0.0
2025-06-29 12:00:00,AL022025,39.0,2025-06-29 12:00:00,0 days 00:00:00,20.1,-96.0,1008.0,35.0,56.0,56.0,0.0,0.0,0.0,,,,,,,,
2025-06-29 12:00:00,AL022025,39.0,2025-06-29 18:00:00,0 days 06:00:00,15.02,-98.96,1003.3,34.5,89.94070434570312,3.7087905406951904,0.2548052370548248,0.0,1.8470306396484373,0.23992792,0.21935262,0.10647271,0.21836759,0.0,0.0,0.0027410684,0.0
2025-06-29 12:00:00,AL022025,39.0,2025-06-30 00:00:00,0 days 12:00:00,14.06,-101.26,997.9,49.3,38.27003479003906,134.21908569335938,117.58980560302734,85.28811645507812,111.30841827392578,25.164562,20.564646,13.625315,18.723429,0.0,0.0,0.0,0.0
2025-06-29 12:00:00,AL022025,39.0,2025-06-30 06:00:00,0 days 18:00:00,14.46,-101.66,997.5,51.1,54.85338973999024,71.89618682861328,61.45219802856445,38.479251861572266,57.69733047485352,7.4514866,6.0764318,2.766309,4.837738,0.0,0.0,0.0,0.0
2025-06-29 12:00:00,AL022025,39.0,2025-06-30 12:00:00,1 days 00:00:00,15.17,-102.03,976.1,80.7,21.57332801818848,113.55624389648438,103.31998443603516,76.47454833984375,95.71304321289062,55.427124,48.084793,37.461025,47.21029,24.410202,21.162569,17.098665,20.999174
2025-06-29 12:00:00,AL022025,39.0,2025-06-30 18:00:00,1 days 06:00:00,16.12,-102.85,988.4,66.3,43.68313217163086,106.21245574951172,89.2958984375,56.24798583984375,86.7607192993164,49.799953,39.17111,27.250002,39.63838,12.674063,9.01857,6.318331,10.408659
2025-06-29 12:00:00,AL022025,39.0,2025-07-01 00:00:00,1 days 12:00:00,16.51,-103.54,988.1,64.6,46.17595291137695,126.03533172607422,105.05702209472656,72.26652526855469,103.32775115966795,46.664204,36.321564,25.237225,36.67093,6.359583,3.485555,1.685492,5.1092997
2025-06-29 12:00:00,AL022025,39.0,2025-07-01 06:00:00,1 days 18:00:00,17.14,-104.55,981.0,78.6,47.18580627441406,122.49958038330078,100.41339874267578,64.82669067382812,101.69330596923828,61.278965,49.642136,36.628017,52.047817,35.559193,29.464674,23.26395,30.346228
2025-06-29 12:00:00,AL022025,39.0,2025-07-01 12:00:00,2 days 00:00:00,17.93,-105.16,973.4,87.8,14.204357147216797,134.31846618652344,114.39104461669922,87.91161346435547,116.89754486083984,67.54049,57.166656,45.735455,59.00878,35.39814,30.284641,24.851406,30.772818
2025-06-29 12:00:00,AL022025,39.0,2025-07-01 18:00:00,2 days 06:00:00,18.48,-105.93,962.9,100.4,17.2841796875,127.99451446533205,110.20578002929688,86.12214660644531,116.13262939453124,62.775105,51.829544,42.87666,56.008755,32.1045,27.194912,22.562408,28.424036
2025-06-29 12:00:00,AL022025,39.0,2025-07-02 00:00:00,2 days 12:00:00,19.07,-106.68,953.3,111.0,30.86996459960937,123.7171630859375,109.25939178466795,80.52684783935547,105.62443542480467,55.92822,46.12965,39.23316,49.90248,32.29943,27.701077,23.659468,28.85345
2025-06-29 12:00:00,AL022025,39.0,2025-07-02 06:00:00,2 days 18:00:00,19.62,-107.28,963.7,99.3,27.21294403076172,123.17276763916016,109.35250091552734,78.72949981689453,110.7291030883789,51.794445,43.445625,34.836807,44.853775,22.75495,19.105343,15.9927435,20.299091
2025-06-29 12:00:00,AL022025,39.0,2025-07-02 12:00:00,3 days 00:00:00,20.75,-107.61,980.2,74.8,20.10585021972656,91.8818588256836,84.87602233886719,59.89704132080078,78.99637603759766,41.141888,34.784184,26.981562,34.582134,13.8723955,11.384421,9.306306,12.176135
2025-06-29 12:00:00,AL022025,39.0,2025-07-02 18:00:00,3 days 06:00:00,21.81,-108.01,978.4,80.2,41.11514663696289,94.8984603881836,83.56136322021484,58.629154205322266,77.89571380615234,43.685566,37.14059,29.45997,37.244915,20.498108,17.514091,14.648086,17.902702
2025-06-29 12:00:00,AL022025,39.0,2025-07-03 00:00:00,3 days 12:00:00,23.0,-108.7,994.9,49.8,29.89076232910156,81.58502197265625,70.62071990966797,50.792781829833984,69.58843231201172,36.755123,30.160604,21.77522,28.988424,6.281596,4.7315726,3.3239377,5.1970353
2025-06-29 12:00:00,AL022025,39.0,2025-07-03 06:00:00,3 days 18:00:00,24.03,-108.95,994.5,53.9,15.779484748840332,78.2957763671875,68.88928985595703,47.92631149291992,63.66422271728516,38.56384,32.046993,22.555107,30.861954,7.3156447,4.9092984,3.2070947,5.849806
2025-06-29 12:00:00,AL022025,39.0,2025-07-03 12:00:00,4 days 00:00:00,25.08,-109.01,989.9,60.7,42.93966293334961,74.43608093261719,66.67118072509766,44.00777816772461,59.40879821777344,32.653576,26.645723,17.968338,26.339008,8.41741,5.9167285,4.002658,7.0299273
2025-06-29 12:00:00,AL022025,39.0,2025-07-03 18:00:00,4 days 06:00:00,26.8,-109.57,996.5,45.9,50.783687591552734,76.4425277709961,70.48265075683594,43.85662841796875,60.2000732421875,5.1651306,4.231681,1.8040048,3.0222692,0.0,0.19323152,0.0,0.04425627
2025-06-29 12:00:00,AL022025,39.0,2025-07-04 00:00:00,4 days 12:00:00,27.59,-108.94,1006.8,27.3,94.96849822998048,5.336465835571289,3.76606822013855,0.554089367389679,1.3456333875656128,0.34654456,0.03554167,0.0,0.0,0.0,0.033230115,0.0,0.0
2025-06-29 12:00:00,EP062025,39.0,2025-06-29 12:00:00,0 days 00:00:00,13.2,-99.7,1005.0,35.0,167.0,167.0,37.0,0.0,0.0,,,,,,,,
2025-06-29 12:00:00,EP062025,39.0,2025-06-29 18:00:00,0 days 06:00:00,13.27,-100.16,1003.3,34.5,90.5608139038086,3.7060139179229736,0.2711569666862488,0.0,1.77805757522583,0.24181156,0.22470872,0.11551922,0.22202554,0.0,0.0,0.0036423285,0.0
2025-06-29 12:00:00,EP062025,39.0,2025-06-30 00:00:00,0 days 12:00:00,14.06,-101.26,997.9,49.3,38.27003479003906,134.21908569335938,117.58980560302734,85.28811645507812,111.30841827392578,25.164562,20.564646,13.625315,18.723429,0.0,0.0,0.0,0.0
2025-06-29 12:00:00,EP062025,39.0,2025-06-30 06:00:00,0 days 18:00:00,14.46,-101.66,997.5,51.1,54.85338973999024,71.89618682861328,61.45219802856445,38.479251861572266,57.69733047485352,7.4514866,6.0764318,2.766309,4.837738,0.0,0.0,0.0,0.0
2025-06-29 12:00:00,EP062025,39.0,2025-06-30 12:00:00,1 days 00:00:00,15.17,-102.03,976.1,80.7,21.57332801818848,113.55624389648438,103.31998443603516,76.47454833984375,95.71304321289062,55.427124,48.084793,37.461025,47.21029,24.410202,21.162569,17.098665,20.999174
2025-06-29 12:00:00,EP062025,39.0,2025-06-30 18:00:00,1 days 06:00:00,16.12,-102.85,988.4,66.3,43.68313217163086,106.21245574951172,89.2958984375,56.24798583984375,86.7607192993164,49.799953,39.17111,27.250002,39.63838,12.674063,9.01857,6.318331,10.408659
2025-06-29 12:00:00,EP062025,39.0,2025-07-01 00:00:00,1 days 12:00:00,16.51,-103.54,988.1,64.6,46.17595291137695,126.03533172607422,105.05702209472656,72.26652526855469,103.32775115966795,46.664204,36.321564,25.237225,36.67093,6.359583,3.485555,1.685492,5.1092997
2025-06-29 12:00:00,EP062025,39.0,2025-07-01 06:00:00,1 days 18:00:00,17.14,-104.55,981.0,78.6,47.18580627441406,122.49958038330078,100.41339874267578,64.82669067382812,101.69330596923828,61.278965,49.642136,36.628017,52.047817,35.559193,29.464674,23.26395,30.346228
2025-06-29 12:00:00,EP062025,39.0,2025-07-01 12:00:00,2 days 00:00:00,17.93,-105.16,973.4,87.8,14.204357147216797,134.31846618652344,114.39104461669922,87.91161346435547,116.89754486083984,67.54049,57.166656,45.735455,59.00878,35.39814,30.284641,24.851406,30.772818
2025-06-29 12:00:00,EP062025,39.0,2025-07-01 18:00:00,2 days 06:00:00,18.48,-105.93,962.9,100.4,17.2841796875,127.99451446533205,110.20578002929688,86.12214660644531,116.13262939453124,62.775105,51.829544,42.87666,56.008755,32.1045,27.194912,22.562408,28.424036
2025-06-29 12:00:00,EP062025,39.0,2025-07-02 00:00:00,2 days 12:00:00,19.07,-106.68,953.3,111.0,30.86996459960937,123.7171630859375,109.25939178466795,80.52684783935547,105.62443542480467,55.92822,46.12965,39.23316,49.90248,32.29943,27.701077,23.659468,28.85345
2025-06-29 12:00:00,EP062025,39.0,2025-07-02 06:00:00,2 days 18:00:00,19.62,-107.28,963.7,99.3,27.21294403076172,123.17276763916016,109.35250091552734,78.72949981689453,110.7291030883789,51.794445,43.445625,34.836807,44.853775,22.75495,19.105343,15.9927435,20.299091
2025-06-29 12:00:00,EP062025,39.0,2025-07-02 12:00:00,3 days 00:00:00,20.75,-107.61,980.2,74.8,20.10585021972656,91.8818588256836,84.87602233886719,59.89704132080078,78.99637603759766,41.141888,34.784184,26.981562,34.582134,13.8723955,11.384421,9.306306,12.176135
2025-06-29 12:00:00,EP062025,39.0,2025-07-02 18:00:00,3 days 06:00:00,21.81,-108.01,978.4,80.2,41.11514663696289,94.8984603881836,83.56136322021484,58.629154205322266,77.89571380615234,43.685566,37.14059,29.45997,37.244915,20.498108,17.514091,14.648086,17.902702
2025-06-29 12:00:00,EP062025,39.0,2025-07-03 00:00:00,3 days 12:00:00,23.0,-108.7,994.9,49.8,29.89076232910156,81.58502197265625,70.62071990966797,50.792781829833984,69.58843231201172,36.755123,30.160604,21.77522,28.988424,6.281596,4.7315726,3.3239377,5.1970353
2025-06-29 12:00:00,EP062025,39.0,2025-07-03 06:00:00,3 days 18:00:00,24.03,-108.95,994.5,53.9,15.779484748840332,78.2957763671875,68.88928985595703,47.92631149291992,63.66422271728516,38.56384,32.046993,22.555107,30.861954,7.3156447,4.9092984,3.2070947,5.849806
2025-06-29 12:00:00,EP062025,39.0,2025-07-03 12:00:00,4 days 00:00:00,25.08,-109.01,989.9,60.7,42.93966293334961,74.43608093261719,66.67118072509766,44.00777816772461,59.40879821777344,32.653576,26.645723,17.968338,26.339008,8.41741,5.9167285,4.002658,7.0299273
2025-06-29 12:00:00,EP062025,39.0,2025-07-03 18:00:00,4 days 06:00:00,26.8,-109.57,996.5,45.9,50.783687591552734,76.4425277709961,70.48265075683594,43.85662841796875,60.2000732421875,5.1651306,4.231681,1.8040048,3.0222692,0.0,0.19323152,0.0,0.04425627
2025-06-29 12:00:00,EP062025,39.0,2025-07-04 00:00:00,4 days 12:00:00,27.59,-108.94,1006.8,27.3,94.96849822998048,5.336465835571289,3.76606822013855,0.554089367389679,1.3456333875656128,0.34654456,0.03554167,0.0,0.0,0.0,0.033230115,0.0,0.0
2025-06-29 12:00:00,AL022025,40.0,2025-06-29 12:00:00,0 days 00:00:00,20.1,-96.0,1008.0,35.0,56.0,56.0,0.0,0.0,0.0,,,,,,,,
2025-06-29 12:00:00,AL022025,40.0,2025-06-29 18:00:00,0 days 06:00:00,20.44,-96.68,1008.2,30.6,94.9742202758789,11.94167709350586,8.944818496704102,0.0,4.880840301513672,3.341378,2.537483,1.7366554,2.490934,0.15764877,0.15758182,0.02652882,0.106714785
2025-06-29 12:00:00,AL022025,40.0,2025-06-30 00:00:00,0 days 12:00:00,15.08,-99.72,1002.3,36.9,66.85161590576172,9.308826446533203,6.414463996887207,2.818110227584839,7.558390140533447,0.0051606954,0.32279187,0.40785375,0.052098136,0.0,0.14026925,0.077590615,0.0
2025-06-29 12:00:00,AL022025,40.0,2025-06-30 06:00:00,0 days 18:00:00,14.14,-101.65,998.1,47.5,73.30508422851562,60.37512969970703,50.75460433959961,31.444419860839844,46.98875045776367,0.7892222,0.30093506,0.0,0.0,0.0,0.0,0.0,0.0
2025-06-29 12:00:00,AL022025,40.0,2025-06-30 12:00:00,1 days 00:00:00,14.88,-102.09,998.8,47.2,65.73001098632812,81.03744506835938,71.92501831054688,46.30812454223633,64.83619689941406,10.898246,9.065214,5.2330103,7.6845975,0.043934707,0.0,0.0,0.0
2025-06-29 12:00:00,AL022025,40.0,2025-06-30 18:00:00,1 days 06:00:00,15.42,-102.81,992.5,57.5,53.31761169433594,110.35177612304688,95.53329467773438,70.1867446899414,93.7122802734375,45.929874,38.708824,28.636164,36.597427,2.6797807,1.1275399,0.37997437,1.9696409
2025-06-29 12:00:00,AL022025,40.0,2025-07-01 00:00:00,1 days 12:00:00,16.25,-103.5,983.8,69.5,30.030134201049805,128.4923858642578,107.91597747802734,74.4466552734375,109.95350646972656,60.326775,48.779243,35.81907,49.69219,22.280718,17.859667,13.720306,18.983316
2025-06-29 12:00:00,AL022025,40.0,2025-07-01 06:00:00,1 days 18:00:00,16.91,-104.41,980.7,77.1,32.024803161621094,133.22862243652344,109.55448150634766,80.9744644165039,112.1661605834961,67.91075,56.506428,43.728283,58.40688,33.77014,28.306177,22.68169,29.010818
2025-06-29 12:00:00,AL022025,40.0,2025-07-01 12:00:00,2 days 00:00:00,17.51,-105.22,976.8,84.1,13.58664894104004,119.15641784667967,100.13373565673828,66.96673583984375,99.29710388183594,59.10236,46.66513,33.542183,50.290607,32.509037,25.990524,20.339027,27.747969
2025-06-29 12:00:00,AL022025,40.0,2025-07-01 18:00:00,2 days 06:00:00,18.3,-106.09,979.4,77.8,14.394497871398926,120.7061996459961,100.68817138671876,78.5724105834961,105.5879135131836,60.467438,50.09511,39.452,52.047512,25.385176,20.82347,16.84859,21.780144
2025-06-29 12:00:00,AL022025,40.0,2025-07-02 00:00:00,2 days 12:00:00,18.89,-106.75,975.5,83.3,13.491778373718262,126.30963897705078,107.79164123535156,75.96216583251953,105.74019622802734,64.08649,52.088142,40.624115,55.5136,32.377617,26.936682,21.762615,28.1897
2025-06-29 12:00:00,AL022025,40.0,2025-07-02 06:00:00,2 days 18:00:00,19.45,-107.32,982.5,73.7,33.83588409423828,99.87276458740234,81.67202758789062,60.09621047973633,85.38202667236328,49.496582,40.40553,31.475586,42.57611,21.669453,17.367937,13.884599,18.84413
2025-06-29 12:00:00,AL022025,40.0,2025-07-02 12:00:00,3 days 00:00:00,20.06,-108.22,993.4,55.3,28.383773803710938,43.40021133422852,38.16001892089844,20.28733253479004,33.704288482666016,11.541626,8.637428,4.9362044,8.613276,0.9633518,0.0,0.0,1.008695
2025-06-29 12:00:00,AL022025,40.0,2025-07-02 18:00:00,3 days 06:00:00,20.5,-109.11,1000.8,41.1,72.03829956054688,35.46013259887695,26.143857955932617,13.05498218536377,26.762670516967773,0.9357281,0.55528647,0.006727022,0.6402283,0.0,0.0,0.008685264,0.0070072045
2025-06-29 12:00:00,AL022025,40.0,2025-07-03 00:00:00,3 days 12:00:00,20.86,-110.0,1002.9,32.6,43.53532791137695,7.960123538970947,6.105446815490723,0.0,3.883013010025024,0.026455047,0.04558321,0.0,0.1280241,0.0,0.0,0.0051049707,0.005179374
2025-06-29 12:00:00,AL022025,40.0,2025-07-03 06:00:00,3 days 18:00:00,20.94,-110.6,1004.7,30.4,70.2043685913086,2.3966825008392334,1.5925049781799316,0.0,0.6495669484138489,0.0,0.0,0.074111715,0.0,0.0,0.0,0.0051332456,0.0
2025-06-29 12:00:00,AL022025,40.0,2025-07-03 12:00:00,4 days 00:00:00,21.07,-111.09,1004.6,29.2,33.28229141235352,1.4082446098327637,0.3235467672348022,0.0,1.5025904178619385,0.12648539,0.12492261,0.0,0.14656222,0.0,0.009334681,0.0013921766,0.0020270345
2025-06-29 12:00:00,AL022025,40.0,2025-07-03 18:00:00,4 days 06:00:00,21.61,-111.79,1009.3,25.5,113.09454345703124,3.835901975631714,2.1916725635528564,0.0,0.8942885994911194,0.4889098,0.4793608,0.21979448,0.3690882,0.069113255,0.018595604,0.0,0.052457917
2025-06-29 12:00:00,AL022025,40.0,2025-07-04 00:00:00,4 days 12:00:00,21.96,-112.42,1007.0,30.5,85.42398071289062,10.016779899597168,4.417455196380615,1.2684646844863892,4.397489547729492,0.0,0.0,0.14049153,0.0,0.06470245,0.09294154,0.055571523,0.036335487
2025-06-29 12:00:00,AL022025,40.0,2025-07-04 06:00:00,4 days 18:00:00,22.16,-113.14,1007.2,28.0,40.88473892211914,4.7330474853515625,0.5997291207313538,0.0,1.8196762800216677,0.0,0.0,0.0,0.012034437,0.0,0.0,0.021991206,0.04795998
2025-06-29 12:00:00,AL022025,40.0,2025-07-04 12:00:00,5 days 00:00:00,22.92,-114.16,1008.3,26.0,59.38492965698242,0.0,0.0,0.2534841299057007,0.1517828404903412,0.0,0.0,0.0,0.0,0.0,0.0,0.0,0.0
2025-06-29 12:00:00,AL022025,40.0,2025-07-04 18:00:00,5 days 06:00:00,23.49,-115.01,1010.5,21.7,58.94347381591797,3.249338865280152,2.1874032020568848,1.704069972038269,0.8211953043937683,0.0,0.0,0.0,0.0,0.0,0.10551705,0.17160773,0.14144637
2025-06-29 12:00:00,EP062025,40.0,2025-06-29 12:00:00,0 days 00:00:00,13.2,-99.7,1005.0,35.0,167.0,167.0,37.0,0.0,0.0,,,,,,,,
2025-06-29 12:00:00,EP062025,40.0,2025-06-29 18:00:00,0 days 06:00:00,13.35,-100.47,1003.8,33.9,110.4679946899414,4.820754051208496,2.930535078048706,0.8335431814193726,2.537464141845703,0.0,0.29709813,0.18280599,0.06868965,0.009902168,0.110759266,0.038952492,0.0
2025-06-29 12:00:00,EP062025,40.0,2025-06-30 00:00:00,0 days 12:00:00,13.78,-101.03,1002.3,36.9,66.84586334228516,9.299759864807127,6.408722877502441,2.815371036529541,7.552406311035156,0.005463382,0.32293534,0.4078529,0.052370008,0.0,0.14002225,0.0773285,0.0
2025-06-29 12:00:00,EP062025,40.0,2025-06-30 06:00:00,0 days 18:00:00,14.14,-101.65,998.1,47.5,73.30508422851562,60.37512969970703,50.75460433959961,31.444419860839844,46.98875045776367,0.7892222,0.30093506,0.0,0.0,0.0,0.0,0.0,0.0
2025-06-29 12:00:00,EP062025,40.0,2025-06-30 12:00:00,1 days 00:00:00,14.88,-102.09,998.8,47.2,65.73001098632812,81.03744506835938,71.92501831054688,46.30812454223633,64.83619689941406,10.898246,9.065214,5.2330103,7.6845975,0.043934707,0.0,0.0,0.0
2025-06-29 12:00:00,EP062025,40.0,2025-06-30 18:00:00,1 days 06:00:00,15.42,-102.81,992.5,57.5,53.31761169433594,110.35177612304688,95.53329467773438,70.1867446899414,93.7122802734375,45.929874,38.708824,28.636164,36.597427,2.6797807,1.1275399,0.37997437,1.9696409
2025-06-29 12:00:00,EP062025,40.0,2025-07-01 00:00:00,1 days 12:00:00,16.25,-103.5,983.8,69.5,30.030134201049805,128.4923858642578,107.91597747802734,74.4466552734375,109.95350646972656,60.326775,48.779243,35.81907,49.69219,22.280718,17.859667,13.720306,18.983316
2025-06-29 12:00:00,EP062025,40.0,2025-07-01 06:00:00,1 days 18:00:00,16.91,-104.41,980.7,77.1,32.024803161621094,133.22862243652344,109.55448150634766,80.9744644165039,112.1661605834961,67.91075,56.506428,43.728283,58.40688,33.77014,28.306177,22.68169,29.010818
2025-06-29 12:00:00,EP062025,40.0,2025-07-01 12:00:00,2 days 00:00:00,17.51,-105.22,976.8,84.1,13.58664894104004,119.15641784667967,100.13373565673828,66.96673583984375,99.29710388183594,59.10236,46.66513,33.542183,50.290607,32.509037,25.990524,20.339027,27.747969
2025-06-29 12:00:00,EP062025,40.0,2025-07-01 18:00:00,2 days 06:00:00,18.3,-106.09,979.4,77.8,14.394497871398926,120.7061996459961,100.68817138671876,78.5724105834961,105.5879135131836,60.467438,50.09511,39.452,52.047512,25.385176,20.82347,16.84859,21.780144
2025-06-29 12:00:00,EP062025,40.0,2025-07-02 00:00:00,2 days 12:00:00,18.89,-106.75,975.5,83.3,13.491778373718262,126.30963897705078,107.79164123535156,75.96216583251953,105.74019622802734,64.08649,52.088142,40.624115,55.5136,32.377617,26.936682,21.762615,28.1897
2025-06-29 12:00:00,EP062025,40.0,2025-07-02 06:00:00,2 days 18:00:00,19.45,-107.32,982.5,73.7,33.83588409423828,99.87276458740234,81.67202758789062,60.09621047973633,85.38202667236328,49.496582,40.40553,31.475586,42.57611,21.669453,17.367937,13.884599,18.84413
2025-06-29 12:00:00,EP062025,40.0,2025-07-02 12:00:00,3 days 00:00:00,20.06,-108.22,993.4,55.3,28.383773803710938,43.40021133422852,38.16001892089844,20.28733253479004,33.704288482666016,11.541626,8.637428,4.9362044,8.613276,0.9633518,0.0,0.0,1.008695
2025-06-29 12:00:00,EP062025,40.0,2025-07-02 18:00:00,3 days 06:00:00,20.5,-109.11,1000.8,41.1,72.03829956054688,35.46013259887695,26.143857955932617,13.05498218536377,26.762670516967773,0.9357281,0.55528647,0.006727022,0.6402283,0.0,0.0,0.008685264,0.0070072045
2025-06-29 12:00:00,EP062025,40.0,2025-07-03 00:00:00,3 days 12:00:00,20.86,-110.0,1002.9,32.6,43.53532791137695,7.960123538970947,6.105446815490723,0.0,3.883013010025024,0.026455047,0.04558321,0.0,0.1280241,0.0,0.0,0.0051049707,0.005179374
2025-06-29 12:00:00,EP062025,40.0,2025-07-03 06:00:00,3 days 18:00:00,20.94,-110.6,1004.7,30.4,70.2043685913086,2.3966825008392334,1.5925049781799316,0.0,0.6495669484138489,0.0,0.0,0.074111715,0.0,0.0,0.0,0.0051332456,0.0
2025-06-29 12:00:00,EP062025,40.0,2025-07-03 12:00:00,4 days 00:00:00,21.07,-111.09,1004.6,29.2,33.28229141235352,1.4082446098327637,0.3235467672348022,0.0,1.5025904178619385,0.12648539,0.12492261,0.0,0.14656222,0.0,0.009334681,0.0013921766,0.0020270345
2025-06-29 12:00:00,EP062025,40.0,2025-07-03 18:00:00,4 days 06:00:00,21.61,-111.79,1009.3,25.5,113.09454345703124,3.835901975631714,2.1916725635528564,0.0,0.8942885994911194,0.4889098,0.4793608,0.21979448,0.3690882,0.069113255,0.018595604,0.0,0.052457917
2025-06-29 12:00:00,EP062025,40.0,2025-07-04 00:00:00,4 days 12:00:00,21.96,-112.42,1007.0,30.5,85.42398071289062,10.016779899597168,4.417455196380615,1.2684646844863892,4.397489547729492,0.0,0.0,0.14049153,0.0,0.06470245,0.09294154,0.055571523,0.036335487
2025-06-29 12:00:00,EP062025,40.0,2025-07-04 06:00:00,4 days 18:00:00,22.16,-113.14,1007.2,28.0,40.88473892211914,4.7330474853515625,0.5997291207313538,0.0,1.8196762800216677,0.0,0.0,0.0,0.012034437,0.0,0.0,0.021991206,0.04795998
2025-06-29 12:00:00,EP062025,40.0,2025-07-04 12:00:00,5 days 00:00:00,22.92,-114.16,1008.3,26.0,59.38492965698242,0.0,0.0,0.2534841299057007,0.1517828404903412,0.0,0.0,0.0,0.0,0.0,0.0,0.0,0.0
2025-06-29 12:00:00,EP062025,40.0,2025-07-04 18:00:00,5 days 06:00:00,23.49,-115.01,1010.5,21.7,58.94347381591797,3.249338865280152,2.1874032020568848,1.704069972038269,0.8211953043937683,0.0,0.0,0.0,0.0,0.0,0.10551705,0.17160773,0.14144637
2025-06-29 12:00:00,AL022025,41.0,2025-06-29 12:00:00,0 days 00:00:00,20.1,-96.0,1008.0,35.0,56.0,56.0,0.0,0.0,0.0,,,,,,,,
2025-06-29 12:00:00,AL022025,41.0,2025-06-29 18:00:00,0 days 06:00:00,20.79,-96.7,1004.9,35.3,55.82242584228516,16.215049743652344,11.332648277282717,0.0,7.126408576965332,2.3804805,1.4137336,0.7105927,1.3785603,0.19176967,0.0,0.0,0.0
2025-06-29 12:00:00,EP062025,41.0,2025-06-29 12:00:00,0 days 00:00:00,13.2,-99.7,1005.0,35.0,167.0,167.0,37.0,0.0,0.0,,,,,,,,
2025-06-29 12:00:00,EP062025,41.0,2025-06-29 18:00:00,0 days 06:00:00,13.6,-100.38,1003.3,34.9,55.73027038574219,10.79214859008789,5.640383243560791,3.1818549633026123,7.87660551071167,0.21656242,0.0,0.0,0.22425066,0.030565368,0.0,0.0,0.0
2025-06-29 12:00:00,EP062025,41.0,2025-06-30 00:00:00,0 days 12:00:00,14.0,-100.9,997.3,50.2,64.98939514160156,101.88536071777344,87.8164291381836,59.79984664916992,81.2074203491211,1.4277861,0.5473021,0.0,0.33121866,0.0,0.15953888,0.0,0.0
2025-06-29 12:00:00,EP062025,41.0,2025-06-30 06:00:00,0 days 18:00:00,14.47,-101.51,997.8,49.2,37.28776550292969,64.5260009765625,55.49370956420898,38.16508102416992,53.428855895996094,8.285379,6.807487,3.572061,5.6823015,0.0,0.0,0.0,0.0
2025-06-29 12:00:00,EP062025,41.0,2025-06-30 12:00:00,1 days 00:00:00,14.95,-102.28,992.0,58.5,41.09409332275391,80.90827178955078,71.4533920288086,50.26631927490234,66.52835845947266,25.420076,21.024815,14.814926,19.820091,1.5611789,0.47539306,0.0,1.1440797
2025-06-29 12:00:00,EP062025,41.0,2025-06-30 18:00:00,1 days 06:00:00,15.48,-102.92,992.7,57.7,47.74589538574219,138.74742126464844,122.32888793945312,86.44995880126953,115.95085144042967,36.493675,30.859001,21.235931,27.269537,0.0,0.0,0.0,0.0
2025-06-29 12:00:00,EP062025,41.0,2025-07-01 00:00:00,1 days 12:00:00,16.46,-103.51,987.1,63.8,44.64198303222656,111.60064697265624,98.1484832763672,68.17626190185547,90.8606414794922,41.321667,33.385777,23.189049,31.356922,2.4581273,0.62951815,0.0,1.6186887
2025-06-29 12:00:00,EP062025,41.0,2025-07-01 06:00:00,1 days 18:00:00,16.91,-104.37,984.8,69.4,41.01884841918945,156.56419372558594,134.69754028320312,96.73074340820312,131.71258544921875,80.34733,68.40967,51.70413,66.62468,29.14512,24.41749,19.216515,24.574533
2025-06-29 12:00:00,EP062025,41.0,2025-07-01 12:00:00,2 days 00:00:00,17.63,-105.06,979.3,82.0,29.34364318847656,160.43710327148438,138.57595825195312,102.45857238769533,135.74102783203125,76.91896,65.62469,50.710705,64.71735,35.01118,30.200768,24.29223,30.055162
2025-06-29 12:00:00,EP062025,41.0,2025-07-01 18:00:00,2 days 06:00:00,18.21,-105.85,974.8,84.7,18.607622146606445,143.47073364257812,122.26455688476562,91.25010681152344,125.19634246826172,69.2467,56.702625,44.28371,58.93618,29.691675,25.044672,20.142206,25.707195
2025-06-29 12:00:00,EP062025,41.0,2025-07-02 00:00:00,2 days 12:00:00,18.83,-106.99,961.8,99.5,13.000073432922363,109.9831085205078,96.6004867553711,75.85319519042969,95.6375503540039,54.87275,46.64113,39.298267,49.3846,32.6684,28.056795,23.675455,28.714844
2025-06-29 12:00:00,EP062025,41.0,2025-07-02 06:00:00,2 days 18:00:00,19.4,-107.83,963.2,99.3,24.55937385559082,114.65673065185548,99.50700378417967,76.11959838867188,99.79049682617188,52.477753,45.284782,37.899494,47.224957,30.738195,26.638647,22.81691,27.273232
2025-06-29 12:00:00,EP062025,41.0,2025-07-02 12:00:00,3 days 00:00:00,19.79,-108.8,970.3,89.7,37.97146224975586,106.93939971923828,93.45785522460938,68.70526123046875,91.04817962646484,50.25328,42.01747,33.769894,44.27412,27.460987,23.243967,19.358545,24.237356
2025-06-29 12:00:00,EP062025,41.0,2025-07-02 18:00:00,3 days 06:00:00,20.23,-109.82,978.0,78.1,22.785022735595703,90.86055755615234,77.94902038574219,63.35325241088867,80.79940795898438,47.222084,40.05397,33.166416,43.02049,25.433867,21.439419,17.772633,22.588259
2025-06-29 12:00:00,EP062025,41.0,2025-07-03 00:00:00,3 days 12:00:00,20.54,-110.58,992.3,57.1,54.85452651977539,86.66999053955078,72.02632141113281,52.74699401855469,73.47420501708984,35.725563,28.509398,21.07279,29.784288,9.418922,6.8568687,5.0061293,8.204507
2025-06-29 12:00:00,EP062025,41.0,2025-07-03 06:00:00,3 days 18:00:00,20.63,-111.51,993.7,55.8,50.59853363037109,70.73851013183594,56.5352668762207,43.06766128540039,65.95189666748047,25.483744,20.131838,14.872877,21.597185,2.9897199,1.2969304,0.5794078,2.7947218
2025-06-29 12:00:00,EP062025,41.0,2025-07-03 12:00:00,4 days 00:00:00,20.81,-112.58,997.1,45.5,29.927505493164062,125.75995635986328,108.40941619873048,86.6692123413086,110.3780746459961,10.768738,8.058191,4.8762197,8.634081,0.0,0.0,0.0,0.0
2025-06-29 12:00:00,EP062025,41.0,2025-07-03 18:00:00,4 days 06:00:00,21.01,-113.46,999.3,43.6,27.846790313720703,61.85251998901367,49.01116180419922,36.607383728027344,53.52169036865234,1.1177725,0.64417225,0.0,1.1587102,0.0,0.0,0.0,0.0
2025-06-29 12:00:00,EP062025,41.0,2025-07-04 00:00:00,4 days 12:00:00,21.19,-114.42,1003.4,34.4,44.09070587158203,36.09698486328125,26.5328311920166,19.141691207885746,28.18306350708008,0.27169105,0.0,0.0,0.49896362,0.0,0.0,0.022339951,0.0028738903
2025-06-29 12:00:00,EP062025,41.0,2025-07-04 06:00:00,4 days 18:00:00,21.64,-115.52,1006.6,31.0,77.68357849121094,1.9577821493148804,0.0,0.0,1.9595847129821775,0.0,0.0,0.0,0.0,0.0,0.013967859,0.0,0.0
2025-06-29 12:00:00,EP062025,41.0,2025-07-04 12:00:00,5 days 00:00:00,21.52,-116.58,1007.4,26.0,43.51741027832031,0.1113271117210388,0.0,0.0,0.488377571105957,0.0,0.0,0.0,0.0,0.0,0.0,0.006397891,0.028720515
2025-06-29 12:00:00,EP062025,41.0,2025-07-04 18:00:00,5 days 06:00:00,21.58,-117.59,1007.5,25.4,41.227046966552734,1.1482328176498413,0.0,0.0,1.7584322690963743,0.0,0.0,0.041933883,0.0,0.0,0.0,0.0,0.0
2025-06-29 12:00:00,EP062025,41.0,2025-07-05 00:00:00,5 days 12:00:00,21.68,-118.58,1012.0,24.9,119.57233428955078,1.6453158855438232,0.404468685388565,1.6514087915420532,1.1466771364212036,0.0,0.0,0.18144433,0.0,0.0,0.066242814,0.0,0.009247187
2025-06-29 12:00:00,EP062025,41.0,2025-07-05 06:00:00,5 days 18:00:00,21.79,-119.46,1010.8,24.3,99.7213897705078,0.6997488737106323,0.3250398337841034,0.0,1.8082492351531985,0.0,0.0,0.0,0.0,0.0028157432,0.038686637,0.0,0.14292248
2025-06-29 12:00:00,EP062025,41.0,2025-07-05 12:00:00,6 days 00:00:00,21.8,-120.45,1010.9,23.2,85.80125427246094,0.0,0.154933363199234,0.0,0.957286298274994,0.20628117,0.07424674,0.13409333,0.2500743,0.1492638,0.12020159,0.0,0.17204863
2025-06-29 12:00:00,AL022025,42.0,2025-06-29 12:00:00,0 days 00:00:00,20.1,-96.0,1008.0,35.0,56.0,56.0,0.0,0.0,0.0,,,,,,,,
2025-06-29 12:00:00,AL022025,42.0,2025-06-29 18:00:00,0 days 06:00:00,21.24,-96.88,1009.4,28.7,119.76286315917967,5.720364093780518,5.605337142944336,0.0,0.0,2.2857277,1.7461052,1.5578957,1.787004,0.3492043,0.26162222,0.09857855,0.23078056
2025-06-29 12:00:00,AL022025,42.0,2025-06-30 00:00:00,0 days 12:00:00,16.42,-99.92,1001.3,43.7,94.925537109375,98.7839584350586,83.01695251464844,60.31442260742188,78.86958312988281,0.6427151,0.0,0.0,0.10246265,0.058363497,0.16910678,0.032100327,0.06203849
2025-06-29 12:00:00,AL022025,42.0,2025-06-30 06:00:00,0 days 18:00:00,13.84,-100.99,999.6,44.6,73.16984558105469,14.926288604736328,10.276440620422363,0.0,9.027356147766112,0.28469145,0.27459428,0.0,0.0,0.0,0.0,0.0,0.0
2025-06-29 12:00:00,AL022025,42.0,2025-06-30 12:00:00,1 days 00:00:00,15.13,-101.39,998.5,49.2,74.15473937988281,76.3246078491211,65.95652770996094,41.18837738037109,57.36739730834961,1.0926609,0.33759394,0.0,0.0,0.064666055,0.15079953,0.07454115,0.156514
2025-06-29 12:00:00,AL022025,42.0,2025-06-30 18:00:00,1 days 06:00:00,16.05,-102.06,989.9,62.4,49.31960678100586,162.50975036621094,139.1317901611328,97.45330810546876,139.8642120361328,78.00746,65.19499,49.236183,63.0568,16.452599,13.50188,9.853849,13.6678705
2025-06-29 12:00:00,AL022025,42.0,2025-07-01 00:00:00,1 days 12:00:00,16.77,-103.35,989.0,61.8,44.72944259643555,128.96510314941406,112.21255493164062,81.48255157470703,105.83831024169922,61.429905,51.09845,38.13429,50.121113,19.139086,15.60289,11.990087,16.173124
2025-06-29 12:00:00,AL022025,42.0,2025-07-01 06:00:00,1 days 18:00:00,17.61,-104.58,986.2,65.3,25.81280899047852,120.87812042236328,101.51335144042967,72.45397186279297,104.6762924194336,66.0567,56.614296,42.750698,57.086136,33.688732,29.027916,23.146168,28.806145
2025-06-29 12:00:00,AL022025,42.0,2025-07-01 12:00:00,2 days 00:00:00,18.13,-105.44,978.7,78.1,17.62002182006836,92.37599182128906,72.02214813232422,48.09914779663086,75.49385070800781,45.99112,34.143387,23.886164,38.656643,21.828867,16.17835,12.24078,18.535055
2025-06-29 12:00:00,AL022025,42.0,2025-07-01 18:00:00,2 days 06:00:00,18.27,-106.25,989.9,62.8,18.911815643310547,125.21656799316406,101.62346649169922,70.61437225341797,106.4870147705078,61.34911,49.377716,36.157524,50.45648,18.149189,13.980598,10.501541,15.249493
2025-06-29 12:00:00,AL022025,42.0,2025-07-02 00:00:00,2 days 12:00:00,18.86,-107.04,981.9,74.2,33.34444808959961,103.19790649414062,87.0886459350586,58.59132766723633,85.67534637451172,28.284689,21.514273,14.716283,22.384848,3.6876798,1.7633475,1.0321821,3.2915595
2025-06-29 12:00:00,AL022025,42.0,2025-07-02 06:00:00,2 days 18:00:00,19.01,-107.91,980.6,73.0,19.551862716674805,105.0558853149414,86.87006378173828,67.08953857421875,91.18008422851562,51.54313,43.57056,34.7079,45.273945,23.31744,19.609505,16.125391,20.36586
2025-06-29 12:00:00,AL022025,42.0,2025-07-02 12:00:00,3 days 00:00:00,19.63,-108.3,980.8,77.2,28.108104705810547,114.12432861328124,99.94379425048828,72.58060455322266,95.87298583984376,50.21353,43.036198,33.33446,42.502937,21.448107,17.86755,14.665208,18.59403
2025-06-29 12:00:00,AL022025,42.0,2025-07-02 18:00:00,3 days 06:00:00,20.45,-108.86,980.4,73.8,20.51327514648437,125.2977523803711,106.72692108154295,81.17724609375,107.43404388427734,56.433403,47.49124,37.15932,48.047283,21.313202,17.601425,14.006447,18.382542
2025-06-29 12:00:00,AL022025,42.0,2025-07-03 00:00:00,3 days 12:00:00,21.05,-109.62,995.2,53.1,72.90312957763672,85.98296356201172,74.67930603027344,50.66954040527344,69.56903839111328,29.689571,24.547602,16.811077,23.255558,2.2428231,1.1137351,0.5190926,1.7592255
2025-06-29 12:00:00,AL022025,42.0,2025-07-03 06:00:00,3 days 18:00:00,21.58,-110.36,999.9,43.4,33.72257995605469,115.41026306152344,101.20582580566406,73.90788269042969,97.5739517211914,13.829379,11.813366,6.821607,9.929952,0.0,0.0,0.0,0.0
2025-06-29 12:00:00,AL022025,42.0,2025-07-03 12:00:00,4 days 00:00:00,22.15,-111.33,1001.5,40.1,32.937774658203125,83.62571716308594,72.26756286621094,48.43528366088867,68.23017120361328,7.001149,5.6630173,1.6226357,4.703642,0.0,0.0,0.0,0.0
2025-06-29 12:00:00,AL022025,42.0,2025-07-03 18:00:00,4 days 06:00:00,23.03,-111.71,999.3,47.3,75.79029083251953,99.33195495605467,82.27725219726562,56.54083633422852,82.15310668945312,6.6162915,4.4772587,1.8440427,4.6525173,0.028619722,0.0,0.0,0.037931513
2025-06-29 12:00:00,AL022025,42.0,2025-07-04 00:00:00,4 days 12:00:00,23.65,-112.63,1003.3,37.2,85.19534301757812,11.877696990966797,8.448835372924805,0.8331426382064819,6.353794097900391,0.7414265,0.40321144,0.0,0.8153748,0.0,0.0,0.0,0.0
2025-06-29 12:00:00,AL022025,42.0,2025-07-04 06:00:00,4 days 18:00:00,24.68,-112.94,1004.5,33.7,35.989990234375,18.948150634765625,15.45374584197998,4.562529563903809,12.616433143615724,1.0637169,0.41690654,0.0,0.8789633,0.0,0.0,0.0,0.0
2025-06-29 12:00:00,AL022025,42.0,2025-07-04 12:00:00,5 days 00:00:00,25.42,-113.69,1010.2,25.8,99.2450714111328,2.4893484115600586,0.3846649825572967,0.0,0.0,0.66876423,0.29316977,0.059368424,0.568611,0.0,0.0,0.0,0.0
2025-06-29 12:00:00,AL022025,42.0,2025-07-04 18:00:00,5 days 06:00:00,25.88,-114.27,1010.5,21.6,49.35277938842773,7.506359577178955,6.415493011474609,0.0,4.42095422744751,2.5602624,1.9347476,1.2327974,2.1468902,0.0130004035,0.09612664,0.0,0.0
2025-06-29 12:00:00,AL022025,42.0,2025-07-05 00:00:00,5 days 12:00:00,25.89,-116.17,1011.9,24.1,112.86788177490234,2.4123921394348145,2.464766025543213,1.7382166385650637,0.0,0.44091704,0.007534751,0.0,0.6072941,0.0,0.13621718,0.07762943,0.0
2025-06-29 12:00:00,EP062025,42.0,2025-06-29 12:00:00,0 days 00:00:00,13.2,-99.7,1005.0,35.0,167.0,167.0,37.0,0.0,0.0,,,,,,,,
2025-06-29 12:00:00,EP062025,42.0,2025-06-29 18:00:00,0 days 06:00:00,13.89,-100.56,1004.1,34.1,114.94737243652344,2.414977550506592,0.0,0.0,0.0,0.0,0.0,0.038389206,0.15196343,0.1320843,0.043713357,0.03749396,0.034243032
2025-06-29 12:00:00,EP062025,42.0,2025-06-30 00:00:00,0 days 12:00:00,13.91,-101.24,1001.4,43.5,95.207763671875,95.0123062133789,79.87220001220703,57.83163833618164,75.76265716552734,0.6292593,0.0,0.0,0.09226243,0.061110638,0.16528687,0.029162241,0.06033795
2025-06-29 12:00:00,EP062025,42.0,2025-06-30 06:00:00,0 days 18:00:00,13.84,-100.99,999.6,44.6,73.16984558105469,14.926288604736328,10.276440620422363,0.0,9.027356147766112,0.28469145,0.27459428,0.0,0.0,0.0,0.0,0.0,0.0
2025-06-29 12:00:00,EP062025,42.0,2025-06-30 12:00:00,1 days 00:00:00,15.13,-101.39,998.5,49.2,74.15473937988281,76.3246078491211,65.95652770996094,41.18837738037109,57.36739730834961,1.0926609,0.33759394,0.0,0.0,0.064666055,0.15079953,0.07454115,0.156514
2025-06-29 12:00:00,EP062025,42.0,2025-06-30 18:00:00,1 days 06:00:00,16.05,-102.06,989.9,62.4,49.31960678100586,162.50975036621094,139.1317901611328,97.45330810546876,139.8642120361328,78.00746,65.19499,49.236183,63.0568,16.452599,13.50188,9.853849,13.6678705
2025-06-29 12:00:00,EP062025,42.0,2025-07-01 00:00:00,1 days 12:00:00,16.77,-103.35,989.0,61.8,44.72944259643555,128.96510314941406,112.21255493164062,81.48255157470703,105.83831024169922,61.429905,51.09845,38.13429,50.121113,19.139086,15.60289,11.990087,16.173124
2025-06-29 12:00:00,EP062025,42.0,2025-07-01 06:00:00,1 days 18:00:00,17.61,-104.58,986.2,65.3,25.81280899047852,120.87812042236328,101.51335144042967,72.45397186279297,104.6762924194336,66.0567,56.614296,42.750698,57.086136,33.688732,29.027916,23.146168,28.806145
2025-06-29 12:00:00,EP062025,42.0,2025-07-01 12:00:00,2 days 00:00:00,18.13,-105.44,978.7,78.1,17.62002182006836,92.37599182128906,72.02214813232422,48.09914779663086,75.49385070800781,45.99112,34.143387,23.886164,38.656643,21.828867,16.17835,12.24078,18.535055
2025-06-29 12:00:00,EP062025,42.0,2025-07-01 18:00:00,2 days 06:00:00,18.27,-106.25,989.9,62.8,18.911815643310547,125.21656799316406,101.62346649169922,70.61437225341797,106.4870147705078,61.34911,49.377716,36.157524,50.45648,18.149189,13.980598,10.501541,15.249493
2025-06-29 12:00:00,EP062025,42.0,2025-07-02 00:00:00,2 days 12:00:00,18.86,-107.04,981.9,74.2,33.34444808959961,103.19790649414062,87.0886459350586,58.59132766723633,85.67534637451172,28.284689,21.514273,14.716283,22.384848,3.6876798,1.7633475,1.0321821,3.2915595
2025-06-29 12:00:00,EP062025,42.0,2025-07-02 06:00:00,2 days 18:00:00,19.01,-107.91,980.6,73.0,19.551862716674805,105.0558853149414,86.87006378173828,67.08953857421875,91.18008422851562,51.54313,43.57056,34.7079,45.273945,23.31744,19.609505,16.125391,20.36586
2025-06-29 12:00:00,EP062025,42.0,2025-07-02 12:00:00,3 days 00:00:00,19.63,-108.3,980.8,77.2,28.108104705810547,114.12432861328124,99.94379425048828,72.58060455322266,95.87298583984376,50.21353,43.036198,33.33446,42.502937,21.448107,17.86755,14.665208,18.59403
2025-06-29 12:00:00,EP062025,42.0,2025-07-02 18:00:00,3 days 06:00:00,20.45,-108.86,980.4,73.8,20.51327514648437,125.2977523803711,106.72692108154295,81.17724609375,107.43404388427734,56.433403,47.49124,37.15932,48.047283,21.313202,17.601425,14.006447,18.382542
2025-06-29 12:00:00,EP062025,42.0,2025-07-03 00:00:00,3 days 12:00:00,21.05,-109.62,995.2,53.1,72.90312957763672,85.98296356201172,74.67930603027344,50.66954040527344,69.56903839111328,29.689571,24.547602,16.811077,23.255558,2.2428231,1.1137351,0.5190926,1.7592255
2025-06-29 12:00:00,EP062025,42.0,2025-07-03 06:00:00,3 days 18:00:00,21.58,-110.36,999.9,43.4,33.72257995605469,115.41026306152344,101.20582580566406,73.90788269042969,97.5739517211914,13.829379,11.813366,6.821607,9.929952,0.0,0.0,0.0,0.0
2025-06-29 12:00:00,EP062025,42.0,2025-07-03 12:00:00,4 days 00:00:00,22.15,-111.33,1001.5,40.1,32.937774658203125,83.62571716308594,72.26756286621094,48.43528366088867,68.23017120361328,7.001149,5.6630173,1.6226357,4.703642,0.0,0.0,0.0,0.0
2025-06-29 12:00:00,EP062025,42.0,2025-07-03 18:00:00,4 days 06:00:00,23.03,-111.71,999.3,47.3,75.79029083251953,99.33195495605467,82.27725219726562,56.54083633422852,82.15310668945312,6.6162915,4.4772587,1.8440427,4.6525173,0.028619722,0.0,0.0,0.037931513
2025-06-29 12:00:00,EP062025,42.0,2025-07-04 00:00:00,4 days 12:00:00,23.65,-112.63,1003.3,37.2,85.19534301757812,11.877696990966797,8.448835372924805,0.8331426382064819,6.353794097900391,0.7414265,0.40321144,0.0,0.8153748,0.0,0.0,0.0,0.0
2025-06-29 12:00:00,EP062025,42.0,2025-07-04 06:00:00,4 days 18:00:00,24.68,-112.94,1004.5,33.7,35.989990234375,18.948150634765625,15.45374584197998,4.562529563903809,12.616433143615724,1.0637169,0.41690654,0.0,0.8789633,0.0,0.0,0.0,0.0
2025-06-29 12:00:00,EP062025,42.0,2025-07-04 12:00:00,5 days 00:00:00,25.42,-113.69,1010.2,25.8,99.2450714111328,2.4893484115600586,0.3846649825572967,0.0,0.0,0.66876423,0.29316977,0.059368424,0.568611,0.0,0.0,0.0,0.0
2025-06-29 12:00:00,EP062025,42.0,2025-07-04 18:00:00,5 days 06:00:00,25.88,-114.27,1010.5,21.6,49.35277938842773,7.506359577178955,6.415493011474609,0.0,4.42095422744751,2.5602624,1.9347476,1.2327974,2.1468902,0.0130004035,0.09612664,0.0,0.0
2025-06-29 12:00:00,EP062025,42.0,2025-07-05 00:00:00,5 days 12:00:00,25.89,-116.17,1011.9,24.1,112.86788177490234,2.4123921394348145,2.464766025543213,1.7382166385650637,0.0,0.44091704,0.007534751,0.0,0.6072941,0.0,0.13621718,0.07762943,0.0
2025-06-29 12:00:00,AL022025,43.0,2025-06-29 12:00:00,0 days 00:00:00,20.1,-96.0,1008.0,35.0,56.0,56.0,0.0,0.0,0.0,,,,,,,,
2025-06-29 12:00:00,AL022025,43.0,2025-06-29 18:00:00,0 days 06:00:00,21.36,-96.46,1007.1,34.3,90.89165496826172,11.463294982910156,6.712514877319336,0.0,4.693776607513428,1.3516097,0.705272,0.24293847,0.57887036,0.14380948,0.038065713,0.0,0.091726154
2025-06-29 12:00:00,AL022025,43.0,2025-06-30 00:00:00,0 days 12:00:00,16.89,-99.46,999.0,47.0,43.26292419433594,122.5550765991211,109.3497085571289,79.6148452758789,101.51917266845705,9.549868,7.374039,3.8137884,6.3516264,0.0,0.0,0.0,0.0
2025-06-29 12:00:00,AL022025,43.0,2025-06-30 06:00:00,0 days 18:00:00,14.21,-101.42,996.0,52.2,60.355865478515625,50.86968231201172,45.30657958984375,27.14696884155273,40.9180793762207,4.053276,3.4314442,1.4292425,2.2346053,0.0,0.0,0.0,0.0
2025-06-29 12:00:00,AL022025,43.0,2025-06-30 12:00:00,1 days 00:00:00,15.14,-101.98,997.8,50.4,36.95693588256836,67.36258697509766,56.04378509521485,29.90326499938965,49.3521842956543,4.63996,3.8954904,0.5655288,2.1751714,0.0,0.0,0.0,0.0
2025-06-29 12:00:00,AL022025,43.0,2025-06-30 18:00:00,1 days 06:00:00,15.9,-102.62,997.0,50.7,51.52651977539063,110.62418365478516,93.90526580810548,61.01642227172852,86.79265594482422,3.025464,2.2288866,0.10682133,1.3636417,0.0,0.0,0.0,0.016531644
2025-06-29 12:00:00,AL022025,43.0,2025-07-01 00:00:00,1 days 12:00:00,16.89,-103.73,992.2,57.5,44.16818618774414,117.25365447998048,99.91908264160156,67.79252624511719,94.83385467529295,23.77414,19.098251,11.798299,17.38361,0.35202166,0.0,0.0,0.13383844
2025-06-29 12:00:00,AL022025,43.0,2025-07-01 06:00:00,1 days 18:00:00,17.33,-104.24,987.8,64.8,31.546533584594727,126.15768432617188,107.997314453125,77.29978942871094,105.3341293334961,59.084763,48.652473,35.72514,47.78198,21.219198,17.56698,13.759369,17.72992
2025-06-29 12:00:00,AL022025,43.0,2025-07-01 12:00:00,2 days 00:00:00,17.95,-105.55,987.6,68.2,47.423126220703125,109.1589584350586,89.71785736083984,58.21928024291992,86.45246124267578,52.480198,41.402718,28.283691,42.25918,20.855955,16.072943,12.171215,17.407377
2025-06-29 12:00:00,AL022025,43.0,2025-07-01 18:00:00,2 days 06:00:00,18.58,-106.5,988.8,67.0,11.138269424438477,113.72625732421876,95.0623779296875,66.54204559326172,98.05851745605467,26.850481,21.43215,14.254255,21.199947,0.9422515,0.0,0.0,0.51715386
2025-06-29 12:00:00,AL022025,43.0,2025-07-02 00:00:00,2 days 12:00:00,19.11,-107.52,976.1,78.8,19.851497650146484,100.90834045410156,81.85456848144531,61.81818389892578,85.86717987060547,40.466694,31.599161,25.015268,34.15751,14.00662,10.6046095,8.634692,12.539378
2025-06-29 12:00:00,AL022025,43.0,2025-07-02 06:00:00,2 days 18:00:00,19.5,-107.91,987.4,63.0,19.45028686523437,87.1187744140625,74.94544219970703,56.101524353027344,76.78010559082031,35.47545,29.010904,21.077158,29.47166,6.582175,4.3353043,3.2135227,5.720905
2025-06-29 12:00:00,AL022025,43.0,2025-07-02 12:00:00,3 days 00:00:00,20.08,-108.7,991.1,57.8,17.580928802490234,85.8774642944336,70.55586242675781,51.00802230834961,71.24169158935547,48.83525,39.764988,29.019012,40.95574,17.079254,13.060086,10.030015,14.393512
2025-06-29 12:00:00,AL022025,43.0,2025-07-02 18:00:00,3 days 06:00:00,20.26,-109.59,999.6,45.5,71.97200775146484,51.663330078125,41.58620834350586,24.392690658569336,41.34951400756836,2.1344671,1.5359939,0.32356468,1.208578,0.0,0.0,0.0033857187,0.0
2025-06-29 12:00:00,AL022025,43.0,2025-07-03 00:00:00,3 days 12:00:00,20.89,-110.15,999.4,43.0,54.505619049072266,64.26079559326172,54.06288528442383,33.59446716308594,49.35607147216797,1.1161675,0.7551037,0.0,0.15890066,0.046880763,0.020300223,0.0,0.10391169
2025-06-29 12:00:00,AL022025,43.0,2025-07-03 06:00:00,3 days 18:00:00,21.59,-110.64,1005.2,26.5,44.74503326416016,3.418015480041504,1.7779924869537354,0.0,0.0,0.0,0.24091034,0.0,0.3294282,0.0,0.08931028,0.101790376,0.09394289
2025-06-29 12:00:00,AL022025,43.0,2025-07-03 12:00:00,4 days 00:00:00,22.32,-111.3,1006.2,28.9,49.8107795715332,3.631911039352417,2.642264604568481,0.0,0.0,0.0,0.0,0.0,0.06707844,0.08654704,0.031735837,0.01517513,0.08427529
2025-06-29 12:00:00,AL022025,43.0,2025-07-03 18:00:00,4 days 06:00:00,23.11,-111.69,1007.1,25.3,43.01127243041992,8.213796615600586,5.659433364868164,0.0,4.057976722717285,1.6921452,1.3497654,0.8991244,1.2194899,0.181217,0.15893236,0.04702817,0.0763755
2025-06-29 12:00:00,AL022025,43.0,2025-07-04 00:00:00,4 days 12:00:00,23.26,-112.55,1009.4,21.7,100.5002899169922,2.546776533126831,5.052943706512451,3.72018051147461,0.0,0.30756086,0.110534474,0.0,0.4830151,0.0,0.0,0.0,0.0
2025-06-29 12:00:00,AL022025,43.0,2025-07-04 06:00:00,4 days 18:00:00,24.16,-112.75,1008.7,24.9,49.61303329467773,4.127240180969238,2.9857723712921143,0.0,0.7337120175361633,0.5913597,0.371981,0.16982812,0.7849463,0.0059980773,0.018328942,0.017858999,0.0810547
2025-06-29 12:00:00,EP062025,43.0,2025-06-29 12:00:00,0 days 00:00:00,13.2,-99.7,1005.0,35.0,167.0,167.0,37.0,0.0,0.0,,,,,,,,
2025-06-29 12:00:00,EP062025,43.0,2025-06-29 18:00:00,0 days 06:00:00,13.61,-100.61,1004.4,32.6,100.4861831665039,4.043431758880615,0.0,0.1528714299201965,1.736047387123108,0.0,0.0,0.1625903,0.021871218,0.17443039,0.1246099,0.05692469,0.0016464149
2025-06-29 12:00:00,EP062025,43.0,2025-06-30 00:00:00,0 days 12:00:00,13.88,-101.0,998.9,46.9,42.15932083129883,113.20282745361328,100.91783905029295,72.88821411132812,93.91658020019533,8.98856,6.9220853,3.4994192,5.952047,0.0,0.0,0.0,0.0
2025-06-29 12:00:00,EP062025,43.0,2025-06-30 06:00:00,0 days 18:00:00,14.21,-101.42,996.0,52.2,60.355865478515625,50.86968231201172,45.30657958984375,27.14696884155273,40.9180793762207,4.053276,3.4314442,1.4292425,2.2346053,0.0,0.0,0.0,0.0
2025-06-29 12:00:00,EP062025,43.0,2025-06-30 12:00:00,1 days 00:00:00,15.14,-101.98,997.8,50.4,36.95693588256836,67.36258697509766,56.04378509521485,29.90326499938965,49.3521842956543,4.63996,3.8954904,0.5655288,2.1751714,0.0,0.0,0.0,0.0
2025-06-29 12:00:00,EP062025,43.0,2025-06-30 18:00:00,1 days 06:00:00,15.9,-102.62,997.0,50.7,51.52651977539063,110.62418365478516,93.90526580810548,61.01642227172852,86.79265594482422,3.025464,2.2288866,0.10682133,1.3636417,0.0,0.0,0.0,0.016531644
2025-06-29 12:00:00,EP062025,43.0,2025-07-01 00:00:00,1 days 12:00:00,16.89,-103.73,992.2,57.5,44.16818618774414,117.25365447998048,99.91908264160156,67.79252624511719,94.83385467529295,23.77414,19.098251,11.798299,17.38361,0.35202166,0.0,0.0,0.13383844
2025-06-29 12:00:00,EP062025,43.0,2025-07-01 06:00:00,1 days 18:00:00,17.33,-104.24,987.8,64.8,31.546533584594727,126.15768432617188,107.997314453125,77.29978942871094,105.3341293334961,59.084763,48.652473,35.72514,47.78198,21.219198,17.56698,13.759369,17.72992
2025-06-29 12:00:00,EP062025,43.0,2025-07-01 12:00:00,2 days 00:00:00,17.95,-105.55,987.6,68.2,47.423126220703125,109.1589584350586,89.71785736083984,58.21928024291992,86.45246124267578,52.480198,41.402718,28.283691,42.25918,20.855955,16.072943,12.171215,17.407377
2025-06-29 12:00:00,EP062025,43.0,2025-07-01 18:00:00,2 days 06:00:00,18.58,-106.5,988.8,67.0,11.138269424438477,113.72625732421876,95.0623779296875,66.54204559326172,98.05851745605467,26.850481,21.43215,14.254255,21.199947,0.9422515,0.0,0.0,0.51715386
2025-06-29 12:00:00,EP062025,43.0,2025-07-02 00:00:00,2 days 12:00:00,19.11,-107.52,976.1,78.8,19.851497650146484,100.90834045410156,81.85456848144531,61.81818389892578,85.86717987060547,40.466694,31.599161,25.015268,34.15751,14.00662,10.6046095,8.634692,12.539378
2025-06-29 12:00:00,EP062025,43.0,2025-07-02 06:00:00,2 days 18:00:00,19.5,-107.91,987.4,63.0,19.45028686523437,87.1187744140625,74.94544219970703,56.101524353027344,76.78010559082031,35.47545,29.010904,21.077158,29.47166,6.582175,4.3353043,3.2135227,5.720905
2025-06-29 12:00:00,EP062025,43.0,2025-07-02 12:00:00,3 days 00:00:00,20.08,-108.7,991.1,57.8,17.580928802490234,85.8774642944336,70.55586242675781,51.00802230834961,71.24169158935547,48.83525,39.764988,29.019012,40.95574,17.079254,13.060086,10.030015,14.393512
2025-06-29 12:00:00,EP062025,43.0,2025-07-02 18:00:00,3 days 06:00:00,20.26,-109.59,999.6,45.5,71.97200775146484,51.663330078125,41.58620834350586,24.392690658569336,41.34951400756836,2.1344671,1.5359939,0.32356468,1.208578,0.0,0.0,0.0033857187,0.0
2025-06-29 12:00:00,EP062025,43.0,2025-07-03 00:00:00,3 days 12:00:00,20.89,-110.15,999.4,43.0,54.505619049072266,64.26079559326172,54.06288528442383,33.59446716308594,49.35607147216797,1.1161675,0.7551037,0.0,0.15890066,0.046880763,0.020300223,0.0,0.10391169
2025-06-29 12:00:00,EP062025,43.0,2025-07-03 06:00:00,3 days 18:00:00,21.59,-110.64,1005.2,26.5,44.74503326416016,3.418015480041504,1.7779924869537354,0.0,0.0,0.0,0.24091034,0.0,0.3294282,0.0,0.08931028,0.101790376,0.09394289
2025-06-29 12:00:00,EP062025,43.0,2025-07-03 12:00:00,4 days 00:00:00,22.32,-111.3,1006.2,28.9,49.8107795715332,3.631911039352417,2.642264604568481,0.0,0.0,0.0,0.0,0.0,0.06707844,0.08654704,0.031735837,0.01517513,0.08427529
2025-06-29 12:00:00,EP062025,43.0,2025-07-03 18:00:00,4 days 06:00:00,23.11,-111.69,1007.1,25.3,43.01127243041992,8.213796615600586,5.659433364868164,0.0,4.057976722717285,1.6921452,1.3497654,0.8991244,1.2194899,0.181217,0.15893236,0.04702817,0.0763755
2025-06-29 12:00:00,EP062025,43.0,2025-07-04 00:00:00,4 days 12:00:00,23.26,-112.55,1009.4,21.7,100.5002899169922,2.546776533126831,5.052943706512451,3.72018051147461,0.0,0.30756086,0.110534474,0.0,0.4830151,0.0,0.0,0.0,0.0
2025-06-29 12:00:00,EP062025,43.0,2025-07-04 06:00:00,4 days 18:00:00,24.16,-112.75,1008.7,24.9,49.61303329467773,4.127240180969238,2.9857723712921143,0.0,0.7337120175361633,0.5913597,0.371981,0.16982812,0.7849463,0.0059980773,0.018328942,0.017858999,0.0810547
2025-06-29 12:00:00,AL022025,44.0,2025-06-29 12:00:00,0 days 00:00:00,20.1,-96.0,1008.0,35.0,56.0,56.0,0.0,0.0,0.0,,,,,,,,
2025-06-29 12:00:00,AL022025,44.0,2025-06-29 18:00:00,0 days 06:00:00,14.96,-98.89,1004.1,33.9,93.53789520263672,10.816850662231444,7.353675365447998,2.199859619140625,8.090617179870605,0.09296711,0.22212255,0.08993409,0.019553347,0.0,0.07762459,0.0037946824,0.0
2025-06-29 12:00:00,AL022025,44.0,2025-06-30 00:00:00,0 days 12:00:00,13.86,-100.97,1000.8,42.2,79.61857604980469,41.43947219848633,31.28023147583008,16.962018966674805,30.63877868652344,0.44630402,0.054916445,0.0,0.0,0.014944486,0.009500484,0.0,0.0
2025-06-29 12:00:00,AL022025,44.0,2025-06-30 06:00:00,0 days 18:00:00,14.6,-101.65,999.0,46.2,43.2113037109375,79.44189453125,68.7997817993164,47.203609466552734,66.7250747680664,11.219916,8.85308,5.1835403,7.7271876,0.0,0.0,0.0,0.0
2025-06-29 12:00:00,AL022025,44.0,2025-06-30 12:00:00,1 days 00:00:00,14.99,-102.6,994.2,56.0,30.51753044128418,67.58228302001953,56.0608024597168,32.605262756347656,54.08404922485352,25.447361,18.49939,10.386577,19.186096,4.8159432,2.2431607,0.8621052,3.6130488
2025-06-29 12:00:00,AL022025,44.0,2025-06-30 18:00:00,1 days 06:00:00,15.83,-103.48,990.6,62.1,37.75105667114258,96.37663269042967,80.87885284423828,52.15680313110352,78.19634246826172,40.88897,32.707363,22.770529,32.237194,6.900805,4.187733,2.6099107,5.5228806
2025-06-29 12:00:00,AL022025,44.0,2025-07-01 00:00:00,1 days 12:00:00,16.51,-104.3,975.6,82.4,22.839937210083008,114.91123962402344,98.80216979980467,61.62239456176758,94.19876098632812,52.04324,40.157936,28.79091,43.415726,20.934427,15.931233,11.990826,17.943985
2025-06-29 12:00:00,AL022025,44.0,2025-07-01 06:00:00,1 days 18:00:00,16.82,-105.25,980.0,76.3,17.855838775634766,129.59085083007812,110.90106201171876,78.97024536132812,109.632568359375,67.802185,56.74167,43.151333,57.317654,30.668373,25.474215,20.152565,26.065577
2025-06-29 12:00:00,AL022025,44.0,2025-07-01 12:00:00,2 days 00:00:00,17.45,-106.03,987.4,67.0,24.797460556030277,143.1739044189453,120.05841064453124,77.18122863769531,120.96990203857422,71.994865,58.258335,41.49937,59.325176,27.38051,21.916788,16.588943,22.926594
2025-06-29 12:00:00,AL022025,44.0,2025-07-01 18:00:00,2 days 06:00:00,17.47,-106.62,989.0,66.6,26.573671340942383,96.95819091796876,75.65943145751953,52.262168884277344,81.62203216552734,40.194973,31.435467,22.938322,32.27143,10.303416,6.9715185,4.979633,8.8012705
2025-06-29 12:00:00,AL022025,44.0,2025-07-02 00:00:00,2 days 12:00:00,17.96,-107.39,982.4,72.2,38.3154182434082,89.75208282470703,80.21965789794922,55.585567474365234,75.31143951416016,27.565699,21.679302,16.128414,23.15568,9.497302,7.1611886,5.6341677,8.450038
2025-06-29 12:00:00,AL022025,44.0,2025-07-02 06:00:00,2 days 18:00:00,18.42,-108.19,988.2,67.2,47.54698181152344,121.8129653930664,101.3616943359375,80.27168273925781,107.6676254272461,63.031525,53.90499,41.822407,53.99703,23.624357,19.697641,15.62632,20.294249
2025-06-29 12:00:00,AL022025,44.0,2025-07-02 12:00:00,3 days 00:00:00,18.44,-108.84,992.4,61.8,52.36756896972656,104.18757629394533,86.66645050048828,65.07809448242188,86.41705322265625,51.302483,41.85032,30.771795,42.691532,14.2931795,10.715567,8.060567,12.137658
2025-06-29 12:00:00,AL022025,44.0,2025-07-02 18:00:00,3 days 06:00:00,18.63,-109.48,988.5,65.9,48.612083435058594,95.35049438476562,78.33213806152344,59.64579391479492,83.55902862548828,45.225323,37.891956,29.346954,38.352936,13.124323,10.24543,8.116995,11.366114
2025-06-29 12:00:00,AL022025,44.0,2025-07-03 00:00:00,3 days 12:00:00,18.97,-110.08,991.1,61.4,63.47796249389648,106.26271057128906,89.2519302368164,64.89099884033203,88.24359130859375,45.48124,36.75211,26.87467,36.981026,7.7895365,4.943735,3.1612926,6.502167
2025-06-29 12:00:00,AL022025,44.0,2025-07-03 06:00:00,3 days 18:00:00,19.29,-110.96,990.1,60.2,38.400390625,76.77839660644531,63.768592834472656,53.18548202514648,72.38053131103516,41.622196,34.914837,27.696133,36.11799,12.42691,9.5532875,7.4090877,10.903384
2025-06-29 12:00:00,AL022025,44.0,2025-07-03 12:00:00,4 days 00:00:00,19.42,-111.43,1000.7,40.3,33.549312591552734,87.52678680419922,75.98599243164062,59.75765228271485,75.42517852783203,1.56845,0.69903487,0.0,0.9233133,0.0,0.0,0.0,0.0
2025-06-29 12:00:00,AL022025,44.0,2025-07-03 18:00:00,4 days 06:00:00,19.94,-112.34,1002.2,40.4,46.41130447387695,48.00978469848633,37.32347106933594,24.434436798095703,40.21812057495117,0.3855972,0.0,0.0,0.0,0.0,0.0,0.022464175,0.053930912
2025-06-29 12:00:00,AL022025,44.0,2025-07-04 00:00:00,4 days 12:00:00,20.59,-113.36,1004.0,39.6,102.3619384765625,37.65937423706055,28.543685913085938,19.57030868530273,29.532123565673828,0.0,0.0,0.0,0.103521,0.021667762,0.04416035,0.04387034,0.15945603
2025-06-29 12:00:00,AL022025,44.0,2025-07-04 06:00:00,4 days 18:00:00,20.85,-113.9,1006.4,27.3,46.4550895690918,1.4910945892333984,0.0,0.0,0.0,0.0,0.0,0.0,0.019661255,0.0,0.023635486,0.071740836,0.014922758
2025-06-29 12:00:00,AL022025,44.0,2025-07-04 12:00:00,5 days 00:00:00,21.23,-114.9,1006.8,24.5,45.76548004150391,0.0,0.0,0.0,0.0,0.0,0.09175266,0.0,0.0,0.0,0.00464586,0.0,0.0
2025-06-29 12:00:00,AL022025,44.0,2025-07-04 18:00:00,5 days 06:00:00,21.53,-115.91,1009.7,26.3,112.6078872680664,1.3866697549819946,0.0,0.0,0.0,0.0,0.0,0.10269296,0.0,0.0,0.13500346,0.06722241,0.061082784
2025-06-29 12:00:00,AL022025,44.0,2025-07-05 00:00:00,5 days 12:00:00,22.1,-117.03,1008.6,21.3,53.313419342041016,0.0,0.6653990745544434,1.0601259469985962,0.0,0.0,0.0,0.0,0.0,0.009419805,0.001976522,0.0,0.0
2025-06-29 12:00:00,AL022025,44.0,2025-07-05 06:00:00,5 days 18:00:00,22.12,-117.8,1010.9,22.4,69.86048126220703,0.0,0.1737755239009857,1.2435187101364136,0.0,0.0,0.0,0.14513208,0.0,0.0,0.10411143,0.0,0.0
2025-06-29 12:00:00,AL022025,44.0,2025-07-05 12:00:00,6 days 00:00:00,22.24,-118.73,1010.2,21.8,50.4607048034668,0.6085106730461121,0.0,0.9481072425842284,0.0,0.0,0.07187269,0.19048095,0.00068604265,0.0,0.07880418,0.0,0.0019050912
2025-06-29 12:00:00,AL022025,44.0,2025-07-05 18:00:00,6 days 06:00:00,22.09,-119.74,1011.0,18.5,48.90711975097656,0.3892142176628113,1.274625301361084,1.2722898721694946,0.7694388031959534,0.0,0.0,0.10202154,0.0,0.0,0.13462545,0.05457965,0.14118971
2025-06-29 12:00:00,EP062025,44.0,2025-06-29 12:00:00,0 days 00:00:00,13.2,-99.7,1005.0,35.0,167.0,167.0,37.0,0.0,0.0,,,,,,,,
2025-06-29 12:00:00,EP062025,44.0,2025-06-29 18:00:00,0 days 06:00:00,13.55,-100.32,1004.2,33.8,94.0654525756836,10.57290744781494,7.228606224060059,2.116171836853028,7.874722957611084,0.08868152,0.2230182,0.09306303,0.012995672,0.0,0.07904924,0.006754806,0.0
2025-06-29 12:00:00,EP062025,44.0,2025-06-30 00:00:00,0 days 12:00:00,13.86,-100.97,1000.8,42.2,79.61857604980469,41.43947219848633,31.28023147583008,16.962018966674805,30.63877868652344,0.44630402,0.054916445,0.0,0.0,0.014944486,0.009500484,0.0,0.0
2025-06-29 12:00:00,EP062025,44.0,2025-06-30 06:00:00,0 days 18:00:00,14.6,-101.65,999.0,46.2,43.2113037109375,79.44189453125,68.7997817993164,47.203609466552734,66.7250747680664,11.219916,8.85308,5.1835403,7.7271876,0.0,0.0,0.0,0.0
2025-06-29 12:00:00,EP062025,44.0,2025-06-30 12:00:00,1 days 00:00:00,14.99,-102.6,994.2,56.0,30.51753044128418,67.58228302001953,56.0608024597168,32.605262756347656,54.08404922485352,25.447361,18.49939,10.386577,19.186096,4.8159432,2.2431607,0.8621052,3.6130488
2025-06-29 12:00:00,EP062025,44.0,2025-06-30 18:00:00,1 days 06:00:00,15.83,-103.48,990.6,62.1,37.75105667114258,96.37663269042967,80.87885284423828,52.15680313110352,78.19634246826172,40.88897,32.707363,22.770529,32.237194,6.900805,4.187733,2.6099107,5.5228806
2025-06-29 12:00:00,EP062025,44.0,2025-07-01 00:00:00,1 days 12:00:00,16.51,-104.3,975.6,82.4,22.839937210083008,114.91123962402344,98.80216979980467,61.62239456176758,94.19876098632812,52.04324,40.157936,28.79091,43.415726,20.934427,15.931233,11.990826,17.943985
2025-06-29 12:00:00,EP062025,44.0,2025-07-01 06:00:00,1 days 18:00:00,16.82,-105.25,980.0,76.3,17.855838775634766,129.59085083007812,110.90106201171876,78.97024536132812,109.632568359375,67.802185,56.74167,43.151333,57.317654,30.668373,25.474215,20.152565,26.065577
2025-06-29 12:00:00,EP062025,44.0,2025-07-01 12:00:00,2 days 00:00:00,17.45,-106.03,987.4,67.0,24.797460556030277,143.1739044189453,120.05841064453124,77.18122863769531,120.96990203857422,71.994865,58.258335,41.49937,59.325176,27.38051,21.916788,16.588943,22.926594
2025-06-29 12:00:00,EP062025,44.0,2025-07-01 18:00:00,2 days 06:00:00,17.47,-106.62,989.0,66.6,26.573671340942383,96.95819091796876,75.65943145751953,52.262168884277344,81.62203216552734,40.194973,31.435467,22.938322,32.27143,10.303416,6.9715185,4.979633,8.8012705
2025-06-29 12:00:00,EP062025,44.0,2025-07-02 00:00:00,2 days 12:00:00,17.96,-107.39,982.4,72.2,38.3154182434082,89.75208282470703,80.21965789794922,55.585567474365234,75.31143951416016,27.565699,21.679302,16.128414,23.15568,9.497302,7.1611886,5.6341677,8.450038
2025-06-29 12:00:00,EP062025,44.0,2025-07-02 06:00:00,2 days 18:00:00,18.42,-108.19,988.2,67.2,47.54698181152344,121.8129653930664,101.3616943359375,80.27168273925781,107.6676254272461,63.031525,53.90499,41.822407,53.99703,23.624357,19.697641,15.62632,20.294249
2025-06-29 12:00:00,EP062025,44.0,2025-07-02 12:00:00,3 days 00:00:00,18.44,-108.84,992.4,61.8,52.36756896972656,104.18757629394533,86.66645050048828,65.07809448242188,86.41705322265625,51.302483,41.85032,30.771795,42.691532,14.2931795,10.715567,8.060567,12.137658
2025-06-29 12:00:00,EP062025,44.0,2025-07-02 18:00:00,3 days 06:00:00,18.63,-109.48,988.5,65.9,48.612083435058594,95.35049438476562,78.33213806152344,59.64579391479492,83.55902862548828,45.225323,37.891956,29.346954,38.352936,13.124323,10.24543,8.116995,11.366114
2025-06-29 12:00:00,EP062025,44.0,2025-07-03 00:00:00,3 days 12:00:00,18.97,-110.08,991.1,61.4,63.47796249389648,106.26271057128906,89.2519302368164,64.89099884033203,88.24359130859375,45.48124,36.75211,26.87467,36.981026,7.7895365,4.943735,3.1612926,6.502167
2025-06-29 12:00:00,EP062025,44.0,2025-07-03 06:00:00,3 days 18:00:00,19.29,-110.96,990.1,60.2,38.400390625,76.77839660644531,63.768592834472656,53.18548202514648,72.38053131103516,41.622196,34.914837,27.696133,36.11799,12.42691,9.5532875,7.4090877,10.903384
2025-06-29 12:00:00,EP062025,44.0,2025-07-03 12:00:00,4 days 00:00:00,19.42,-111.43,1000.7,40.3,33.549312591552734,87.52678680419922,75.98599243164062,59.75765228271485,75.42517852783203,1.56845,0.69903487,0.0,0.9233133,0.0,0.0,0.0,0.0
2025-06-29 12:00:00,EP062025,44.0,2025-07-03 18:00:00,4 days 06:00:00,19.94,-112.34,1002.2,40.4,46.41130447387695,48.00978469848633,37.32347106933594,24.434436798095703,40.21812057495117,0.3855972,0.0,0.0,0.0,0.0,0.0,0.022464175,0.053930912
2025-06-29 12:00:00,EP062025,44.0,2025-07-04 00:00:00,4 days 12:00:00,20.59,-113.36,1004.0,39.6,102.3619384765625,37.65937423706055,28.543685913085938,19.57030868530273,29.532123565673828,0.0,0.0,0.0,0.103521,0.021667762,0.04416035,0.04387034,0.15945603
2025-06-29 12:00:00,EP062025,44.0,2025-07-04 06:00:00,4 days 18:00:00,20.85,-113.9,1006.4,27.3,46.4550895690918,1.4910945892333984,0.0,0.0,0.0,0.0,0.0,0.0,0.019661255,0.0,0.023635486,0.071740836,0.014922758
2025-06-29 12:00:00,EP062025,44.0,2025-07-04 12:00:00,5 days 00:00:00,21.23,-114.9,1006.8,24.5,45.76548004150391,0.0,0.0,0.0,0.0,0.0,0.09175266,0.0,0.0,0.0,0.00464586,0.0,0.0
2025-06-29 12:00:00,EP062025,44.0,2025-07-04 18:00:00,5 days 06:00:00,21.53,-115.91,1009.7,26.3,112.6078872680664,1.3866697549819946,0.0,0.0,0.0,0.0,0.0,0.10269296,0.0,0.0,0.13500346,0.06722241,0.061082784
2025-06-29 12:00:00,EP062025,44.0,2025-07-05 00:00:00,5 days 12:00:00,22.1,-117.03,1008.6,21.3,53.313419342041016,0.0,0.6653990745544434,1.0601259469985962,0.0,0.0,0.0,0.0,0.0,0.009419805,0.001976522,0.0,0.0
2025-06-29 12:00:00,EP062025,44.0,2025-07-05 06:00:00,5 days 18:00:00,22.12,-117.8,1010.9,22.4,69.86048126220703,0.0,0.1737755239009857,1.2435187101364136,0.0,0.0,0.0,0.14513208,0.0,0.0,0.10411143,0.0,0.0
2025-06-29 12:00:00,EP062025,44.0,2025-07-05 12:00:00,6 days 00:00:00,22.24,-118.73,1010.2,21.8,50.4607048034668,0.6085106730461121,0.0,0.9481072425842284,0.0,0.0,0.07187269,0.19048095,0.00068604265,0.0,0.07880418,0.0,0.0019050912
2025-06-29 12:00:00,EP062025,44.0,2025-07-05 18:00:00,6 days 06:00:00,22.09,-119.74,1011.0,18.5,48.90711975097656,0.3892142176628113,1.274625301361084,1.2722898721694946,0.7694388031959534,0.0,0.0,0.10202154,0.0,0.0,0.13462545,0.05457965,0.14118971
2025-06-29 12:00:00,AL022025,45.0,2025-06-29 12:00:00,0 days 00:00:00,20.1,-96.0,1008.0,35.0,56.0,56.0,0.0,0.0,0.0,,,,,,,,
2025-06-29 12:00:00,AL022025,45.0,2025-06-29 18:00:00,0 days 06:00:00,15.03,-99.0,1004.7,27.3,73.90613555908203,0.0,1.6300336122512815,0.0658446922898292,0.0,0.4578604,0.24469328,0.053868987,0.097083844,0.10730406,0.03662359,0.007334557,0.12755775
2025-06-29 12:00:00,AL022025,45.0,2025-06-30 00:00:00,0 days 12:00:00,13.98,-101.07,1002.7,38.2,83.73080444335938,22.731956481933597,15.237812042236328,4.352697372436523,13.405738830566406,0.12779784,0.2104431,0.0,0.0,0.065760456,0.07064433,0.0,0.0
2025-06-29 12:00:00,AL022025,45.0,2025-06-30 06:00:00,0 days 18:00:00,14.52,-101.33,999.2,46.4,49.68075942993164,68.63291931152344,59.37589645385742,39.84409713745117,56.438751220703125,2.421227,1.5473928,0.0,0.85185206,0.0,0.0,0.0,0.0
2025-06-29 12:00:00,AL022025,45.0,2025-06-30 12:00:00,1 days 00:00:00,14.86,-102.26,995.1,55.7,35.75632858276367,91.45530700683594,80.51949310302734,57.166934967041016,76.23004150390625,30.989887,25.78565,18.093624,24.053179,0.6062199,0.0,0.0,0.19448134
2025-06-29 12:00:00,AL022025,45.0,2025-06-30 18:00:00,1 days 06:00:00,15.51,-103.06,992.5,60.5,37.63822555541992,98.3861083984375,79.86248779296875,52.743446350097656,82.2138671875,40.653904,32.33533,22.787888,32.196648,6.5720077,3.9671202,2.4369924,5.3058114
2025-06-29 12:00:00,AL022025,45.0,2025-07-01 00:00:00,1 days 12:00:00,16.43,-103.79,983.8,71.3,35.57132339477539,145.05575561523438,129.30897521972656,91.05001831054688,124.13002014160156,68.20826,57.851078,44.72095,57.117153,27.042341,23.685736,18.838926,23.206415
2025-06-29 12:00:00,AL022025,45.0,2025-07-01 06:00:00,1 days 18:00:00,16.87,-104.65,982.8,73.7,19.728872299194336,129.97439575195312,105.51841735839844,70.76262664794922,109.3840103149414,58.172653,45.84452,33.04501,47.3626,20.928097,16.19681,12.219008,17.428467
2025-06-29 12:00:00,AL022025,45.0,2025-07-01 12:00:00,2 days 00:00:00,17.54,-105.1,987.4,70.2,43.95186996459961,121.60891723632812,105.49235534667967,67.95393371582031,98.6680908203125,55.4916,45.38369,32.06543,45.034176,20.4667,16.17927,12.320905,17.063198
2025-06-29 12:00:00,AL022025,45.0,2025-07-01 18:00:00,2 days 06:00:00,17.65,-105.94,983.3,72.6,37.02412033081055,123.4779815673828,104.41282653808594,77.71947479248047,107.23038482666016,60.083855,51.18834,39.446243,50.618626,24.23662,20.543558,16.640905,20.855703
2025-06-29 12:00:00,AL022025,45.0,2025-07-02 00:00:00,2 days 12:00:00,18.21,-106.3,965.2,100.2,37.87233352661133,158.58087158203125,147.4099578857422,110.61402130126952,135.86349487304688,70.21804,61.316746,50.63353,61.745693,32.088787,28.21496,23.573326,28.263193
2025-06-29 12:00:00,AL022025,45.0,2025-07-02 06:00:00,2 days 18:00:00,18.59,-106.74,964.3,98.2,29.034536361694336,165.04034423828125,147.05662536621094,111.28761291503906,149.3373565673828,76.79597,66.863846,54.976315,68.083626,39.58962,35.359306,29.500086,34.92858
2025-06-29 12:00:00,AL022025,45.0,2025-07-02 12:00:00,3 days 00:00:00,19.29,-107.74,979.6,78.3,32.94232177734375,111.59266662597656,92.59656524658205,63.60783004760742,91.25850677490234,47.975975,38.46161,28.861298,40.18737,19.212212,15.101194,12.054666,16.750866
2025-06-29 12:00:00,AL022025,45.0,2025-07-02 18:00:00,3 days 06:00:00,19.99,-108.03,974.5,86.0,48.70236587524414,88.35692596435547,75.12134552001953,53.33461380004883,73.98810577392578,40.7602,33.527554,26.918789,35.366787,17.778315,14.54844,11.982711,15.74683
2025-06-29 12:00:00,AL022025,45.0,2025-07-03 00:00:00,3 days 12:00:00,21.04,-108.83,984.3,69.3,56.18439865112305,87.22053527832031,76.4523696899414,52.05915069580078,69.66756439208984,36.038296,28.775242,21.436092,29.520803,9.887227,7.2949405,5.735103,8.614383
2025-06-29 12:00:00,AL022025,45.0,2025-07-03 06:00:00,3 days 18:00:00,21.76,-109.49,992.9,56.0,32.64215087890625,98.20557403564452,84.20590209960938,61.22026062011719,84.34232330322266,50.497807,42.38616,31.869415,41.519028,14.584835,11.826552,8.972986,12.354993
2025-06-29 12:00:00,AL022025,45.0,2025-07-03 12:00:00,4 days 00:00:00,22.77,-109.9,993.6,56.9,64.71174621582031,110.85742950439452,99.5937271118164,69.46998596191406,90.02747344970703,36.95153,31.161982,21.358719,28.702969,2.679512,1.2029024,0.28773183,1.8443667
2025-06-29 12:00:00,AL022025,45.0,2025-07-03 18:00:00,4 days 06:00:00,23.56,-110.51,999.8,46.4,73.60858154296875,92.96912384033205,81.66104125976562,50.06772232055664,72.2939682006836,5.3527117,4.135814,1.4445075,3.351014,0.0,0.0,0.0,0.0
2025-06-29 12:00:00,AL022025,45.0,2025-07-04 00:00:00,4 days 12:00:00,24.71,-110.82,998.9,45.7,58.5932502746582,69.2130126953125,62.14567565917969,36.40422821044922,49.50812149047852,4.292938,3.1350024,0.5172407,2.1884077,0.0,0.0,0.0,0.0
2025-06-29 12:00:00,AL022025,45.0,2025-07-04 06:00:00,4 days 18:00:00,25.74,-111.26,1004.4,36.2,89.27493286132812,54.59939956665039,49.22243118286133,30.067420959472656,40.403953552246094,1.0660131,0.43958893,0.0,0.69780403,0.04354785,0.02582797,0.0,0.10589023
2025-06-29 12:00:00,AL022025,45.0,2025-07-04 12:00:00,5 days 00:00:00,26.47,-111.27,1004.0,34.1,73.01873016357422,26.60317039489746,23.975282669067383,15.21212100982666,19.891111373901367,2.503975,2.2128208,1.0259886,1.8628938,0.0675612,0.028533224,0.0,0.0621984
2025-06-29 12:00:00,AL022025,45.0,2025-07-04 18:00:00,5 days 06:00:00,27.45,-111.36,1007.6,30.3,109.50279998779295,53.342960357666016,46.43672561645508,30.25024032592773,41.2458381652832,4.6705365,4.098232,2.3044353,3.2803245,0.0,0.058954332,0.016933322,0.0
2025-06-29 12:00:00,AL022025,45.0,2025-07-05 00:00:00,5 days 12:00:00,27.93,-112.33,1006.3,24.1,38.054718017578125,16.372840881347656,17.751916885375977,6.676515579223633,10.142159461975098,3.9936035,3.9738572,1.2789427,2.7782373,0.21673222,0.1963124,0.0,0.0
2025-06-29 12:00:00,AL022025,45.0,2025-07-05 06:00:00,5 days 18:00:00,27.96,-110.77,1008.4,21.6,42.497657775878906,6.508090019226074,5.588800430297852,0.0,3.848048448562622,1.5669992,2.1187112,1.1672437,1.5833887,0.039986864,0.09162947,0.101522185,0.11343283
2025-06-29 12:00:00,AL022025,45.0,2025-07-05 12:00:00,6 days 00:00:00,28.09,-110.77,1008.0,24.3,101.19371032714844,2.4195687770843506,3.1716325283050537,0.0,0.0,0.8599596,0.8082962,0.34786904,0.44016752,0.25225428,0.17582844,0.1429323,0.14510751
2025-06-29 12:00:00,AL022025,45.0,2025-07-05 18:00:00,6 days 06:00:00,27.65,-111.02,1008.0,22.0,40.96044158935547,11.766331672668455,15.11589813232422,4.095822811126709,9.580524444580078,3.9536474,3.8353462,2.3724136,3.1322277,0.03027874,0.3818876,0.062250033,0.0
2025-06-29 12:00:00,AL022025,45.0,2025-07-06 00:00:00,6 days 12:00:00,27.35,-110.69,1006.5,23.8,64.43133544921875,12.607535362243652,14.551189422607422,1.9590952396392824,6.814168453216553,3.4739544,2.6776168,0.5318034,2.580467,0.0,0.13579416,0.0,0.018191544
2025-06-29 12:00:00,EP062025,45.0,2025-06-29 12:00:00,0 days 00:00:00,13.2,-99.7,1005.0,35.0,167.0,167.0,37.0,0.0,0.0,,,,,,,,
2025-06-29 12:00:00,EP062025,45.0,2025-06-29 18:00:00,0 days 06:00:00,14.19,-99.62,1004.7,27.3,73.9090347290039,0.0,1.6293591260910034,0.0657701268792152,0.0,0.45717925,0.24437734,0.05372984,0.09669481,0.10719096,0.036530163,0.0073282053,0.1275038
2025-06-29 12:00:00,EP062025,45.0,2025-06-30 00:00:00,0 days 12:00:00,13.98,-101.07,1002.7,38.2,83.73080444335938,22.731956481933597,15.237812042236328,4.352697372436523,13.405738830566406,0.12779784,0.2104431,0.0,0.0,0.065760456,0.07064433,0.0,0.0
2025-06-29 12:00:00,EP062025,45.0,2025-06-30 06:00:00,0 days 18:00:00,14.52,-101.33,999.2,46.4,49.68075942993164,68.63291931152344,59.37589645385742,39.84409713745117,56.438751220703125,2.421227,1.5473928,0.0,0.85185206,0.0,0.0,0.0,0.0
2025-06-29 12:00:00,EP062025,45.0,2025-06-30 12:00:00,1 days 00:00:00,14.86,-102.26,995.1,55.7,35.75632858276367,91.45530700683594,80.51949310302734,57.166934967041016,76.23004150390625,30.989887,25.78565,18.093624,24.053179,0.6062199,0.0,0.0,0.19448134
2025-06-29 12:00:00,EP062025,45.0,2025-06-30 18:00:00,1 days 06:00:00,15.51,-103.06,992.5,60.5,37.63822555541992,98.3861083984375,79.86248779296875,52.743446350097656,82.2138671875,40.653904,32.33533,22.787888,32.196648,6.5720077,3.9671202,2.4369924,5.3058114
2025-06-29 12:00:00,EP062025,45.0,2025-07-01 00:00:00,1 days 12:00:00,16.43,-103.79,983.8,71.3,35.57132339477539,145.05575561523438,129.30897521972656,91.05001831054688,124.13002014160156,68.20826,57.851078,44.72095,57.117153,27.042341,23.685736,18.838926,23.206415
2025-06-29 12:00:00,EP062025,45.0,2025-07-01 06:00:00,1 days 18:00:00,16.87,-104.65,982.8,73.7,19.728872299194336,129.97439575195312,105.51841735839844,70.76262664794922,109.3840103149414,58.172653,45.84452,33.04501,47.3626,20.928097,16.19681,12.219008,17.428467
2025-06-29 12:00:00,EP062025,45.0,2025-07-01 12:00:00,2 days 00:00:00,17.54,-105.1,987.4,70.2,43.95186996459961,121.60891723632812,105.49235534667967,67.95393371582031,98.6680908203125,55.4916,45.38369,32.06543,45.034176,20.4667,16.17927,12.320905,17.063198
2025-06-29 12:00:00,EP062025,45.0,2025-07-01 18:00:00,2 days 06:00:00,17.65,-105.94,983.3,72.6,37.02412033081055,123.4779815673828,104.41282653808594,77.71947479248047,107.23038482666016,60.083855,51.18834,39.446243,50.618626,24.23662,20.543558,16.640905,20.855703
2025-06-29 12:00:00,EP062025,45.0,2025-07-02 00:00:00,2 days 12:00:00,18.21,-106.3,965.2,100.2,37.87233352661133,158.58087158203125,147.4099578857422,110.61402130126952,135.86349487304688,70.21804,61.316746,50.63353,61.745693,32.088787,28.21496,23.573326,28.263193
2025-06-29 12:00:00,EP062025,45.0,2025-07-02 06:00:00,2 days 18:00:00,18.59,-106.74,964.3,98.2,29.034536361694336,165.04034423828125,147.05662536621094,111.28761291503906,149.3373565673828,76.79597,66.863846,54.976315,68.083626,39.58962,35.359306,29.500086,34.92858
2025-06-29 12:00:00,EP062025,45.0,2025-07-02 12:00:00,3 days 00:00:00,19.29,-107.74,979.6,78.3,32.94232177734375,111.59266662597656,92.59656524658205,63.60783004760742,91.25850677490234,47.975975,38.46161,28.861298,40.18737,19.212212,15.101194,12.054666,16.750866
2025-06-29 12:00:00,EP062025,45.0,2025-07-02 18:00:00,3 days 06:00:00,19.99,-108.03,974.5,86.0,48.70236587524414,88.35692596435547,75.12134552001953,53.33461380004883,73.98810577392578,40.7602,33.527554,26.918789,35.366787,17.778315,14.54844,11.982711,15.74683
2025-06-29 12:00:00,EP062025,45.0,2025-07-03 00:00:00,3 days 12:00:00,21.04,-108.83,984.3,69.3,56.18439865112305,87.22053527832031,76.4523696899414,52.05915069580078,69.66756439208984,36.038296,28.775242,21.436092,29.520803,9.887227,7.2949405,5.735103,8.614383
2025-06-29 12:00:00,EP062025,45.0,2025-07-03 06:00:00,3 days 18:00:00,21.76,-109.49,992.9,56.0,32.64215087890625,98.20557403564452,84.20590209960938,61.22026062011719,84.34232330322266,50.497807,42.38616,31.869415,41.519028,14.584835,11.826552,8.972986,12.354993
2025-06-29 12:00:00,EP062025,45.0,2025-07-03 12:00:00,4 days 00:00:00,22.77,-109.9,993.6,56.9,64.71174621582031,110.85742950439452,99.5937271118164,69.46998596191406,90.02747344970703,36.95153,31.161982,21.358719,28.702969,2.679512,1.2029024,0.28773183,1.8443667
2025-06-29 12:00:00,EP062025,45.0,2025-07-03 18:00:00,4 days 06:00:00,23.56,-110.51,999.8,46.4,73.60858154296875,92.96912384033205,81.66104125976562,50.06772232055664,72.2939682006836,5.3527117,4.135814,1.4445075,3.351014,0.0,0.0,0.0,0.0
2025-06-29 12:00:00,EP062025,45.0,2025-07-04 00:00:00,4 days 12:00:00,24.71,-110.82,998.9,45.7,58.5932502746582,69.2130126953125,62.14567565917969,36.40422821044922,49.50812149047852,4.292938,3.1350024,0.5172407,2.1884077,0.0,0.0,0.0,0.0
2025-06-29 12:00:00,EP062025,45.0,2025-07-04 06:00:00,4 days 18:00:00,25.74,-111.26,1004.4,36.2,89.27493286132812,54.59939956665039,49.22243118286133,30.067420959472656,40.403953552246094,1.0660131,0.43958893,0.0,0.69780403,0.04354785,0.02582797,0.0,0.10589023
2025-06-29 12:00:00,EP062025,45.0,2025-07-04 12:00:00,5 days 00:00:00,26.47,-111.27,1004.0,34.1,73.01873016357422,26.60317039489746,23.975282669067383,15.21212100982666,19.891111373901367,2.503975,2.2128208,1.0259886,1.8628938,0.0675612,0.028533224,0.0,0.0621984
2025-06-29 12:00:00,EP062025,45.0,2025-07-04 18:00:00,5 days 06:00:00,27.45,-111.36,1007.6,30.3,109.50279998779295,53.342960357666016,46.43672561645508,30.25024032592773,41.2458381652832,4.6705365,4.098232,2.3044353,3.2803245,0.0,0.058954332,0.016933322,0.0
2025-06-29 12:00:00,EP062025,45.0,2025-07-05 00:00:00,5 days 12:00:00,27.93,-112.33,1006.3,24.1,38.054718017578125,16.372840881347656,17.751916885375977,6.676515579223633,10.142159461975098,3.9936035,3.9738572,1.2789427,2.7782373,0.21673222,0.1963124,0.0,0.0
2025-06-29 12:00:00,EP062025,45.0,2025-07-05 06:00:00,5 days 18:00:00,27.96,-110.77,1008.4,21.6,42.497657775878906,6.508090019226074,5.588800430297852,0.0,3.848048448562622,1.5669992,2.1187112,1.1672437,1.5833887,0.039986864,0.09162947,0.101522185,0.11343283
2025-06-29 12:00:00,EP062025,45.0,2025-07-05 12:00:00,6 days 00:00:00,28.09,-110.77,1008.0,24.3,101.19371032714844,2.4195687770843506,3.1716325283050537,0.0,0.0,0.8599596,0.8082962,0.34786904,0.44016752,0.25225428,0.17582844,0.1429323,0.14510751
2025-06-29 12:00:00,EP062025,45.0,2025-07-05 18:00:00,6 days 06:00:00,27.65,-111.02,1008.0,22.0,40.96044158935547,11.766331672668455,15.11589813232422,4.095822811126709,9.580524444580078,3.9536474,3.8353462,2.3724136,3.1322277,0.03027874,0.3818876,0.062250033,0.0
2025-06-29 12:00:00,EP062025,45.0,2025-07-06 00:00:00,6 days 12:00:00,27.35,-110.69,1006.5,23.8,64.43133544921875,12.607535362243652,14.551189422607422,1.9590952396392824,6.814168453216553,3.4739544,2.6776168,0.5318034,2.580467,0.0,0.13579416,0.0,0.018191544
2025-06-29 12:00:00,AL022025,46.0,2025-06-29 12:00:00,0 days 00:00:00,20.1,-96.0,1008.0,35.0,56.0,56.0,0.0,0.0,0.0,,,,,,,,
2025-06-29 12:00:00,AL022025,46.0,2025-06-29 18:00:00,0 days 06:00:00,15.02,-98.95,1003.9,36.3,83.44571685791016,38.57014846801758,29.81596565246582,19.69758033752441,30.3637809753418,0.41738287,0.0,0.0,0.0,0.0060353125,0.0,0.0,0.0048120534
2025-06-29 12:00:00,AL022025,46.0,2025-06-30 00:00:00,0 days 12:00:00,13.96,-100.51,1003.7,37.7,113.7719497680664,4.460649967193604,1.0863432884216309,0.0,0.0,0.0,0.15880978,0.0,0.0,0.0,0.029444426,0.0,0.0
2025-06-29 12:00:00,AL022025,46.0,2025-06-30 06:00:00,0 days 18:00:00,14.67,-101.36,1000.1,44.8,75.93595123291016,199.46762084960935,177.37144470214844,139.46817016601562,169.75119018554688,16.233364,12.466777,7.9530015,11.049024,0.16073093,0.113510735,0.34032762,0.0
2025-06-29 12:00:00,AL022025,46.0,2025-06-30 12:00:00,1 days 00:00:00,15.2,-102.35,996.1,50.9,35.09382629394531,80.74349212646484,69.41856384277344,47.98074722290039,65.69649505615234,14.581191,11.537213,6.744582,10.343868,0.0,0.0,0.0,0.0
2025-06-29 12:00:00,AL022025,46.0,2025-06-30 18:00:00,1 days 06:00:00,15.76,-103.01,994.0,55.4,54.04338836669922,127.99781799316406,110.44995880126952,74.5628890991211,106.8728485107422,11.341524,8.122728,3.8864229,7.199102,0.0,0.0,0.0,0.0
2025-06-29 12:00:00,AL022025,46.0,2025-07-01 00:00:00,1 days 12:00:00,16.27,-103.81,982.4,74.4,28.47540664672852,137.06895446777344,119.68167877197266,80.19078826904297,113.85789489746094,64.18822,51.93682,38.218433,52.874058,23.480047,18.873808,14.517538,19.758413
2025-06-29 12:00:00,AL022025,46.0,2025-07-01 06:00:00,1 days 18:00:00,16.73,-104.75,966.0,96.4,15.395509719848633,143.23997497558594,124.5735855102539,91.6429214477539,125.30030822753906,68.297005,57.8941,46.139374,60.085995,37.95118,32.70725,26.767483,32.97755
2025-06-29 12:00:00,AL022025,46.0,2025-07-01 12:00:00,2 days 00:00:00,17.21,-105.42,948.0,119.6,12.70516872406006,148.40455627441406,130.83848571777344,100.26627349853516,130.01722717285156,68.79816,57.185978,47.97193,61.733013,37.772194,32.151573,27.077938,33.599033
2025-06-29 12:00:00,AL022025,46.0,2025-07-01 18:00:00,2 days 06:00:00,17.81,-106.07,967.6,93.7,18.898231506347656,143.194580078125,123.60160064697266,88.24686431884766,127.09740447998048,62.40765,50.1109,39.56865,53.160015,27.065796,22.474277,18.158096,23.571394
2025-06-29 12:00:00,AL022025,46.0,2025-07-02 00:00:00,2 days 12:00:00,18.32,-106.98,974.2,83.4,47.45868682861328,126.17507934570312,110.81887817382812,79.04833984375,107.27503967285156,49.56638,40.45844,30.964342,41.371273,20.880283,17.025408,13.709528,17.903805
2025-06-29 12:00:00,AL022025,46.0,2025-07-02 06:00:00,2 days 18:00:00,19.35,-107.47,965.7,96.3,16.510345458984375,119.01313018798828,108.40394592285156,77.55709075927734,101.0608901977539,54.339878,45.694454,37.149445,47.827175,33.616196,28.786243,23.880215,29.291862
2025-06-29 12:00:00,AL022025,46.0,2025-07-02 12:00:00,3 days 00:00:00,20.01,-108.24,971.3,87.4,18.11442756652832,114.64248657226562,106.28653717041016,72.5753173828125,95.85953521728516,52.479073,44.858837,34.42909,44.741146,27.804977,23.843231,19.507597,24.02769
2025-06-29 12:00:00,AL022025,46.0,2025-07-02 18:00:00,3 days 06:00:00,20.93,-109.07,977.8,80.5,43.5343132019043,131.26641845703125,111.41253662109376,74.40100860595703,105.91423034667967,56.70051,47.078438,35.365875,47.385395,23.8314,19.697136,15.824984,20.584492
2025-06-29 12:00:00,AL022025,46.0,2025-07-03 00:00:00,3 days 12:00:00,21.62,-109.52,983.5,69.5,53.30593490600586,119.32294464111328,101.01048278808594,67.67349243164062,94.68145751953124,61.005516,51.549953,38.48951,50.83906,27.562532,23.078327,18.36392,23.405659
2025-06-29 12:00:00,AL022025,46.0,2025-07-03 06:00:00,3 days 18:00:00,22.33,-109.89,990.7,55.6,33.64457702636719,110.63484954833984,93.86712646484376,68.48857879638672,94.08956909179688,59.471664,49.998554,37.799046,49.912422,22.3334,18.338898,14.0840645,18.870886
2025-06-29 12:00:00,AL022025,46.0,2025-07-03 12:00:00,4 days 00:00:00,23.3,-110.28,996.8,48.0,36.1038932800293,150.15255737304688,135.911865234375,103.13021087646484,125.5605697631836,13.693069,11.018842,6.6093335,9.50575,0.0,0.0,0.0,0.0
2025-06-29 12:00:00,AL022025,46.0,2025-07-03 18:00:00,4 days 06:00:00,24.55,-110.65,999.5,42.0,32.17891311645508,84.90800476074219,76.54945373535156,50.15095520019531,68.01997375488281,9.034887,7.8588924,4.124503,6.0917716,0.0,0.0,0.0,0.0
2025-06-29 12:00:00,AL022025,46.0,2025-07-04 00:00:00,4 days 12:00:00,25.37,-110.98,1001.8,34.1,41.45343780517578,18.42339134216309,17.62030601501465,7.8657450675964355,11.51939582824707,5.8662853,4.961115,2.367349,4.404041,0.21053623,0.018097475,0.0,0.0
2025-06-29 12:00:00,AL022025,46.0,2025-07-04 06:00:00,4 days 18:00:00,27.02,-110.69,1001.9,38.0,34.75135040283203,91.42366027832033,82.02621459960938,52.96890640258789,67.79936981201172,3.3133545,2.472569,0.19094414,1.7525647,0.0,0.0,0.0,0.0
2025-06-29 12:00:00,AL022025,46.0,2025-07-04 12:00:00,5 days 00:00:00,28.35,-110.96,1002.0,33.8,32.69660949707031,43.81826400756836,41.47225189208984,27.78811836242676,33.43146133422852,3.0226367,2.9193473,1.1094822,1.9398415,0.13583405,0.11974033,0.0238828,0.0
2025-06-29 12:00:00,AL022025,46.0,2025-07-04 18:00:00,5 days 06:00:00,29.44,-110.46,1004.8,22.2,34.577640533447266,15.810386657714844,16.085113525390625,7.62924861907959,12.317880630493164,1.2905871,1.4508829,1.1820179,0.61601007,0.15408696,0.5430333,0.2655147,0.41019562
2025-06-29 12:00:00,EP062025,46.0,2025-06-29 12:00:00,0 days 00:00:00,13.2,-99.7,1005.0,35.0,167.0,167.0,37.0,0.0,0.0,,,,,,,,
2025-06-29 12:00:00,EP062025,46.0,2025-06-29 18:00:00,0 days 06:00:00,13.71,-99.96,1003.9,36.3,83.61140441894531,38.33705520629883,29.63025665283203,19.54600715637207,30.15763664245605,0.41484457,0.0,0.0,0.0,0.0076548485,0.0,0.0,0.0049919095
2025-06-29 12:00:00,EP062025,46.0,2025-06-30 00:00:00,0 days 12:00:00,13.96,-100.51,1003.7,37.7,113.7719497680664,4.460649967193604,1.0863432884216309,0.0,0.0,0.0,0.15880978,0.0,0.0,0.0,0.029444426,0.0,0.0
2025-06-29 12:00:00,EP062025,46.0,2025-06-30 06:00:00,0 days 18:00:00,14.67,-101.36,1000.1,44.8,75.93595123291016,199.46762084960935,177.37144470214844,139.46817016601562,169.75119018554688,16.233364,12.466777,7.9530015,11.049024,0.16073093,0.113510735,0.34032762,0.0
2025-06-29 12:00:00,EP062025,46.0,2025-06-30 12:00:00,1 days 00:00:00,15.2,-102.35,996.1,50.9,35.09382629394531,80.74349212646484,69.41856384277344,47.98074722290039,65.69649505615234,14.581191,11.537213,6.744582,10.343868,0.0,0.0,0.0,0.0
2025-06-29 12:00:00,EP062025,46.0,2025-06-30 18:00:00,1 days 06:00:00,15.76,-103.01,994.0,55.4,54.04338836669922,127.99781799316406,110.44995880126952,74.5628890991211,106.8728485107422,11.341524,8.122728,3.8864229,7.199102,0.0,0.0,0.0,0.0
2025-06-29 12:00:00,EP062025,46.0,2025-07-01 00:00:00,1 days 12:00:00,16.27,-103.81,982.4,74.4,28.47540664672852,137.06895446777344,119.68167877197266,80.19078826904297,113.85789489746094,64.18822,51.93682,38.218433,52.874058,23.480047,18.873808,14.517538,19.758413
2025-06-29 12:00:00,EP062025,46.0,2025-07-01 06:00:00,1 days 18:00:00,16.73,-104.75,966.0,96.4,15.395509719848633,143.23997497558594,124.5735855102539,91.6429214477539,125.30030822753906,68.297005,57.8941,46.139374,60.085995,37.95118,32.70725,26.767483,32.97755
2025-06-29 12:00:00,EP062025,46.0,2025-07-01 12:00:00,2 days 00:00:00,17.21,-105.42,948.0,119.6,12.70516872406006,148.40455627441406,130.83848571777344,100.26627349853516,130.01722717285156,68.79816,57.185978,47.97193,61.733013,37.772194,32.151573,27.077938,33.599033
2025-06-29 12:00:00,EP062025,46.0,2025-07-01 18:00:00,2 days 06:00:00,17.81,-106.07,967.6,93.7,18.898231506347656,143.194580078125,123.60160064697266,88.24686431884766,127.09740447998048,62.40765,50.1109,39.56865,53.160015,27.065796,22.474277,18.158096,23.571394
2025-06-29 12:00:00,EP062025,46.0,2025-07-02 00:00:00,2 days 12:00:00,18.32,-106.98,974.2,83.4,47.45868682861328,126.17507934570312,110.81887817382812,79.04833984375,107.27503967285156,49.56638,40.45844,30.964342,41.371273,20.880283,17.025408,13.709528,17.903805
2025-06-29 12:00:00,EP062025,46.0,2025-07-02 06:00:00,2 days 18:00:00,19.35,-107.47,965.7,96.3,16.510345458984375,119.01313018798828,108.40394592285156,77.55709075927734,101.0608901977539,54.339878,45.694454,37.149445,47.827175,33.616196,28.786243,23.880215,29.291862
2025-06-29 12:00:00,EP062025,46.0,2025-07-02 12:00:00,3 days 00:00:00,20.01,-108.24,971.3,87.4,18.11442756652832,114.64248657226562,106.28653717041016,72.5753173828125,95.85953521728516,52.479073,44.858837,34.42909,44.741146,27.804977,23.843231,19.507597,24.02769
2025-06-29 12:00:00,EP062025,46.0,2025-07-02 18:00:00,3 days 06:00:00,20.93,-109.07,977.8,80.5,43.5343132019043,131.26641845703125,111.41253662109376,74.40100860595703,105.91423034667967,56.70051,47.078438,35.365875,47.385395,23.8314,19.697136,15.824984,20.584492
2025-06-29 12:00:00,EP062025,46.0,2025-07-03 00:00:00,3 days 12:00:00,21.62,-109.52,983.5,69.5,53.30593490600586,119.32294464111328,101.01048278808594,67.67349243164062,94.68145751953124,61.005516,51.549953,38.48951,50.83906,27.562532,23.078327,18.36392,23.405659
2025-06-29 12:00:00,EP062025,46.0,2025-07-03 06:00:00,3 days 18:00:00,22.33,-109.89,990.7,55.6,33.64457702636719,110.63484954833984,93.86712646484376,68.48857879638672,94.08956909179688,59.471664,49.998554,37.799046,49.912422,22.3334,18.338898,14.0840645,18.870886
2025-06-29 12:00:00,EP062025,46.0,2025-07-03 12:00:00,4 days 00:00:00,23.3,-110.28,996.8,48.0,36.1038932800293,150.15255737304688,135.911865234375,103.13021087646484,125.5605697631836,13.693069,11.018842,6.6093335,9.50575,0.0,0.0,0.0,0.0
2025-06-29 12:00:00,EP062025,46.0,2025-07-03 18:00:00,4 days 06:00:00,24.55,-110.65,999.5,42.0,32.17891311645508,84.90800476074219,76.54945373535156,50.15095520019531,68.01997375488281,9.034887,7.8588924,4.124503,6.0917716,0.0,0.0,0.0,0.0
2025-06-29 12:00:00,EP062025,46.0,2025-07-04 00:00:00,4 days 12:00:00,25.37,-110.98,1001.8,34.1,41.45343780517578,18.42339134216309,17.62030601501465,7.8657450675964355,11.51939582824707,5.8662853,4.961115,2.367349,4.404041,0.21053623,0.018097475,0.0,0.0
2025-06-29 12:00:00,EP062025,46.0,2025-07-04 06:00:00,4 days 18:00:00,27.02,-110.69,1001.9,38.0,34.75135040283203,91.42366027832033,82.02621459960938,52.96890640258789,67.79936981201172,3.3133545,2.472569,0.19094414,1.7525647,0.0,0.0,0.0,0.0
2025-06-29 12:00:00,EP062025,46.0,2025-07-04 12:00:00,5 days 00:00:00,28.35,-110.96,1002.0,33.8,32.69660949707031,43.81826400756836,41.47225189208984,27.78811836242676,33.43146133422852,3.0226367,2.9193473,1.1094822,1.9398415,0.13583405,0.11974033,0.0238828,0.0
2025-06-29 12:00:00,EP062025,46.0,2025-07-04 18:00:00,5 days 06:00:00,29.44,-110.46,1004.8,22.2,34.577640533447266,15.810386657714844,16.085113525390625,7.62924861907959,12.317880630493164,1.2905871,1.4508829,1.1820179,0.61601007,0.15408696,0.5430333,0.2655147,0.41019562
2025-06-29 12:00:00,AL022025,47.0,2025-06-29 12:00:00,0 days 00:00:00,20.1,-96.0,1008.0,35.0,56.0,56.0,0.0,0.0,0.0,,,,,,,,
2025-06-29 12:00:00,AL022025,47.0,2025-06-29 18:00:00,0 days 06:00:00,15.09,-98.94,1004.2,31.7,65.63792419433594,4.765014171600342,2.037809371948242,0.0,2.607642889022827,0.34217584,0.24588129,0.026607715,0.20730191,0.034079015,0.055834156,0.044420145,0.04319032
2025-06-29 12:00:00,AL022025,47.0,2025-06-30 00:00:00,0 days 12:00:00,14.01,-100.9,1002.1,40.2,87.04133605957031,21.645797729492188,15.883514404296877,5.4260687828063965,14.07481861114502,0.1384566,0.28141725,0.0,0.0,0.0,0.0,0.0,0.0
2025-06-29 12:00:00,AL022025,47.0,2025-06-30 06:00:00,0 days 18:00:00,14.53,-101.25,997.7,48.0,33.3324089050293,57.20346450805664,47.82096099853516,32.08013153076172,48.37184524536133,27.19247,22.070736,15.594146,22.005398,4.182046,2.3662589,1.1710042,3.2506032
2025-06-29 12:00:00,AL022025,47.0,2025-06-30 12:00:00,1 days 00:00:00,15.09,-101.96,997.4,49.4,62.6264533996582,70.4876480102539,58.671348571777344,38.82297134399414,55.15620803833008,2.9817467,1.7293721,0.0,1.0156791,0.0,0.0,0.0,0.0
2025-06-29 12:00:00,AL022025,47.0,2025-06-30 18:00:00,1 days 06:00:00,15.69,-103.1,995.9,54.8,67.48367309570312,129.1510009765625,113.04774475097656,80.30268096923828,106.28693389892578,18.475407,15.447327,9.071928,13.429011,0.0,0.0,0.0,0.0
2025-06-29 12:00:00,AL022025,47.0,2025-07-01 00:00:00,1 days 12:00:00,16.39,-103.92,986.4,69.7,46.72343063354492,134.54190063476562,118.60453033447266,90.20355224609376,113.7558364868164,69.1565,59.14802,46.288933,58.293587,27.14527,23.268745,18.761713,23.053572
2025-06-29 12:00:00,AL022025,47.0,2025-07-01 06:00:00,1 days 18:00:00,17.05,-104.93,985.8,70.6,30.504722595214844,158.34292602539062,133.42274475097656,91.9529800415039,135.88583374023438,79.19444,66.313545,49.450768,66.24274,31.297623,26.462038,20.791826,26.481005
2025-06-29 12:00:00,AL022025,47.0,2025-07-01 12:00:00,2 days 00:00:00,17.86,-105.9,987.5,68.1,38.78858947753906,152.6771240234375,125.38257598876952,82.28238677978516,123.7533950805664,70.22433,55.4811,39.022297,56.136395,16.787397,11.997637,8.378193,13.780596
2025-06-29 12:00:00,AL022025,47.0,2025-07-01 18:00:00,2 days 06:00:00,17.98,-106.49,985.2,70.3,23.93999290466309,140.25732421875,120.26019287109376,89.54224395751953,121.32445526123048,67.02275,55.8962,42.981426,56.118908,23.080011,19.001387,14.992297,19.611113
2025-06-29 12:00:00,AL022025,47.0,2025-07-02 00:00:00,2 days 12:00:00,18.72,-107.47,976.1,81.4,31.14211654663086,148.15489196777344,127.90863037109376,91.79212188720705,128.54391479492188,68.189735,56.23478,44.13875,58.594387,28.91613,24.544424,19.415289,25.02882
2025-06-29 12:00:00,AL022025,47.0,2025-07-02 06:00:00,2 days 18:00:00,19.52,-107.91,985.1,71.4,34.533241271972656,109.86125946044922,90.2905502319336,52.24073028564453,85.73915100097656,47.437363,36.451878,25.42015,38.45434,19.848003,14.943057,11.06417,16.715473
2025-06-29 12:00:00,AL022025,47.0,2025-07-02 12:00:00,3 days 00:00:00,20.17,-108.44,981.7,73.8,18.18938636779785,113.47409057617188,99.91669464111328,65.06072998046875,89.64176940917969,50.8741,41.34014,29.614325,41.57422,19.953693,15.4715,11.797692,16.757578
2025-06-29 12:00:00,AL022025,47.0,2025-07-02 18:00:00,3 days 06:00:00,21.15,-108.98,984.2,71.4,49.0582160949707,114.83273315429688,96.9327392578125,69.6857681274414,95.09929656982422,51.983624,43.591507,33.52802,43.368687,18.135027,14.956547,11.758904,15.634607
2025-06-29 12:00:00,AL022025,47.0,2025-07-03 00:00:00,3 days 12:00:00,21.76,-109.57,983.4,68.3,25.378990173339844,135.1353759765625,123.73274230957033,89.68425750732422,111.26953125,66.56877,58.336777,45.22739,56.389782,28.088213,24.671253,20.073948,24.016672
2025-06-29 12:00:00,AL022025,47.0,2025-07-03 06:00:00,3 days 18:00:00,22.43,-110.04,996.7,51.6,36.06100845336914,128.42489624023438,117.95940399169922,89.08063507080078,111.3027801513672,35.061157,29.713497,21.311295,26.811632,0.046905648,0.0,0.0,0.0
2025-06-29 12:00:00,AL022025,47.0,2025-07-03 12:00:00,4 days 00:00:00,23.19,-110.48,1001.9,36.9,31.865835189819336,96.769287109375,87.58277893066406,65.1666488647461,80.1075439453125,4.404019,3.671811,1.5251272,2.9545298,0.0,0.0,0.0,0.0
2025-06-29 12:00:00,AL022025,47.0,2025-07-03 18:00:00,4 days 06:00:00,24.64,-110.53,1004.4,32.6,42.027774810791016,67.23275756835938,61.273681640625,42.72102737426758,53.5496711730957,4.1463027,3.6030467,2.274276,3.0307171,0.0,0.0,0.02156923,0.0
2025-06-29 12:00:00,AL022025,47.0,2025-07-04 00:00:00,4 days 12:00:00,25.52,-110.9,1004.1,34.2,73.44783020019531,63.662879943847656,56.622291564941406,37.4280891418457,48.3096923828125,3.7365708,2.9530542,0.6988967,2.6169093,0.19737291,0.20154387,0.0,0.136531
2025-06-29 12:00:00,AL022025,47.0,2025-07-04 06:00:00,4 days 18:00:00,26.23,-111.18,1006.2,29.1,39.66847229003906,33.05191421508789,28.916269302368164,19.81283569335937,25.70640754699707,1.6631804,1.6871268,0.6975499,1.3421263,0.09131289,0.055022668,0.015725276,0.0038260587
2025-06-29 12:00:00,AL022025,47.0,2025-07-04 12:00:00,5 days 00:00:00,26.02,-111.79,1007.4,27.2,58.11452102661133,1.7488399744033811,3.6709914207458496,0.3204020261764526,0.1719628572463989,1.487108,1.3283546,0.77820385,0.77513653,0.050229717,0.087505236,0.0,0.0
2025-06-29 12:00:00,EP062025,47.0,2025-06-29 12:00:00,0 days 00:00:00,13.2,-99.7,1005.0,35.0,167.0,167.0,37.0,0.0,0.0,,,,,,,,
2025-06-29 12:00:00,EP062025,47.0,2025-06-29 18:00:00,0 days 06:00:00,13.75,-100.27,1004.2,31.6,65.67329406738281,4.744510650634766,2.035705804824829,0.0,2.590488910675049,0.33969405,0.24652855,0.027775817,0.20644592,0.03312051,0.054912698,0.043800227,0.041971322
2025-06-29 12:00:00,EP062025,47.0,2025-06-30 00:00:00,0 days 12:00:00,14.01,-100.9,1002.1,40.2,87.04133605957031,21.645797729492188,15.883514404296877,5.4260687828063965,14.07481861114502,0.1384566,0.28141725,0.0,0.0,0.0,0.0,0.0,0.0
2025-06-29 12:00:00,EP062025,47.0,2025-06-30 06:00:00,0 days 18:00:00,14.53,-101.25,997.7,48.0,33.3324089050293,57.20346450805664,47.82096099853516,32.08013153076172,48.37184524536133,27.19247,22.070736,15.594146,22.005398,4.182046,2.3662589,1.1710042,3.2506032
2025-06-29 12:00:00,EP062025,47.0,2025-06-30 12:00:00,1 days 00:00:00,15.09,-101.96,997.4,49.4,62.6264533996582,70.4876480102539,58.671348571777344,38.82297134399414,55.15620803833008,2.9817467,1.7293721,0.0,1.0156791,0.0,0.0,0.0,0.0
2025-06-29 12:00:00,EP062025,47.0,2025-06-30 18:00:00,1 days 06:00:00,15.69,-103.1,995.9,54.8,67.48367309570312,129.1510009765625,113.04774475097656,80.30268096923828,106.28693389892578,18.475407,15.447327,9.071928,13.429011,0.0,0.0,0.0,0.0
2025-06-29 12:00:00,EP062025,47.0,2025-07-01 00:00:00,1 days 12:00:00,16.39,-103.92,986.4,69.7,46.72343063354492,134.54190063476562,118.60453033447266,90.20355224609376,113.7558364868164,69.1565,59.14802,46.288933,58.293587,27.14527,23.268745,18.761713,23.053572
2025-06-29 12:00:00,EP062025,47.0,2025-07-01 06:00:00,1 days 18:00:00,17.05,-104.93,985.8,70.6,30.504722595214844,158.34292602539062,133.42274475097656,91.9529800415039,135.88583374023438,79.19444,66.313545,49.450768,66.24274,31.297623,26.462038,20.791826,26.481005
2025-06-29 12:00:00,EP062025,47.0,2025-07-01 12:00:00,2 days 00:00:00,17.86,-105.9,987.5,68.1,38.78858947753906,152.6771240234375,125.38257598876952,82.28238677978516,123.7533950805664,70.22433,55.4811,39.022297,56.136395,16.787397,11.997637,8.378193,13.780596
2025-06-29 12:00:00,EP062025,47.0,2025-07-01 18:00:00,2 days 06:00:00,17.98,-106.49,985.2,70.3,23.93999290466309,140.25732421875,120.26019287109376,89.54224395751953,121.32445526123048,67.02275,55.8962,42.981426,56.118908,23.080011,19.001387,14.992297,19.611113
2025-06-29 12:00:00,EP062025,47.0,2025-07-02 00:00:00,2 days 12:00:00,18.72,-107.47,976.1,81.4,31.14211654663086,148.15489196777344,127.90863037109376,91.79212188720705,128.54391479492188,68.189735,56.23478,44.13875,58.594387,28.91613,24.544424,19.415289,25.02882
2025-06-29 12:00:00,EP062025,47.0,2025-07-02 06:00:00,2 days 18:00:00,19.52,-107.91,985.1,71.4,34.533241271972656,109.86125946044922,90.2905502319336,52.24073028564453,85.73915100097656,47.437363,36.451878,25.42015,38.45434,19.848003,14.943057,11.06417,16.715473
2025-06-29 12:00:00,EP062025,47.0,2025-07-02 12:00:00,3 days 00:00:00,20.17,-108.44,981.7,73.8,18.18938636779785,113.47409057617188,99.91669464111328,65.06072998046875,89.64176940917969,50.8741,41.34014,29.614325,41.57422,19.953693,15.4715,11.797692,16.757578
2025-06-29 12:00:00,EP062025,47.0,2025-07-02 18:00:00,3 days 06:00:00,21.15,-108.98,984.2,71.4,49.0582160949707,114.83273315429688,96.9327392578125,69.6857681274414,95.09929656982422,51.983624,43.591507,33.52802,43.368687,18.135027,14.956547,11.758904,15.634607
2025-06-29 12:00:00,EP062025,47.0,2025-07-03 00:00:00,3 days 12:00:00,21.76,-109.57,983.4,68.3,25.378990173339844,135.1353759765625,123.73274230957033,89.68425750732422,111.26953125,66.56877,58.336777,45.22739,56.389782,28.088213,24.671253,20.073948,24.016672
2025-06-29 12:00:00,EP062025,47.0,2025-07-03 06:00:00,3 days 18:00:00,22.43,-110.04,996.7,51.6,36.06100845336914,128.42489624023438,117.95940399169922,89.08063507080078,111.3027801513672,35.061157,29.713497,21.311295,26.811632,0.046905648,0.0,0.0,0.0
2025-06-29 12:00:00,EP062025,47.0,2025-07-03 12:00:00,4 days 00:00:00,23.19,-110.48,1001.9,36.9,31.865835189819336,96.769287109375,87.58277893066406,65.1666488647461,80.1075439453125,4.404019,3.671811,1.5251272,2.9545298,0.0,0.0,0.0,0.0
2025-06-29 12:00:00,EP062025,47.0,2025-07-03 18:00:00,4 days 06:00:00,24.64,-110.53,1004.4,32.6,42.027774810791016,67.23275756835938,61.273681640625,42.72102737426758,53.5496711730957,4.1463027,3.6030467,2.274276,3.0307171,0.0,0.0,0.02156923,0.0
2025-06-29 12:00:00,EP062025,47.0,2025-07-04 00:00:00,4 days 12:00:00,25.52,-110.9,1004.1,34.2,73.44783020019531,63.662879943847656,56.622291564941406,37.4280891418457,48.3096923828125,3.7365708,2.9530542,0.6988967,2.6169093,0.19737291,0.20154387,0.0,0.136531
2025-06-29 12:00:00,EP062025,47.0,2025-07-04 06:00:00,4 days 18:00:00,26.23,-111.18,1006.2,29.1,39.66847229003906,33.05191421508789,28.916269302368164,19.81283569335937,25.70640754699707,1.6631804,1.6871268,0.6975499,1.3421263,0.09131289,0.055022668,0.015725276,0.0038260587
2025-06-29 12:00:00,EP062025,47.0,2025-07-04 12:00:00,5 days 00:00:00,26.02,-111.79,1007.4,27.2,58.11452102661133,1.7488399744033811,3.6709914207458496,0.3204020261764526,0.1719628572463989,1.487108,1.3283546,0.77820385,0.77513653,0.050229717,0.087505236,0.0,0.0
2025-06-29 12:00:00,AL022025,48.0,2025-06-29 12:00:00,0 days 00:00:00,20.1,-96.0,1008.0,35.0,56.0,56.0,0.0,0.0,0.0,,,,,,,,
2025-06-29 12:00:00,AL022025,48.0,2025-06-29 18:00:00,0 days 06:00:00,15.09,-99.14,1003.3,32.7,64.5704116821289,9.535354614257812,6.074448108673096,3.864103555679321,8.71751594543457,0.23353745,0.07748995,0.0,0.028481709,0.010990377,0.044416007,0.06641646,0.0
2025-06-29 12:00:00,AL022025,48.0,2025-06-30 00:00:00,0 days 12:00:00,13.92,-101.04,1001.0,39.4,52.13559722900391,46.52575302124024,38.02874755859375,27.75356101989746,39.04448699951172,0.3346795,0.0,0.0,0.006110998,0.0,0.0,0.011462181,0.017290272
2025-06-29 12:00:00,AL022025,48.0,2025-06-30 06:00:00,0 days 18:00:00,14.05,-101.58,998.4,46.8,67.70899200439453,31.47859764099121,26.19707298278809,13.630658149719238,23.67012023925781,1.8658968,1.741174,0.32678294,0.9399629,0.0,0.0,0.0,0.0
2025-06-29 12:00:00,AL022025,48.0,2025-06-30 12:00:00,1 days 00:00:00,14.68,-101.92,997.7,49.4,59.28775405883789,123.13042449951172,106.7710189819336,77.30643463134766,100.06658935546876,35.07229,30.19279,20.653616,26.894863,0.0,0.0,0.0,0.0
2025-06-29 12:00:00,AL022025,48.0,2025-06-30 18:00:00,1 days 06:00:00,15.55,-102.62,988.0,64.4,23.741943359375,103.64281463623048,90.02013397216797,65.85456085205078,88.12886810302734,48.216537,39.206944,29.16845,39.666065,12.18695,9.021346,6.6137567,10.134443
2025-06-29 12:00:00,AL022025,48.0,2025-07-01 00:00:00,1 days 12:00:00,16.62,-103.53,989.2,63.9,29.65691375732422,132.34776306152344,108.81280517578124,65.79137420654297,109.0788116455078,66.479324,51.75042,35.45632,52.911232,20.829802,15.468226,11.037565,17.125164
2025-06-29 12:00:00,AL022025,48.0,2025-07-01 06:00:00,1 days 18:00:00,17.28,-104.55,984.8,70.1,19.029651641845703,115.52045440673828,96.20873260498048,70.42218017578125,100.469970703125,62.638496,52.64352,40.121838,54.45625,35.893513,30.448143,24.3227,30.712236
2025-06-29 12:00:00,AL022025,48.0,2025-07-01 12:00:00,2 days 00:00:00,18.02,-105.59,991.0,61.8,42.9580078125,95.02332305908205,78.72396087646484,52.3729248046875,77.26795196533203,41.509037,32.690758,22.88359,33.14004,8.970393,5.786641,3.6986945,7.342334
2025-06-29 12:00:00,AL022025,48.0,2025-07-01 18:00:00,2 days 06:00:00,18.47,-106.27,990.4,62.5,46.59512710571289,100.81608581542967,84.23017883300781,59.27530670166016,86.03802490234375,50.969467,41.60908,30.606903,42.436043,14.257709,10.8451,8.072155,12.059596
2025-06-29 12:00:00,AL022025,48.0,2025-07-02 00:00:00,2 days 12:00:00,19.44,-107.34,990.8,63.5,48.01094055175781,101.64041900634766,86.2336654663086,56.86333465576172,82.67599487304688,35.749897,28.039251,19.5456,28.080671,6.6585245,4.2328844,2.874947,5.4376445
2025-06-29 12:00:00,AL022025,48.0,2025-07-02 06:00:00,2 days 18:00:00,19.95,-108.18,991.5,59.2,54.67053985595703,107.99836730957033,93.73170471191406,63.588863372802734,88.97191619873047,13.224743,10.753098,6.4184046,9.375388,0.0,0.0,0.0,0.0
2025-06-29 12:00:00,AL022025,48.0,2025-07-02 12:00:00,3 days 00:00:00,20.72,-109.21,999.8,44.1,46.23812103271485,91.81874084472656,83.52775573730469,55.37410354614258,72.40138244628906,10.394743,8.655581,4.5144157,7.4806314,0.0,0.0,0.0,0.0
2025-06-29 12:00:00,AL022025,48.0,2025-07-02 18:00:00,3 days 06:00:00,20.9,-109.53,1002.2,36.8,45.51393127441406,7.620134830474853,5.0370774269104,0.0,3.7080368995666495,0.26920843,0.098433584,0.0,0.17291483,0.0,0.0,0.04268801,0.0
2025-06-29 12:00:00,AL022025,48.0,2025-07-03 00:00:00,3 days 12:00:00,21.47,-110.04,1004.1,34.1,109.67407989501952,4.00389289855957,1.818102240562439,0.0,0.5325706005096436,0.24385919,0.31345955,0.09520403,0.14951533,0.0,0.022566186,0.0,0.0
2025-06-29 12:00:00,AL022025,48.0,2025-07-03 06:00:00,3 days 18:00:00,21.42,-110.5,1006.2,29.2,94.79814910888672,3.2203807830810547,0.4812600910663605,0.0,0.5196128487586975,0.0,0.13399401,0.16628923,0.010621329,0.0,0.0,0.03917001,0.0
2025-06-29 12:00:00,AL022025,48.0,2025-07-03 12:00:00,4 days 00:00:00,21.58,-111.3,1006.2,26.0,53.075443267822266,5.282866477966309,2.45703387260437,0.0,1.6067944765090942,0.0,0.0,0.09957324,0.16201065,0.05763386,0.048611052,0.0074439454,0.0016789986
2025-06-29 12:00:00,AL022025,48.0,2025-07-03 18:00:00,4 days 06:00:00,21.95,-111.51,1007.8,22.9,54.89182662963867,3.316701889038086,4.18907642364502,0.0,0.0,0.98282504,1.1322861,0.6114442,1.0650631,0.20181096,0.22500166,0.03491489,0.14871204
2025-06-29 12:00:00,AL022025,48.0,2025-07-04 00:00:00,4 days 12:00:00,22.54,-112.2,1010.1,23.9,124.76688385009766,2.5708200931549072,3.955679178237915,0.0431499816477298,0.0,0.0,0.032578602,0.0,0.30504206,0.0,0.0038110032,0.0,0.0
2025-06-29 12:00:00,EP062025,48.0,2025-06-29 12:00:00,0 days 00:00:00,13.2,-99.7,1005.0,35.0,167.0,167.0,37.0,0.0,0.0,,,,,,,,
2025-06-29 12:00:00,EP062025,48.0,2025-06-29 18:00:00,0 days 06:00:00,13.43,-100.22,1003.3,32.7,64.57677459716797,9.48493766784668,6.049028396606445,3.8325371742248535,8.674993515014648,0.2330712,0.07530648,0.0,0.02771476,0.010105806,0.043832503,0.06562716,0.0
2025-06-29 12:00:00,EP062025,48.0,2025-06-30 00:00:00,0 days 12:00:00,13.92,-101.04,1001.0,39.4,52.13559722900391,46.52575302124024,38.02874755859375,27.75356101989746,39.04448699951172,0.3346795,0.0,0.0,0.006110998,0.0,0.0,0.011462181,0.017290272
2025-06-29 12:00:00,EP062025,48.0,2025-06-30 06:00:00,0 days 18:00:00,14.05,-101.58,998.4,46.8,67.70899200439453,31.47859764099121,26.19707298278809,13.630658149719238,23.67012023925781,1.8658968,1.741174,0.32678294,0.9399629,0.0,0.0,0.0,0.0
2025-06-29 12:00:00,EP062025,48.0,2025-06-30 12:00:00,1 days 00:00:00,14.68,-101.92,997.7,49.4,59.28775405883789,123.13042449951172,106.7710189819336,77.30643463134766,100.06658935546876,35.07229,30.19279,20.653616,26.894863,0.0,0.0,0.0,0.0
2025-06-29 12:00:00,EP062025,48.0,2025-06-30 18:00:00,1 days 06:00:00,15.55,-102.62,988.0,64.4,23.741943359375,103.64281463623048,90.02013397216797,65.85456085205078,88.12886810302734,48.216537,39.206944,29.16845,39.666065,12.18695,9.021346,6.6137567,10.134443
2025-06-29 12:00:00,EP062025,48.0,2025-07-01 00:00:00,1 days 12:00:00,16.62,-103.53,989.2,63.9,29.65691375732422,132.34776306152344,108.81280517578124,65.79137420654297,109.0788116455078,66.479324,51.75042,35.45632,52.911232,20.829802,15.468226,11.037565,17.125164
2025-06-29 12:00:00,EP062025,48.0,2025-07-01 06:00:00,1 days 18:00:00,17.28,-104.55,984.8,70.1,19.029651641845703,115.52045440673828,96.20873260498048,70.42218017578125,100.469970703125,62.638496,52.64352,40.121838,54.45625,35.893513,30.448143,24.3227,30.712236
2025-06-29 12:00:00,EP062025,48.0,2025-07-01 12:00:00,2 days 00:00:00,18.02,-105.59,991.0,61.8,42.9580078125,95.02332305908205,78.72396087646484,52.3729248046875,77.26795196533203,41.509037,32.690758,22.88359,33.14004,8.970393,5.786641,3.6986945,7.342334
2025-06-29 12:00:00,EP062025,48.0,2025-07-01 18:00:00,2 days 06:00:00,18.47,-106.27,990.4,62.5,46.59512710571289,100.81608581542967,84.23017883300781,59.27530670166016,86.03802490234375,50.969467,41.60908,30.606903,42.436043,14.257709,10.8451,8.072155,12.059596
2025-06-29 12:00:00,EP062025,48.0,2025-07-02 00:00:00,2 days 12:00:00,19.44,-107.34,990.8,63.5,48.01094055175781,101.64041900634766,86.2336654663086,56.86333465576172,82.67599487304688,35.749897,28.039251,19.5456,28.080671,6.6585245,4.2328844,2.874947,5.4376445
2025-06-29 12:00:00,EP062025,48.0,2025-07-02 06:00:00,2 days 18:00:00,19.95,-108.18,991.5,59.2,54.67053985595703,107.99836730957033,93.73170471191406,63.588863372802734,88.97191619873047,13.224743,10.753098,6.4184046,9.375388,0.0,0.0,0.0,0.0
2025-06-29 12:00:00,EP062025,48.0,2025-07-02 12:00:00,3 days 00:00:00,20.72,-109.21,999.8,44.1,46.23812103271485,91.81874084472656,83.52775573730469,55.37410354614258,72.40138244628906,10.394743,8.655581,4.5144157,7.4806314,0.0,0.0,0.0,0.0
2025-06-29 12:00:00,EP062025,48.0,2025-07-02 18:00:00,3 days 06:00:00,20.9,-109.53,1002.2,36.8,45.51393127441406,7.620134830474853,5.0370774269104,0.0,3.7080368995666495,0.26920843,0.098433584,0.0,0.17291483,0.0,0.0,0.04268801,0.0
2025-06-29 12:00:00,EP062025,48.0,2025-07-03 00:00:00,3 days 12:00:00,21.47,-110.04,1004.1,34.1,109.67407989501952,4.00389289855957,1.818102240562439,0.0,0.5325706005096436,0.24385919,0.31345955,0.09520403,0.14951533,0.0,0.022566186,0.0,0.0
2025-06-29 12:00:00,EP062025,48.0,2025-07-03 06:00:00,3 days 18:00:00,21.42,-110.5,1006.2,29.2,94.79814910888672,3.2203807830810547,0.4812600910663605,0.0,0.5196128487586975,0.0,0.13399401,0.16628923,0.010621329,0.0,0.0,0.03917001,0.0
2025-06-29 12:00:00,EP062025,48.0,2025-07-03 12:00:00,4 days 00:00:00,21.58,-111.3,1006.2,26.0,53.075443267822266,5.282866477966309,2.45703387260437,0.0,1.6067944765090942,0.0,0.0,0.09957324,0.16201065,0.05763386,0.048611052,0.0074439454,0.0016789986
2025-06-29 12:00:00,EP062025,48.0,2025-07-03 18:00:00,4 days 06:00:00,21.95,-111.51,1007.8,22.9,54.89182662963867,3.316701889038086,4.18907642364502,0.0,0.0,0.98282504,1.1322861,0.6114442,1.0650631,0.20181096,0.22500166,0.03491489,0.14871204
2025-06-29 12:00:00,EP062025,48.0,2025-07-04 00:00:00,4 days 12:00:00,22.54,-112.2,1010.1,23.9,124.76688385009766,2.5708200931549072,3.955679178237915,0.0431499816477298,0.0,0.0,0.032578602,0.0,0.30504206,0.0,0.0038110032,0.0,0.0
2025-06-29 12:00:00,AL022025,49.0,2025-06-29 12:00:00,0 days 00:00:00,20.1,-96.0,1008.0,35.0,56.0,56.0,0.0,0.0,0.0,,,,,,,,
2025-06-29 12:00:00,AL022025,49.0,2025-06-29 18:00:00,0 days 06:00:00,14.92,-98.79,1005.1,31.6,74.47565460205078,1.9780601263046265,0.2049938440322876,0.0568825304508209,3.134174346923828,0.0,0.0,0.22337815,0.0,0.0,0.0,0.09301304,0.0
2025-06-29 12:00:00,AL022025,49.0,2025-06-30 00:00:00,0 days 12:00:00,13.73,-101.36,1002.1,38.5,57.84295654296875,36.74020767211914,26.99322509765625,18.876577377319336,29.08502197265625,0.13559054,0.040787365,0.0,0.1569451,0.0,0.0,0.0,0.0
2025-06-29 12:00:00,AL022025,49.0,2025-06-30 06:00:00,0 days 18:00:00,14.12,-101.74,998.3,46.7,68.57967376708984,67.57318878173828,56.40422821044922,35.86338424682617,53.87424850463867,3.1343603,2.3854663,0.53761345,1.6844445,0.0,0.0,0.0,0.0
2025-06-29 12:00:00,AL022025,49.0,2025-06-30 12:00:00,1 days 00:00:00,14.63,-102.33,994.6,56.5,32.71493911743164,109.7590560913086,94.67276000976562,69.92838287353516,91.38985443115234,46.260067,38.40026,27.917467,36.354725,2.8881583,1.3414395,0.33546105,2.0429091
2025-06-29 12:00:00,AL022025,49.0,2025-06-30 18:00:00,1 days 06:00:00,15.4,-103.16,987.6,66.4,28.360971450805664,109.88664245605467,89.69702911376953,64.69731903076172,91.4183349609375,51.336384,42.991547,32.90076,42.301018,15.667339,12.708217,10.063652,13.363577
2025-06-29 12:00:00,AL022025,49.0,2025-07-01 00:00:00,1 days 12:00:00,16.17,-103.92,973.2,87.4,12.701725959777832,134.279296875,119.49011993408205,88.84862518310547,113.70864868164062,64.64652,54.99416,43.368137,55.79703,29.879887,25.230118,20.425253,25.921537
2025-06-29 12:00:00,AL022025,49.0,2025-07-01 06:00:00,1 days 18:00:00,16.49,-104.94,981.7,77.1,22.87041473388672,132.9574737548828,110.58059692382812,74.16452026367188,114.49072265625,68.82068,57.799244,42.934464,59.2724,36.59786,30.924986,24.519045,31.387268
2025-06-29 12:00:00,AL022025,49.0,2025-07-01 12:00:00,2 days 00:00:00,16.98,-105.68,983.0,74.7,18.06801986694336,136.9813690185547,116.01590728759766,83.87596130371094,116.40514373779295,73.898766,62.498444,47.639954,62.655746,31.818424,26.792418,21.281233,27.021175
2025-06-29 12:00:00,AL022025,49.0,2025-07-01 18:00:00,2 days 06:00:00,17.27,-106.33,985.3,72.4,39.96068572998047,114.2508773803711,91.24641418457033,62.18343353271485,96.43496704101562,57.11958,46.048733,34.461586,47.893925,21.62736,17.178467,13.322331,18.427603
2025-06-29 12:00:00,AL022025,49.0,2025-07-02 00:00:00,2 days 12:00:00,17.84,-107.1,986.3,69.1,22.18854713439941,103.17436981201172,81.89823913574219,47.17766952514648,80.90055847167969,47.682384,35.54442,24.061794,37.979813,20.147146,15.112822,11.308478,16.88801
2025-06-29 12:00:00,AL022025,49.0,2025-07-02 06:00:00,2 days 18:00:00,18.29,-107.58,984.5,73.1,30.538990020751957,121.77497100830078,101.5337905883789,64.23585510253906,103.00768280029295,56.63337,44.677063,31.133354,47.287403,25.513714,20.09834,15.052278,21.534428
2025-06-29 12:00:00,AL022025,49.0,2025-07-02 12:00:00,3 days 00:00:00,19.03,-108.23,979.7,79.8,31.156702041625977,115.52474212646484,99.68688201904295,73.30494689941406,95.59251403808594,60.131126,51.904667,41.27764,51.76273,29.81805,25.537012,20.91142,25.847294
2025-06-29 12:00:00,AL022025,49.0,2025-07-02 18:00:00,3 days 06:00:00,19.55,-108.85,990.9,62.0,54.21541976928711,87.46393585205078,77.08590698242188,51.87142562866211,71.76453399658203,30.809639,25.177399,17.347221,24.295044,3.3164542,1.499918,0.6597031,2.5507839
2025-06-29 12:00:00,AL022025,49.0,2025-07-03 00:00:00,3 days 12:00:00,20.15,-109.33,991.6,60.4,51.499847412109375,124.89451599121094,109.93619537353516,77.72010803222656,102.9301528930664,52.739952,43.747307,31.808598,42.818005,9.10424,6.477351,4.47729,7.60364
2025-06-29 12:00:00,AL022025,49.0,2025-07-03 06:00:00,3 days 18:00:00,20.66,-109.86,998.1,48.4,53.70356750488281,76.7933120727539,67.166748046875,45.77260208129883,64.28942108154297,11.03153,9.6852865,5.432038,8.007393,0.0,0.0,0.0,0.0
2025-06-29 12:00:00,AL022025,49.0,2025-07-03 12:00:00,4 days 00:00:00,21.22,-110.26,998.6,45.1,37.65674209594727,114.59159088134766,102.93685913085938,81.97286987304688,97.81182861328124,29.587805,26.021355,18.624762,23.392233,0.0,0.0,0.0,0.0
2025-06-29 12:00:00,AL022025,49.0,2025-07-03 18:00:00,4 days 06:00:00,22.01,-110.58,1000.8,42.5,34.82367706298828,96.09365844726562,86.02706146240234,65.97079467773438,85.0819320678711,31.827946,27.412498,19.329632,24.877573,0.0,0.0,0.0,0.0
2025-06-29 12:00:00,AL022025,49.0,2025-07-04 00:00:00,4 days 12:00:00,22.74,-110.86,1003.0,36.6,81.20523834228516,28.0877742767334,23.174226760864254,13.428489685058594,20.02232551574707,0.84358954,0.795687,0.0,0.7584552,0.0,0.0,0.0,0.0
2025-06-29 12:00:00,AL022025,49.0,2025-07-04 06:00:00,4 days 18:00:00,23.66,-111.55,1003.9,33.4,38.85253143310547,27.41545867919922,24.129785537719727,16.282751083374023,21.580158233642575,0.6053407,0.7610469,0.3799045,0.5580007,0.0,0.0,0.0011207906,0.0
2025-06-29 12:00:00,AL022025,49.0,2025-07-04 12:00:00,5 days 00:00:00,24.34,-112.28,1008.1,29.6,114.02188873291016,1.968824028968811,2.689774751663208,1.2965824604034424,2.050811529159546,0.8619402,0.63036937,0.37067246,0.623574,0.0,0.0,0.0,0.0
2025-06-29 12:00:00,AL022025,49.0,2025-07-04 18:00:00,5 days 06:00:00,25.27,-112.76,1007.2,22.3,48.321807861328125,10.460145950317385,7.984910488128662,3.21734356880188,5.925417423248291,2.3738794,1.6736509,1.1422863,1.930289,0.024816617,0.044325307,0.04662914,0.022401035
2025-06-29 12:00:00,AL022025,49.0,2025-07-05 00:00:00,5 days 12:00:00,25.66,-113.53,1008.8,24.1,95.29376983642578,4.439345836639404,7.784633636474609,4.091024875640869,1.873931884765625,2.1818013,1.689875,0.17342465,1.8663814,0.0,0.0,0.0,0.0
2025-06-29 12:00:00,AL022025,49.0,2025-07-05 06:00:00,5 days 18:00:00,25.74,-114.01,1010.8,22.8,120.43743133544922,0.0,0.7496879696846008,0.580085277557373,0.0,0.0,0.0,0.0,0.6471979,0.0,0.09043432,0.1093247,0.01305457
2025-06-29 12:00:00,AL022025,49.0,2025-07-05 12:00:00,6 days 00:00:00,25.66,-114.34,1010.2,17.7,50.638450622558594,0.0,1.6022980213165283,0.0,0.0,0.015321055,0.0,0.024548352,0.50143445,0.0,0.010161982,0.0,0.0
2025-06-29 12:00:00,EP062025,49.0,2025-06-29 12:00:00,0 days 00:00:00,13.2,-99.7,1005.0,35.0,167.0,167.0,37.0,0.0,0.0,,,,,,,,
2025-06-29 12:00:00,EP062025,49.0,2025-06-29 18:00:00,0 days 06:00:00,13.6,-100.32,1005.1,31.6,74.47076416015625,1.9402635097503664,0.2035388797521591,0.0370678342878818,3.0667829513549805,0.0,0.0,0.22740881,0.0,0.0,0.0,0.094182774,0.0
2025-06-29 12:00:00,EP062025,49.0,2025-06-30 00:00:00,0 days 12:00:00,13.73,-101.36,1002.1,38.5,57.84295654296875,36.74020767211914,26.99322509765625,18.876577377319336,29.08502197265625,0.13559054,0.040787365,0.0,0.1569451,0.0,0.0,0.0,0.0
2025-06-29 12:00:00,EP062025,49.0,2025-06-30 06:00:00,0 days 18:00:00,14.12,-101.74,998.3,46.7,68.57967376708984,67.57318878173828,56.40422821044922,35.86338424682617,53.87424850463867,3.1343603,2.3854663,0.53761345,1.6844445,0.0,0.0,0.0,0.0
2025-06-29 12:00:00,EP062025,49.0,2025-06-30 12:00:00,1 days 00:00:00,14.63,-102.33,994.6,56.5,32.71493911743164,109.7590560913086,94.67276000976562,69.92838287353516,91.38985443115234,46.260067,38.40026,27.917467,36.354725,2.8881583,1.3414395,0.33546105,2.0429091
2025-06-29 12:00:00,EP062025,49.0,2025-06-30 18:00:00,1 days 06:00:00,15.4,-103.16,987.6,66.4,28.360971450805664,109.88664245605467,89.69702911376953,64.69731903076172,91.4183349609375,51.336384,42.991547,32.90076,42.301018,15.667339,12.708217,10.063652,13.363577
2025-06-29 12:00:00,EP062025,49.0,2025-07-01 00:00:00,1 days 12:00:00,16.17,-103.92,973.2,87.4,12.701725959777832,134.279296875,119.49011993408205,88.84862518310547,113.70864868164062,64.64652,54.99416,43.368137,55.79703,29.879887,25.230118,20.425253,25.921537
2025-06-29 12:00:00,EP062025,49.0,2025-07-01 06:00:00,1 days 18:00:00,16.49,-104.94,981.7,77.1,22.87041473388672,132.9574737548828,110.58059692382812,74.16452026367188,114.49072265625,68.82068,57.799244,42.934464,59.2724,36.59786,30.924986,24.519045,31.387268
2025-06-29 12:00:00,EP062025,49.0,2025-07-01 12:00:00,2 days 00:00:00,16.98,-105.68,983.0,74.7,18.06801986694336,136.9813690185547,116.01590728759766,83.87596130371094,116.40514373779295,73.898766,62.498444,47.639954,62.655746,31.818424,26.792418,21.281233,27.021175
2025-06-29 12:00:00,EP062025,49.0,2025-07-01 18:00:00,2 days 06:00:00,17.27,-106.33,985.3,72.4,39.96068572998047,114.2508773803711,91.24641418457033,62.18343353271485,96.43496704101562,57.11958,46.048733,34.461586,47.893925,21.62736,17.178467,13.322331,18.427603
2025-06-29 12:00:00,EP062025,49.0,2025-07-02 00:00:00,2 days 12:00:00,17.84,-107.1,986.3,69.1,22.18854713439941,103.17436981201172,81.89823913574219,47.17766952514648,80.90055847167969,47.682384,35.54442,24.061794,37.979813,20.147146,15.112822,11.308478,16.88801
2025-06-29 12:00:00,EP062025,49.0,2025-07-02 06:00:00,2 days 18:00:00,18.29,-107.58,984.5,73.1,30.538990020751957,121.77497100830078,101.5337905883789,64.23585510253906,103.00768280029295,56.63337,44.677063,31.133354,47.287403,25.513714,20.09834,15.052278,21.534428
2025-06-29 12:00:00,EP062025,49.0,2025-07-02 12:00:00,3 days 00:00:00,19.03,-108.23,979.7,79.8,31.156702041625977,115.52474212646484,99.68688201904295,73.30494689941406,95.59251403808594,60.131126,51.904667,41.27764,51.76273,29.81805,25.537012,20.91142,25.847294
2025-06-29 12:00:00,EP062025,49.0,2025-07-02 18:00:00,3 days 06:00:00,19.55,-108.85,990.9,62.0,54.21541976928711,87.46393585205078,77.08590698242188,51.87142562866211,71.76453399658203,30.809639,25.177399,17.347221,24.295044,3.3164542,1.499918,0.6597031,2.5507839
2025-06-29 12:00:00,EP062025,49.0,2025-07-03 00:00:00,3 days 12:00:00,20.15,-109.33,991.6,60.4,51.499847412109375,124.89451599121094,109.93619537353516,77.72010803222656,102.9301528930664,52.739952,43.747307,31.808598,42.818005,9.10424,6.477351,4.47729,7.60364
2025-06-29 12:00:00,EP062025,49.0,2025-07-03 06:00:00,3 days 18:00:00,20.66,-109.86,998.1,48.4,53.70356750488281,76.7933120727539,67.166748046875,45.77260208129883,64.28942108154297,11.03153,9.6852865,5.432038,8.007393,0.0,0.0,0.0,0.0
2025-06-29 12:00:00,EP062025,49.0,2025-07-03 12:00:00,4 days 00:00:00,21.22,-110.26,998.6,45.1,37.65674209594727,114.59159088134766,102.93685913085938,81.97286987304688,97.81182861328124,29.587805,26.021355,18.624762,23.392233,0.0,0.0,0.0,0.0
2025-06-29 12:00:00,EP062025,49.0,2025-07-03 18:00:00,4 days 06:00:00,22.01,-110.58,1000.8,42.5,34.82367706298828,96.09365844726562,86.02706146240234,65.97079467773438,85.0819320678711,31.827946,27.412498,19.329632,24.877573,0.0,0.0,0.0,0.0
2025-06-29 12:00:00,EP062025,49.0,2025-07-04 00:00:00,4 days 12:00:00,22.74,-110.86,1003.0,36.6,81.20523834228516,28.0877742767334,23.174226760864254,13.428489685058594,20.02232551574707,0.84358954,0.795687,0.0,0.7584552,0.0,0.0,0.0,0.0
2025-06-29 12:00:00,EP062025,49.0,2025-07-04 06:00:00,4 days 18:00:00,23.66,-111.55,1003.9,33.4,38.85253143310547,27.41545867919922,24.129785537719727,16.282751083374023,21.580158233642575,0.6053407,0.7610469,0.3799045,0.5580007,0.0,0.0,0.0011207906,0.0
2025-06-29 12:00:00,EP062025,49.0,2025-07-04 12:00:00,5 days 00:00:00,24.34,-112.28,1008.1,29.6,114.02188873291016,1.968824028968811,2.689774751663208,1.2965824604034424,2.050811529159546,0.8619402,0.63036937,0.37067246,0.623574,0.0,0.0,0.0,0.0
2025-06-29 12:00:00,EP062025,49.0,2025-07-04 18:00:00,5 days 06:00:00,25.27,-112.76,1007.2,22.3,48.321807861328125,10.460145950317385,7.984910488128662,3.21734356880188,5.925417423248291,2.3738794,1.6736509,1.1422863,1.930289,0.024816617,0.044325307,0.04662914,0.022401035
2025-06-29 12:00:00,EP062025,49.0,2025-07-05 00:00:00,5 days 12:00:00,25.66,-113.53,1008.8,24.1,95.29376983642578,4.439345836639404,7.784633636474609,4.091024875640869,1.873931884765625,2.1818013,1.689875,0.17342465,1.8663814,0.0,0.0,0.0,0.0
2025-06-29 12:00:00,EP062025,49.0,2025-07-05 06:00:00,5 days 18:00:00,25.74,-114.01,1010.8,22.8,120.43743133544922,0.0,0.7496879696846008,0.580085277557373,0.0,0.0,0.0,0.0,0.6471979,0.0,0.09043432,0.1093247,0.01305457
2025-06-29 12:00:00,EP062025,49.0,2025-07-05 12:00:00,6 days 00:00:00,25.66,-114.34,1010.2,17.7,50.638450622558594,0.0,1.6022980213165283,0.0,0.0,0.015321055,0.0,0.024548352,0.50143445,0.0,0.010161982,0.0,0.0
