# If this file contains data that relates to a time no more than 48 hours ago,
# BY USING IT YOU AGREE TO THE LEGALLY BINDING TERMS OF USE FOUND AT
#   https://storage.googleapis.com/weathernext-public/terms-of-use.pdf
# Any data that relates to a time more than 48 hours ago is licensed under the
# Creative Commons Attribution International License, Version 4.0 (CC BY 4.0).
# BEGIN DATA
init_time,track_id,sample,valid_time,lead_time,lat,lon,minimum_sea_level_pressure_hpa,maximum_sustained_wind_speed_knots,radius_of_maximum_winds_km,radius_34_knot_winds_ne_km,radius_34_knot_winds_se_km,radius_34_knot_winds_sw_km,radius_34_knot_winds_nw_km,radius_50_knot_winds_ne_km,radius_50_knot_winds_se_km,radius_50_knot_winds_sw_km,radius_50_knot_winds_nw_km,radius_64_knot_winds_ne_km,radius_64_knot_winds_se_km,radius_64_knot_winds_sw_km,radius_64_knot_winds_nw_km
2024-06-29,AL022024,0.0,2024-06-29 00:00:00,0 days 00:00:00,9.2,-43.1,1006.0,35.0,74.07997303488982,74.07997303488982,0.0,0.0,74.07997303488982,,,,,,,,
2024-06-29,AL022024,0.0,2024-06-29 06:00:00,0 days 06:00:00,9.54,-44.85,1001.9,51.2,41.04530334472656,85.01233673095703,60.91219711303711,31.1602840423584,65.35674285888672,16.9147891998291,11.88733196258545,6.892504215240479,11.318297386169434,0.1519810408353805,0.0,0.0,0.1320367902517318
2024-06-29,AL022024,0.0,2024-06-29 12:00:00,0 days 12:00:00,9.8,-46.69,995.3,60.5,42.490028381347656,109.35774993896484,81.41062927246094,52.42925262451172,88.79131317138672,35.935813903808594,25.967586517333984,15.933581352233888,26.10146713256836,1.5592596530914309,0.0,0.0,0.6240682601928711
2024-06-29,AL022024,0.0,2024-06-29 18:00:00,0 days 18:00:00,10.1,-48.58,990.9,66.2,29.34199333190918,114.51205444335938,90.03606414794922,64.22660064697266,102.41990661621094,56.73908996582031,44.76962661743164,33.4559211730957,48.68953704833984,24.58383178710937,20.180234909057617,15.402609825134276,20.658153533935547
2024-06-29,AL022024,0.0,2024-06-30 00:00:00,1 days 00:00:00,10.52,-50.61,984.3,75.7,33.02193069458008,93.3199462890625,73.59066009521484,57.1758041381836,80.89728546142578,37.31959533691406,28.26554107666016,20.04408264160156,31.40252113342285,14.746030807495115,11.240174293518066,8.429025650024414,12.582823753356934
2024-06-29,AL022024,0.0,2024-06-30 06:00:00,1 days 06:00:00,10.74,-52.04,988.7,72.2,29.55583953857422,129.9508056640625,103.12798309326172,71.2913589477539,108.16082000732422,60.30038070678711,46.47837829589844,32.32778549194336,51.27223587036133,23.354799270629883,18.227027893066406,13.233545303344728,19.524375915527344
2024-06-29,AL022024,0.0,2024-06-30 12:00:00,1 days 12:00:00,10.69,-53.83,989.2,71.7,32.256046295166016,114.4612274169922,87.25188446044922,62.34322738647461,96.81037902832033,57.1987533569336,45.238616943359375,34.51987075805664,50.58398818969727,29.383832931518555,25.16492080688477,19.34532928466797,25.452089309692383
2024-06-29,AL022024,0.0,2024-06-30 18:00:00,1 days 18:00:00,10.84,-55.74,981.1,81.3,14.024806022644045,121.5662841796875,95.96139526367188,70.01475524902344,103.51974487304688,60.04708099365234,47.44194030761719,33.36457443237305,52.2023811340332,26.301816940307617,20.54850196838379,15.864579200744627,21.936805725097656
2024-06-29,AL022024,0.0,2024-07-01 00:00:00,2 days 00:00:00,10.94,-57.31,985.7,69.1,38.58746719360352,105.18311309814452,88.70536804199219,67.95787811279297,89.31742095947266,46.474159240722656,39.17879486083984,30.28765296936035,39.32486724853516,15.797664642333984,13.381071090698242,10.872625350952148,13.799863815307615
2024-06-29,AL022024,0.0,2024-07-01 06:00:00,2 days 06:00:00,11.24,-58.9,987.7,65.4,24.546239852905277,105.23846435546876,86.0768051147461,59.81427764892578,81.04926300048828,33.215782165527344,25.708518981933597,16.996484756469727,24.8762149810791,1.740755915641785,0.2402376532554626,0.0,1.3470700979232788
2024-06-29,AL022024,0.0,2024-07-01 12:00:00,2 days 12:00:00,11.63,-60.8,990.3,69.1,48.1739501953125,114.81713104248048,81.45262908935547,49.696895599365234,94.4035415649414,52.096492767333984,37.89276885986328,23.977882385253903,42.67269515991211,18.64195442199707,13.106752395629885,8.94974136352539,14.850555419921877
2024-06-29,AL022024,0.0,2024-07-01 18:00:00,2 days 18:00:00,11.93,-62.11,973.1,88.2,31.100128173828125,158.316650390625,131.7506866455078,87.96884155273438,132.62071228027344,75.29751586914062,60.97219467163086,48.2431869506836,64.64680480957031,35.619422912597656,31.067745208740234,25.15958023071289,31.39685440063477
2024-06-29,AL022024,0.0,2024-07-02 00:00:00,3 days 00:00:00,12.35,-64.56,980.5,80.0,36.85678863525391,151.22030639648438,118.93628692626952,75.6374282836914,124.06588745117188,57.5803108215332,42.877254486083984,27.528867721557617,45.89184188842773,18.76325035095215,13.00594711303711,9.539934158325195,14.958806991577148
2024-06-29,AL022024,0.0,2024-07-02 06:00:00,3 days 06:00:00,12.78,-66.07,970.8,89.8,29.15605735778809,145.4362335205078,108.1886978149414,63.43722152709961,113.8683090209961,61.10505294799805,46.56613540649414,30.90947723388672,49.13927459716797,24.8968563079834,18.50250816345215,14.340800285339355,20.49151611328125
2024-06-29,AL022024,0.0,2024-07-02 12:00:00,3 days 12:00:00,13.42,-68.3,975.0,89.8,15.21210479736328,167.5262451171875,122.2607650756836,75.46953582763672,134.23838806152344,78.62417602539062,60.54671096801758,40.86130142211914,65.17877197265625,36.90657043457031,28.50788307189941,21.728960037231445,30.314531326293945
2024-06-29,AL022024,0.0,2024-07-02 18:00:00,3 days 18:00:00,14.03,-70.15,977.3,81.2,50.89716339111328,120.06705474853516,85.34760284423828,52.68502426147461,98.70513916015624,56.296875,42.237754821777344,28.878767013549805,47.05501174926758,28.10555458068848,21.933631896972656,16.61758804321289,23.22905731201172
2024-06-29,AL022024,0.0,2024-07-03 00:00:00,4 days 00:00:00,14.29,-72.54,976.2,87.8,27.895299911499023,157.3246612548828,122.36553192138672,76.25759887695312,131.08932495117188,68.32633209228516,52.0786247253418,35.66373062133789,55.94734191894531,29.9355525970459,22.794612884521484,17.358901977539062,24.568115234375
2024-06-29,AL022024,0.0,2024-07-03 06:00:00,4 days 06:00:00,14.65,-74.52,987.1,68.0,62.74903869628906,173.24844360351562,135.25799560546875,96.05462646484376,148.03028869628906,79.57483673095703,64.32959747314453,45.08369445800781,65.38011169433594,25.021039962768555,18.53070640563965,14.062562942504885,20.05331802368164
2024-06-29,AL022024,0.0,2024-07-03 12:00:00,4 days 12:00:00,14.92,-76.8,985.8,69.5,50.23129653930664,178.54673767089844,138.61239624023438,91.21662902832033,147.40423583984375,81.54273223876953,65.6871337890625,45.87973785400391,67.31733703613281,30.74274635314941,24.075210571289062,18.412952423095703,25.15066719055176
2024-06-29,AL022024,0.0,2024-07-03 18:00:00,4 days 18:00:00,15.31,-78.92,985.9,71.4,29.3563232421875,172.28604125976562,133.76597595214844,90.30402374267578,140.63331604003906,74.84288787841797,58.13835906982422,38.12268829345703,60.56705093383789,22.049219131469727,15.504510879516602,11.024236679077148,17.27379608154297
2024-06-29,AL022024,0.0,2024-07-04 00:00:00,5 days 00:00:00,15.23,-80.72,967.2,98.1,16.88896942138672,206.3819274902344,181.72364807128903,158.71588134765625,184.0828399658203,72.37601470947266,60.36724090576172,50.5461540222168,65.83976745605469,43.73131561279297,38.99607849121094,32.518741607666016,39.05006790161133
2024-06-29,AL022024,0.0,2024-07-04 06:00:00,5 days 06:00:00,15.63,-82.56,969.3,95.7,14.94374179840088,195.67051696777344,151.74591064453125,106.99127197265624,165.1685333251953,86.90443420410156,69.39006805419922,50.87957763671875,74.98360443115234,43.40787124633789,35.80207824707031,28.622642517089844,37.08150100708008
2024-06-29,AL022024,0.0,2024-07-04 12:00:00,5 days 12:00:00,16.05,-84.59,987.3,70.2,35.7508659362793,217.0938262939453,174.76971435546875,130.54844665527344,192.7431488037109,117.30242919921876,99.45675659179688,78.93409729003906,104.00104522705078,56.9154167175293,49.30452728271485,39.56483459472656,48.57053756713867
2024-06-29,AL022024,0.0,2024-07-04 18:00:00,5 days 18:00:00,16.02,-86.17,994.3,57.7,54.15203475952149,134.7669677734375,106.73287963867188,60.877479553222656,104.1662368774414,41.02077102661133,30.123125076293945,18.526535034179688,29.633228302001957,1.999112606048584,0.1175992041826248,0.0,1.0118566751480105
2024-06-29,AL022024,0.0,2024-07-05 00:00:00,6 days 00:00:00,15.87,-87.69,984.7,68.6,24.52361488342285,104.91693115234376,86.4075927734375,65.01177978515625,88.57244873046875,42.63827133178711,33.67998123168945,24.17780494689941,35.67647171020508,13.827266693115234,10.571722984313965,8.414360046386719,11.738804817199709
2024-06-29,AL022024,0.0,2024-07-05 06:00:00,6 days 06:00:00,15.75,-88.67,991.7,57.3,35.256935119628906,92.6667022705078,74.77824401855469,52.24164962768555,77.19060516357422,31.59548759460449,23.95673179626465,16.520950317382812,25.12253189086914,4.63466739654541,2.36323618888855,1.2023974657058716,3.476398229598999
2024-06-29,AL022024,0.0,2024-07-05 12:00:00,6 days 12:00:00,15.55,-89.77,1000.6,38.5,39.20277404785156,30.189332962036133,21.90023422241211,14.00247859954834,20.96663475036621,0.0,0.1526350826025009,0.3694752752780914,0.0,0.0192383136600255,0.5494746565818787,0.8553901314735413,0.2720604538917541
2024-06-29,AL022024,0.0,2024-07-05 18:00:00,6 days 18:00:00,15.85,-90.31,1004.7,30.8,50.19174957275391,18.508487701416016,11.840503692626951,9.250436782836914,12.240805625915527,1.2918282747268677,1.2400768995285034,1.3243736028671265,1.4083274602890017,0.3184045851230621,0.7789995074272156,0.6732597947120667,0.577968180179596
2024-06-29,AL022024,0.0,2024-07-06 00:00:00,7 days 00:00:00,16.4,-91.19,1004.8,28.4,89.33172607421875,13.309051513671877,9.038900375366213,2.3800289630889893,6.5968852043151855,0.0,0.1837115734815597,0.0,0.0,0.0,0.2856507003307342,0.1806062757968902,0.0791604146361351
2024-06-29,AL022024,0.0,2024-07-06 06:00:00,7 days 06:00:00,16.46,-92.8,1008.0,23.2,94.41728973388672,3.814626932144165,0.0,1.0193486213684082,0.0,0.0,0.0,0.3584005832672119,0.0,0.0408645048737525,0.2037290632724762,0.6029491424560547,0.1088705062866211
2024-06-29,AL022024,0.0,2024-07-06 12:00:00,7 days 12:00:00,13.96,-94.71,1006.9,29.4,74.96871948242188,3.4267566204071045,0.7369379997253418,0.0,0.1866908073425293,0.0,0.0,0.2232323139905929,0.0,0.0,0.0336710773408412,0.1353159844875335,0.0
2024-06-29,AL022024,0.0,2024-07-06 18:00:00,7 days 18:00:00,13.83,-95.13,1005.3,30.9,48.99456024169922,6.1395182609558105,4.931151866912842,1.8541516065597532,2.3073432445526123,0.1775426268577575,0.2381563782691955,0.4608932733535766,0.4131549298763275,0.2016321569681167,0.3276647329330444,0.2547203004360199,0.1943558752536773
2024-06-29,AL022024,0.0,2024-07-07 00:00:00,8 days 00:00:00,14.21,-95.33,1003.2,32.7,63.82210159301758,3.057157039642334,3.161227941513061,5.871721267700195,1.0635600090026855,0.0,0.414411723613739,0.5666051506996155,0.0079472884535789,0.0,0.0990350842475891,0.1854252517223358,0.080621100962162
2024-06-29,AL022024,0.0,2024-07-07 06:00:00,8 days 06:00:00,14.55,-95.59,1005.0,26.5,69.2940444946289,0.0,0.2907902598381042,0.0,0.0,0.4812254309654236,0.3360663652420044,0.3518249988555908,0.4002613127231598,0.0439705066382885,0.0,0.0,0.0249545089900493
2024-06-29,AL022024,0.0,2024-07-07 12:00:00,8 days 12:00:00,13.79,-97.39,1002.7,33.8,99.65274047851562,32.78532028198242,26.85359764099121,15.365723609924316,23.632719039916992,0.5195266604423523,0.5336498618125916,0.4370019435882568,0.4285482466220855,0.0,0.1314995735883712,0.0383450500667095,0.0558274872601032
2024-06-29,AL022024,0.0,2024-07-07 18:00:00,8 days 18:00:00,13.8,-97.86,1003.6,35.2,96.92594146728516,12.343544960021973,8.981646537780762,2.136971473693848,7.407261848449707,0.0929911732673645,0.2685917317867279,0.3392807841300964,0.080732524394989,0.1285180300474167,0.2010153979063034,0.1261906176805496,0.1015028953552246
2024-06-29,AL022024,0.0,2024-07-08 00:00:00,9 days 00:00:00,13.73,-98.66,1001.9,35.6,71.45823669433594,26.47404289245605,23.516433715820312,18.97783660888672,22.36998748779297,0.0,0.0,0.2943889200687408,0.0,0.0,0.0,0.0,0.0
2024-06-29,AL022024,0.0,2024-07-08 06:00:00,9 days 06:00:00,14.14,-99.84,1002.0,36.2,74.54134368896484,34.92402267456055,26.714916229248047,17.090696334838867,25.74813270568848,0.0,0.3927820920944214,0.1469931453466415,0.0,0.0,0.0,0.0015174408908933,0.0254235733300447
2024-06-29,AL022024,0.0,2024-07-08 12:00:00,9 days 12:00:00,14.25,-100.98,996.6,51.7,23.129077911376957,69.06919860839844,53.21439743041992,33.71876907348633,51.12269973754883,17.162628173828125,13.371158599853516,8.50827693939209,12.154874801635742,0.0328239053487777,0.0,0.0,0.0
2024-06-29,AL022024,0.0,2024-07-08 18:00:00,9 days 18:00:00,14.51,-102.5,995.1,54.3,51.653900146484375,87.7427749633789,70.77104949951172,45.43658447265625,68.96464538574219,21.90096473693848,16.39377212524414,10.645007133483888,15.546856880187988,0.0555174946784973,0.0,0.0,0.0
2024-06-29,AL022024,0.0,2024-07-09 00:00:00,10 days 00:00:00,14.72,-103.45,994.9,54.5,26.989885330200195,95.76355743408205,82.3858871459961,69.81737518310547,82.44432830810547,32.06612014770508,24.646183013916016,16.732925415039062,26.243566513061523,5.838890552520752,3.79347562789917,1.895810604095459,4.513859272003174
2024-06-29,AL022024,0.0,2024-07-09 06:00:00,10 days 06:00:00,14.76,-104.5,994.1,57.9,28.15662956237793,99.23522186279295,83.0805892944336,51.584510803222656,80.26260375976562,32.09231948852539,24.358583450317383,15.680335998535156,23.73006248474121,1.0015157461166382,0.0,0.0,0.4162362813949585
2024-06-29,AL022024,0.0,2024-07-09 12:00:00,10 days 12:00:00,15.02,-105.45,990.5,64.5,17.311321258544922,90.05925750732422,73.0766372680664,55.62459182739258,75.19425964355469,41.96476745605469,33.39289474487305,22.61739158630371,35.28793716430664,12.61464023590088,9.30368423461914,6.386524677276611,10.196746826171877
2024-06-29,AL022024,0.0,2024-07-09 18:00:00,10 days 18:00:00,15.35,-106.32,982.9,74.7,18.75038719177246,93.62760162353516,74.99898529052734,57.47382354736328,78.81021118164062,45.28760528564453,36.91636657714844,28.73065185546875,40.73125457763672,22.40688705444336,19.27812957763672,15.120609283447266,19.62079429626465
2024-06-29,AL022024,0.0,2024-07-10 00:00:00,11 days 00:00:00,15.73,-107.15,978.9,78.7,33.49584197998047,149.19480895996094,135.7346954345703,124.4525909423828,133.3001251220703,46.0223503112793,37.433536529541016,30.541635513305664,42.269309997558594,27.45901870727539,23.953975677490234,19.21030044555664,24.1569881439209
2024-06-29,AL022024,0.0,2024-07-10 06:00:00,11 days 06:00:00,16.13,-108.01,973.8,87.1,24.46391487121582,87.651123046875,74.35662078857422,58.34477615356445,76.62676239013672,42.99228286743164,35.34275436401367,28.99493789672852,38.612552642822266,23.620655059814453,20.50984764099121,16.92052459716797,21.15938377380371
2024-06-29,AL022024,0.0,2024-07-10 12:00:00,11 days 12:00:00,16.36,-108.58,972.4,91.3,13.327775955200195,79.45707702636719,66.5140609741211,48.72292709350586,70.16812896728516,38.26430130004883,30.706302642822266,25.12263298034668,33.89726257324219,20.522289276123047,17.524234771728516,14.566990852355955,18.35123062133789
2024-06-29,AL022024,0.0,2024-07-10 18:00:00,11 days 18:00:00,17.42,-109.48,973.8,111.8,0.0,83.2636489868164,63.802024841308594,52.75135040283203,74.57672882080078,42.26827621459961,33.38807678222656,28.033035278320312,38.60311508178711,18.936250686645508,16.499160766601562,13.69873332977295,17.506433486938477
2024-06-29,AL022024,0.0,2024-07-11 00:00:00,12 days 00:00:00,16.78,-109.98,976.7,85.1,23.27684783935547,131.8323211669922,122.87371826171876,114.84432220458984,115.05667877197266,32.653160095214844,26.820114135742188,22.49951934814453,29.802600860595703,17.267475128173828,15.374237060546877,12.640979766845703,15.824978828430176
2024-06-29,AL022024,0.0,2024-07-11 06:00:00,12 days 06:00:00,17.05,-110.81,978.2,82.9,19.389724731445312,77.07848358154297,59.49202728271485,51.6115608215332,67.12879943847656,36.459739685058594,28.553438186645508,22.256948471069336,33.246089935302734,15.367961883544922,12.552845001220703,10.229022979736328,13.973478317260742
2024-06-29,AL022024,0.0,2024-07-11 12:00:00,12 days 12:00:00,17.12,-111.98,977.7,82.8,19.441408157348636,73.96976470947266,60.72297286987305,54.57585144042969,64.30293273925781,38.68987655639648,33.30511474609375,28.29248046875,36.0257568359375,21.296995162963867,19.120494842529297,16.089345932006836,19.431612014770508
2024-06-29,AL022024,0.0,2024-07-11 18:00:00,12 days 18:00:00,17.32,-112.96,983.2,71.2,33.172542572021484,82.7899398803711,70.15379333496094,60.52274703979492,75.68915557861328,36.108036041259766,29.02405166625977,23.18082427978516,31.27972221374512,11.667525291442873,9.86026382446289,7.922985553741455,10.447909355163574
2024-06-29,AL022024,0.0,2024-07-12 00:00:00,13 days 00:00:00,17.61,-113.71,988.0,62.1,28.917829513549805,95.07772827148438,82.13142395019531,72.20098114013672,88.93467712402344,37.003116607666016,30.29943084716797,24.73542213439941,32.224727630615234,16.749834060668945,14.590287208557127,11.584633827209473,14.618408203125
2024-06-29,AL022024,1.0,2024-06-29 00:00:00,0 days 00:00:00,9.2,-43.1,1006.0,35.0,74.07997303488982,74.07997303488982,0.0,0.0,74.07997303488982,,,,,,,,
2024-06-29,AL022024,1.0,2024-06-29 06:00:00,0 days 06:00:00,9.41,-44.68,1001.8,46.0,70.96481323242188,79.1258544921875,56.44126892089844,29.13563537597656,61.89142990112305,15.16115951538086,11.065911293029783,6.9253458976745605,10.307395935058594,0.0717394649982452,0.0,0.0,0.0726362690329551
2024-06-29,AL022024,1.0,2024-06-29 12:00:00,0 days 12:00:00,9.54,-46.8,999.7,49.9,36.96701431274414,124.48175811767578,97.54524993896484,70.65032196044922,102.72225189208984,40.56693649291992,32.6967887878418,23.013015747070312,30.33198928833008,0.211709439754486,0.0,0.0,0.0118259256705641
2024-06-29,AL022024,1.0,2024-06-29 18:00:00,0 days 18:00:00,10.22,-48.68,998.8,54.7,37.61543273925781,92.80885314941406,67.84400177001953,46.21294784545898,74.16931915283203,31.37056541442871,22.45607566833496,13.623138427734377,23.60138511657715,2.4702343940734863,0.3717932999134063,0.0,1.4348514080047607
2024-06-29,AL022024,1.0,2024-06-30 00:00:00,1 days 00:00:00,10.4,-50.39,998.6,56.8,31.72966957092285,100.780029296875,77.4228286743164,51.91168594360352,78.56404876708984,33.00442123413086,24.55104255676269,14.953612327575684,24.322057723999023,1.6905913352966309,0.0797718986868858,0.0,1.0350433588027954
2024-06-29,AL022024,1.0,2024-06-30 06:00:00,1 days 06:00:00,10.71,-51.87,991.2,69.2,37.95465469360352,94.96266174316406,73.05734252929688,46.08337020874024,77.48668670654297,40.95425796508789,30.194982528686523,18.76014518737793,32.949642181396484,12.105448722839355,8.134920120239258,5.16741943359375,9.601971626281738
2024-06-29,AL022024,1.0,2024-06-30 12:00:00,1 days 12:00:00,11.04,-53.88,988.3,71.9,32.055267333984375,94.1933135986328,70.78489685058594,46.75221252441406,75.6613540649414,37.58288192749024,27.45871925354004,17.516050338745117,29.42060661315918,9.14817714691162,5.9691548347473145,3.4605042934417725,7.311721801757812
2024-06-29,AL022024,1.0,2024-06-30 18:00:00,1 days 18:00:00,11.24,-55.24,992.3,67.1,24.532447814941406,111.00454711914062,83.26615905761719,57.49772644042969,91.65947723388672,48.15451049804688,36.27550506591797,23.77329444885254,39.87169647216797,14.656516075134276,10.660736083984377,7.330119609832764,11.863070487976074
2024-06-29,AL022024,1.0,2024-07-01 00:00:00,2 days 00:00:00,11.24,-57.27,985.3,77.0,17.837642669677734,115.48556518554688,88.30076599121094,73.01190948486328,101.32440948486328,45.56049346923828,34.42695999145508,23.700439453125,39.039005279541016,20.72086906433105,15.84078311920166,12.1697998046875,17.117507934570312
2024-06-29,AL022024,1.0,2024-07-01 06:00:00,2 days 06:00:00,11.45,-58.74,987.0,74.7,15.998420715332031,108.99185180664062,77.77434539794922,55.825462341308594,89.46446990966797,51.39533233642578,39.59944915771485,27.63347053527832,43.86619567871094,21.97230529785156,17.127504348754883,13.03761863708496,18.423673629760746
2024-06-29,AL022024,1.0,2024-07-01 12:00:00,2 days 12:00:00,11.72,-60.72,990.4,68.9,22.16680908203125,102.70284271240234,73.81716918945312,41.48348617553711,84.12499237060547,46.72847366333008,33.64466857910156,21.4448299407959,36.98908996582031,17.318981170654297,12.479972839355469,8.513171195983887,13.671805381774902
2024-06-29,AL022024,1.0,2024-07-01 18:00:00,2 days 18:00:00,12.61,-62.61,996.7,56.4,22.045122146606445,92.0226058959961,64.23592376708984,43.695068359375,76.41463470458984,41.05533218383789,30.624366760253903,19.33546638488769,33.5096435546875,13.238752365112305,9.01374340057373,6.115541934967041,10.078495025634766
2024-06-29,AL022024,1.0,2024-07-02 00:00:00,3 days 00:00:00,13.13,-64.73,1000.0,50.9,108.40266418457033,186.0787811279297,164.3712921142578,132.67160034179688,154.43055725097656,1.4047420024871826,0.0,0.0,0.0730760022997856,0.1846059411764145,0.0321480669081211,0.0,0.0741441026329994
2024-06-29,AL022024,1.0,2024-07-02 06:00:00,3 days 06:00:00,13.73,-66.82,1002.3,45.3,80.71964263916016,99.34072875976562,78.25383758544922,48.16411590576172,75.80322265625,1.8090918064117432,0.0,0.0,0.0604638010263443,0.1260294467210769,0.0,0.0,0.0976732298731803
2024-06-29,AL022024,1.0,2024-07-02 12:00:00,3 days 12:00:00,14.33,-69.35,1002.8,41.2,48.26317596435547,28.662010192871094,14.125740051269531,7.735550403594971,17.532791137695312,0.0,0.0,0.0,0.0,0.0,0.0,0.0,0.0
2024-06-29,AL022024,2.0,2024-06-29 00:00:00,0 days 00:00:00,9.2,-43.1,1006.0,35.0,74.07997303488982,74.07997303488982,0.0,0.0,74.07997303488982,,,,,,,,
2024-06-29,AL022024,2.0,2024-06-29 06:00:00,0 days 06:00:00,9.21,-44.95,1004.6,43.7,35.66094970703125,30.599720001220703,15.951126098632812,5.441020965576172,21.32469367980957,1.6279282569885254,0.408066064119339,0.0,0.5746129155158997,0.1618565320968628,0.0,0.0024680986534804,0.063500203192234
2024-06-29,AL022024,2.0,2024-06-29 12:00:00,0 days 12:00:00,9.9,-46.72,997.9,54.9,44.66424179077149,108.51182556152344,83.06626892089844,60.49098587036133,94.88655853271484,45.00767135620117,34.31756591796875,23.08582878112793,36.31867599487305,8.792591094970703,5.710119724273682,3.4989705085754395,6.892818450927734
2024-06-29,AL022024,2.0,2024-06-29 18:00:00,0 days 18:00:00,10.23,-48.69,998.9,53.1,55.164249420166016,53.1975212097168,32.83925247192383,11.255766868591309,38.11654281616211,2.804155111312866,0.7111241817474365,0.0,0.8267480731010437,0.4280562698841095,0.0,0.0,0.2342718690633773
2024-06-29,AL022024,2.0,2024-06-30 00:00:00,1 days 00:00:00,10.52,-50.31,998.0,57.1,28.110523223876957,88.68684387207031,65.02031707763672,45.920780181884766,69.83998107910156,27.23999786376953,19.16300773620605,10.942215919494627,20.390810012817383,2.212339162826538,0.3441056907176971,0.0,1.4146097898483276
2024-06-29,AL022024,2.0,2024-06-30 06:00:00,1 days 06:00:00,10.71,-52.44,984.9,76.8,37.4329833984375,121.8951416015625,97.7103271484375,66.52910614013672,103.5531768798828,60.28192901611328,48.08015823364258,35.9378662109375,51.92878723144531,30.80492210388184,25.99574089050293,20.08980369567871,26.336078643798828
2024-06-29,AL022024,2.0,2024-06-30 12:00:00,1 days 12:00:00,10.85,-53.88,979.4,81.8,42.40636444091797,128.707763671875,107.11178588867188,83.55408477783203,110.3143310546875,61.4614143371582,50.65069961547852,39.77964782714844,53.69547271728516,27.1268310546875,23.43437957763672,18.945770263671875,24.10956573486328
2024-06-29,AL022024,2.0,2024-06-30 18:00:00,1 days 18:00:00,11.36,-55.82,981.4,79.4,19.176136016845703,116.88184356689452,92.14422607421876,63.43268585205078,104.42191314697266,57.67330932617188,44.99174118041992,35.51788330078125,49.99071502685547,29.32196807861328,25.225027084350582,20.04061889648437,25.58182907104492
2024-06-29,AL022024,2.0,2024-07-01 00:00:00,2 days 00:00:00,11.69,-57.45,976.0,87.7,39.7314682006836,105.95500183105467,79.11980438232422,55.00802230834961,90.41310119628906,49.09774017333984,38.542266845703125,29.126150131225582,42.57060623168945,25.824750900268555,21.458478927612305,17.234542846679688,22.529773712158203
2024-06-29,AL022024,2.0,2024-07-01 06:00:00,2 days 06:00:00,11.83,-59.31,966.1,99.8,27.41090583801269,125.73382568359376,98.9733657836914,69.28791809082031,105.8419952392578,64.25753021240234,51.38002395629883,39.03531646728516,56.97690582275391,35.07077407836914,28.894529342651367,23.59708976745605,30.803903579711918
2024-06-29,AL022024,2.0,2024-07-01 12:00:00,2 days 12:00:00,12.2,-60.94,959.7,108.0,31.960712432861328,141.0813446044922,108.3592300415039,62.25027084350586,112.74190521240234,64.90757751464844,48.857177734375,34.23632049560547,53.03756713867188,33.09553909301758,25.75242042541504,20.309547424316406,28.0916690826416
2024-06-29,AL022024,2.0,2024-07-01 18:00:00,2 days 18:00:00,12.98,-62.5,971.2,92.8,30.04940223693848,128.71961975097656,99.93143463134766,58.62533950805664,104.0915298461914,59.58610916137695,45.53728485107422,31.12845993041992,48.72476959228516,28.1862907409668,21.71297645568848,16.69348907470703,23.305082321166992
2024-06-29,AL022024,2.0,2024-07-02 00:00:00,3 days 00:00:00,13.36,-63.61,959.8,105.0,31.36862564086914,146.17079162597656,128.6637725830078,109.35872650146484,122.9168930053711,52.27132415771485,44.36727523803711,37.79810333251953,47.06764602661133,33.752201080322266,29.85325050354004,25.704391479492188,30.58907699584961
2024-06-29,AL022024,2.0,2024-07-02 06:00:00,3 days 06:00:00,13.63,-65.27,976.5,84.6,47.76329803466797,155.21180725097656,132.89895629882812,101.76618957519533,124.00169372558594,61.97957229614258,51.2031478881836,37.575077056884766,51.36981964111328,21.101320266723636,16.897430419921875,13.268843650817873,17.910076141357422
2024-06-29,AL022024,2.0,2024-07-02 12:00:00,3 days 12:00:00,14.6,-67.26,987.3,76.6,29.56636619567871,154.48281860351562,112.35923767089844,68.82152557373047,120.9033432006836,71.18860626220703,55.8908805847168,38.68181610107422,58.58723449707031,29.86248016357422,23.568702697753903,17.457319259643555,24.31305503845215
2024-06-29,AL022024,2.0,2024-07-02 18:00:00,3 days 18:00:00,15.36,-69.13,971.1,87.6,56.36298751831055,153.69204711914062,129.0325469970703,95.83194732666016,127.40477752685548,75.91632843017578,64.6796646118164,51.30348205566406,65.77608489990234,38.34193801879883,33.365840911865234,27.22275733947754,33.250343322753906
2024-06-29,AL022024,2.0,2024-07-03 00:00:00,4 days 00:00:00,16.06,-71.39,974.0,92.4,16.055906295776367,140.33621215820312,103.13480377197266,60.75085067749024,103.11656951904295,45.05290603637695,32.839534759521484,19.14375877380371,33.8884162902832,12.24428939819336,7.744230270385742,5.26603889465332,9.68007755279541
2024-06-29,AL022024,2.0,2024-07-03 06:00:00,4 days 06:00:00,16.45,-73.5,991.3,63.3,26.6082763671875,113.49266815185548,82.8042221069336,49.01689529418945,90.92887878417967,49.28330993652344,37.43871307373047,25.915515899658203,39.292518615722656,17.613422393798828,13.264878273010254,9.658895492553713,14.10759449005127
2024-06-29,AL022024,2.0,2024-07-03 12:00:00,4 days 12:00:00,16.41,-75.1,986.5,69.9,16.192569732666016,143.16653442382812,103.34292602539062,64.81267547607422,113.73433685302734,59.69731521606445,43.80050277709961,26.6956787109375,46.664180755615234,16.10577392578125,10.208465576171877,6.1628899574279785,11.945911407470703
2024-06-29,AL022024,2.0,2024-07-03 18:00:00,4 days 18:00:00,16.59,-76.9,990.0,66.1,38.73204040527344,134.610107421875,97.46602630615234,58.378753662109375,104.59478759765624,54.966453552246094,40.19112014770508,26.17137908935547,44.00860977172852,16.83946990966797,11.787081718444824,7.858342170715332,13.298893928527832
2024-06-29,AL022024,2.0,2024-07-04 00:00:00,5 days 00:00:00,16.6,-78.77,996.7,56.1,36.80551528930664,133.9072723388672,101.51828002929688,66.42291259765625,108.33422088623048,56.74864196777344,44.42250061035156,30.20499420166016,45.96622085571289,15.978777885437012,11.74866771697998,8.124800682067871,12.673469543457031
2024-06-29,AL022024,2.0,2024-07-04 06:00:00,5 days 06:00:00,16.75,-80.27,990.7,64.7,25.759790420532227,117.03262329101562,91.20076751708984,56.46444320678711,93.58440399169922,43.00543594360352,32.02772521972656,21.18736267089844,33.18032455444336,7.724949359893799,4.559299945831299,2.3097503185272217,5.805784225463867
2024-06-29,AL022024,2.0,2024-07-04 12:00:00,5 days 12:00:00,16.81,-82.05,987.7,70.1,37.66501235961914,129.55145263671875,95.75656127929688,55.75727844238281,103.841796875,53.421966552734375,39.1452751159668,23.88995933532715,41.486915588378906,15.79511547088623,10.303497314453123,6.59567928314209,11.81148624420166
2024-06-29,AL022024,2.0,2024-07-04 18:00:00,5 days 18:00:00,16.85,-83.95,991.5,63.4,16.898921966552734,116.0095672607422,81.30360412597656,46.590030670166016,86.69744110107422,32.17540740966797,22.34076499938965,13.716156959533691,23.489892959594727,1.1456565856933594,0.0,0.0,0.8289082050323486
2024-06-29,AL022024,2.0,2024-07-05 00:00:00,6 days 00:00:00,16.54,-85.53,993.5,55.0,29.858272552490234,89.12110900878906,68.48270416259766,47.95162963867188,73.4333724975586,33.36607360839844,24.551010131835938,15.374863624572754,26.70501708984375,9.911252975463867,6.918282985687256,4.632843494415283,7.81709098815918
2024-06-29,AL022024,2.0,2024-07-05 06:00:00,6 days 06:00:00,16.18,-87.39,990.7,58.9,30.29604148864746,66.66133117675781,50.19287490844727,32.759315490722656,49.55317687988281,16.546478271484375,12.015222549438477,7.742190361022949,12.304025650024414,0.7164555788040161,0.0,0.0,0.4930832684040069
2024-06-29,AL022024,2.0,2024-07-05 12:00:00,6 days 12:00:00,16.03,-87.95,999.0,46.3,62.29425811767578,71.77861785888672,51.13761520385742,21.339635848999023,55.82632064819336,10.121768951416016,5.8490376472473145,3.1787679195404053,6.562520980834961,0.2561838030815124,0.0,0.0,0.1629401743412017
2024-06-29,AL022024,2.0,2024-07-05 18:00:00,6 days 18:00:00,15.67,-89.61,1001.6,38.9,45.02123641967773,37.0457649230957,26.52996635437012,13.371886253356934,25.193971633911133,3.7335259914398193,2.217403650283813,1.6790207624435425,2.938952922821045,0.3700452446937561,0.456600159406662,0.3620631694793701,0.5767569541931152
2024-06-29,AL022024,2.0,2024-07-06 00:00:00,7 days 00:00:00,15.78,-90.38,1002.4,34.4,80.847900390625,14.823979377746582,9.302861213684082,3.3126349449157715,9.26975917816162,0.0,0.0,0.0,0.0,0.0,0.3501664698123932,0.6737009882926941,0.1650317311286926
2024-06-29,AL022024,2.0,2024-07-06 06:00:00,7 days 06:00:00,16.09,-91.18,1004.9,30.6,59.87679672241211,17.436542510986328,9.978755950927734,3.440044641494751,7.022219181060791,0.0,0.2893376350402832,0.0076472358778119,0.0,0.0,0.3794416487216949,0.5493360161781311,0.0219317004084587
2024-06-29,AL022024,2.0,2024-07-06 12:00:00,7 days 12:00:00,16.39,-92.22,1005.0,26.5,125.3183364868164,2.59480619430542,0.3845047354698181,0.0,2.135050773620605,0.0,0.3820435404777527,0.273088663816452,0.3009665310382843,0.7462819814682007,1.4016427993774414,1.5014296770095823,0.6811649799346924
2024-06-29,AL022024,2.0,2024-07-06 18:00:00,7 days 18:00:00,17.17,-93.26,1007.1,25.8,123.65213012695312,6.36906623840332,3.5189692974090576,2.1884114742279053,6.976780891418457,1.5105620622634888,0.6710723042488098,0.8701434135437012,2.1099350452423096,0.8705283999443054,1.1036980152130127,0.6391792297363281,0.9329142570495604
2024-06-29,AL022024,2.0,2024-07-07 00:00:00,8 days 00:00:00,17.47,-94.28,1006.0,30.4,83.83564758300781,9.885890007019045,7.570979595184326,7.201512336730957,7.818436622619629,0.2894835472106933,0.153200551867485,0.0,0.3232186436653137,0.118534967303276,0.1088716089725494,0.1404208242893219,0.1124567985534668
2024-06-29,AL022024,2.0,2024-07-07 06:00:00,8 days 06:00:00,15.13,-95.07,1006.5,27.7,60.61392211914063,6.6846418380737305,4.344069004058838,2.605569839477539,3.359536409378052,0.0,0.0569207482039928,0.4613347947597503,0.0,0.0,0.2085145562887191,0.3240506649017334,0.0549696013331413
2024-06-29,AL022024,2.0,2024-07-07 12:00:00,8 days 12:00:00,15.06,-95.62,1007.3,25.9,68.306396484375,5.7180376052856445,3.3803904056549072,0.302096426486969,2.863956928253174,0.0,0.0,0.2913141846656799,0.0,0.0,0.119871012866497,0.2752092480659485,0.0
2024-06-29,AL022024,2.0,2024-07-07 18:00:00,8 days 18:00:00,15.32,-96.67,1003.9,30.9,76.51741027832031,13.178787231445312,11.143754959106444,6.034559726715088,9.516440391540527,0.9146807193756104,0.2516325116157532,1.1985490322113037,1.1867800951004028,0.0767364576458931,0.4211331009864807,0.2482194006443023,0.3544219732284546
2024-06-29,AL022024,2.0,2024-07-08 00:00:00,9 days 00:00:00,15.58,-97.2,1005.4,35.6,29.69816398620605,52.760963439941406,50.7217025756836,50.31771087646485,48.5886116027832,0.2366851717233657,0.2765246331691742,0.5137668251991272,0.8721932172775269,0.1145560294389724,0.5281880497932434,0.7655421495437622,0.2934784889221191
2024-06-29,AL022024,2.0,2024-07-08 06:00:00,9 days 06:00:00,16.53,-98.3,1002.4,34.0,79.87583923339844,9.083313941955566,9.46651554107666,5.244994640350342,3.622013092041016,0.0,0.0819330662488937,0.9716148376464844,0.0,0.1091345325112342,0.583663284778595,0.8370317220687866,0.3489208817481994
2024-06-29,AL022024,2.0,2024-07-08 12:00:00,9 days 12:00:00,16.39,-99.58,1004.5,31.3,35.89512634277344,4.154716968536377,2.182432174682617,1.3950103521347046,2.3601574897766118,0.0,0.0,0.1788370758295059,0.0,0.1039831414818763,0.4050481915473938,0.7612154483795166,0.1485084146261215
2024-06-29,AL022024,3.0,2024-06-29 00:00:00,0 days 00:00:00,9.2,-43.1,1006.0,35.0,74.07997303488982,74.07997303488982,0.0,0.0,74.07997303488982,,,,,,,,
2024-06-29,AL022024,3.0,2024-06-29 06:00:00,0 days 06:00:00,9.42,-45.11,999.2,50.5,40.950008392333984,80.08334350585938,62.88103485107422,33.6739616394043,65.13092803955078,20.16551780700684,14.878887176513672,9.379467010498049,13.931777000427246,0.0,0.0,0.0,0.0
2024-06-29,AL022024,3.0,2024-06-29 12:00:00,0 days 12:00:00,10.06,-46.95,999.5,54.4,42.03572845458984,79.88005828857422,52.752437591552734,21.650318145751957,61.953006744384766,12.003910064697266,7.220812797546387,3.64424729347229,7.694063663482666,0.1717129647731781,0.0,0.0,0.1706253290176391
2024-06-29,AL022024,3.0,2024-06-29 18:00:00,0 days 18:00:00,10.13,-48.96,993.4,62.8,28.025081634521484,98.97209930419922,75.90601348876953,50.8934326171875,78.7950210571289,34.00554275512695,25.013233184814453,15.564499855041504,25.86562728881836,4.118683338165283,1.778614163398743,0.4020439088344574,2.89036226272583
2024-06-29,AL022024,3.0,2024-06-30 00:00:00,1 days 00:00:00,10.54,-50.69,994.3,64.0,22.32988929748535,106.7757339477539,81.01314544677734,63.60572814941406,89.55298614501953,44.34879684448242,33.4451904296875,21.9456844329834,36.76160430908203,13.43647575378418,9.29358959197998,6.340212345123291,10.744901657104492
2024-06-29,AL022024,3.0,2024-06-30 06:00:00,1 days 06:00:00,10.09,-52.31,978.5,87.8,12.667939186096191,102.13694763183594,79.88685607910156,60.52823638916016,84.60407257080078,47.23637771606445,36.61704254150391,25.496957778930664,40.81260299682617,20.94720268249512,15.974570274353027,12.321524620056152,17.80616569519043
2024-06-29,AL022024,3.0,2024-06-30 12:00:00,1 days 12:00:00,10.88,-53.75,978.0,83.5,22.153398513793945,102.87907409667967,83.38613891601562,66.34092712402344,87.84642791748047,52.046043395996094,43.7060661315918,34.6480827331543,46.2580680847168,27.18316650390625,23.538930892944336,19.41841506958008,24.039770126342773
2024-06-29,AL022024,3.0,2024-06-30 18:00:00,1 days 18:00:00,11.54,-55.64,975.0,91.9,21.117094039916992,137.77244567871094,106.72791290283205,68.23878479003906,112.74066162109376,63.79918670654297,49.13370895385742,34.8435173034668,54.7007064819336,30.01827049255371,23.69255828857422,18.62118530273437,25.535144805908203
2024-06-29,AL022024,3.0,2024-07-01 00:00:00,2 days 00:00:00,11.71,-57.39,961.4,104.7,34.0858039855957,109.45915222167967,89.11166381835938,70.72705078125,95.06168365478516,43.00350570678711,34.14948654174805,26.606447219848636,37.56417846679688,23.146995544433597,18.493364334106445,15.674306869506836,20.65800094604492
2024-06-29,AL022024,3.0,2024-07-01 06:00:00,2 days 06:00:00,11.92,-58.68,972.5,91.7,41.35293960571289,102.31810760498048,75.00099182128906,48.64152526855469,82.8924560546875,51.52196502685547,39.74009323120117,28.658300399780277,43.55280303955078,26.58386993408203,20.843381881713867,16.247753143310547,22.4688777923584
2024-06-29,AL022024,3.0,2024-07-01 12:00:00,2 days 12:00:00,11.73,-60.62,986.5,73.2,38.71258544921875,114.23800659179688,82.7882308959961,48.3795051574707,91.6300811767578,53.04820251464844,39.99806213378906,27.37223243713379,43.11593246459961,22.89100456237793,17.644126892089844,13.048781394958496,18.742847442626957
2024-06-29,AL022024,3.0,2024-07-01 18:00:00,2 days 18:00:00,12.48,-61.94,968.9,94.1,13.857929229736328,139.7057647705078,102.91124725341795,75.4852523803711,121.38439178466795,66.800537109375,52.56339263916016,36.37158966064453,57.119022369384766,29.58144187927246,22.037580490112305,17.599184036254883,24.35437774658203
2024-06-29,AL022024,3.0,2024-07-02 00:00:00,3 days 00:00:00,12.92,-63.38,980.6,79.3,45.03976058959961,114.97057342529295,87.04268646240234,55.60345077514648,93.60338592529295,51.379032135009766,38.36448287963867,25.217872619628903,41.31739044189453,22.30008316040039,16.63566780090332,12.084763526916504,18.16721534729004
2024-06-29,AL022024,3.0,2024-07-02 06:00:00,3 days 06:00:00,13.36,-65.31,963.9,102.6,10.920361518859863,140.5216064453125,105.74042510986328,59.71974182128906,106.99808502197266,57.05720520019531,43.74593734741211,28.88947486877441,46.29646682739258,24.489208221435547,17.896827697753906,14.393797874450684,20.6595516204834
2024-06-29,AL022024,3.0,2024-07-02 12:00:00,3 days 12:00:00,13.99,-66.96,964.3,103.5,17.896142959594727,155.2135009765625,113.26492309570312,71.12763214111328,125.71499633789062,78.32730102539062,60.8645133972168,42.834354400634766,67.01512145996094,43.296852111816406,34.30681610107422,27.370609283447266,36.63381576538086
2024-06-29,AL022024,3.0,2024-07-02 18:00:00,3 days 18:00:00,14.51,-68.64,959.8,101.9,27.123077392578125,176.4379119873047,152.86228942871094,115.6102294921875,148.11279296875,84.0877685546875,71.81780242919922,58.60300064086914,71.6951904296875,43.15562438964844,38.213470458984375,31.935392379760746,37.93962097167969
2024-06-29,AL022024,3.0,2024-07-03 00:00:00,4 days 00:00:00,14.94,-70.87,982.9,71.4,57.02006912231445,151.15170288085938,130.54661560058594,104.15239715576172,128.7972412109375,58.215118408203125,47.11216735839844,33.71412658691406,47.97750473022461,18.85177230834961,14.667652130126951,11.396292686462402,15.77964973449707
2024-06-29,AL022024,3.0,2024-07-03 06:00:00,4 days 06:00:00,15.19,-73.24,996.3,59.1,62.85568618774414,138.39454650878906,107.10407257080078,68.36437225341797,115.58341979980467,61.36952972412109,48.19486999511719,35.20679473876953,51.46586608886719,24.10671615600586,19.844858169555664,15.291972160339355,20.37493705749512
2024-06-29,AL022024,3.0,2024-07-03 12:00:00,4 days 12:00:00,15.94,-76.06,1002.8,44.8,96.4314956665039,119.61417388916016,84.05451202392578,39.32002639770508,86.28778839111328,21.94387435913086,16.58568572998047,11.202669143676758,14.865630149841309,0.0,0.118886113166809,0.0,0.0
2024-06-29,AL022024,3.0,2024-07-03 18:00:00,4 days 18:00:00,16.21,-78.08,995.1,56.4,71.5958251953125,184.1280975341797,144.3577117919922,90.2854461669922,145.5345458984375,67.69833374023438,53.02058410644531,34.50027084350586,51.14772033691406,8.090659141540527,3.8135793209075928,1.5924397706985474,5.427414894104004
2024-06-29,AL022024,3.0,2024-07-04 00:00:00,5 days 00:00:00,16.1,-79.87,982.0,77.1,51.87572860717773,143.355712890625,107.19523620605467,65.76138305664062,116.16323852539062,60.48007583618164,45.17125701904297,30.769615173339844,49.323360443115234,26.55328750610352,20.51658821105957,15.24730110168457,21.755937576293945
2024-06-29,AL022024,3.0,2024-07-04 06:00:00,5 days 06:00:00,16.06,-81.28,978.7,81.7,44.47125625610352,151.45230102539062,111.1452178955078,75.19425964355469,128.10678100585938,74.78659057617188,58.7934455871582,44.19084167480469,63.998756408691406,37.18194961547852,30.639089584350582,24.41953468322754,31.549365997314453
2024-06-29,AL022024,3.0,2024-07-04 12:00:00,5 days 12:00:00,16.13,-83.14,978.1,84.0,20.86174964904785,164.73519897460938,126.38108825683594,82.81919860839844,135.63482666015625,81.16390991210938,64.01622772216797,45.64725875854492,69.05187225341797,38.24779510498047,30.64836311340332,23.47020721435547,31.68275260925293
2024-06-29,AL022024,3.0,2024-07-04 18:00:00,5 days 18:00:00,16.28,-84.8,982.1,72.7,41.20138549804688,120.123779296875,93.744384765625,62.69707107543945,99.20806884765624,52.84011459350586,40.44046401977539,27.939945220947266,43.22855758666992,18.577299118041992,13.698723793029783,10.293766021728516,15.061305046081545
2024-06-29,AL022024,3.0,2024-07-05 00:00:00,6 days 00:00:00,16.53,-86.46,971.6,91.7,13.859458923339844,117.53026580810548,88.32869720458984,58.69160842895508,94.85066223144533,48.908470153808594,37.29853439331055,26.548992156982425,41.41242599487305,23.06808853149414,18.26166534423828,14.509325981140137,19.86827278137207
2024-06-29,AL022024,3.0,2024-07-05 06:00:00,6 days 06:00:00,16.6,-87.75,974.9,84.5,31.748395919799805,172.94215393066406,133.2464141845703,98.68270874023438,149.90191650390625,86.66604614257812,69.80705261230469,53.61975860595703,77.1942138671875,43.45519256591797,36.29443740844727,29.00384330749512,37.616695404052734
2024-06-29,AL022024,3.0,2024-07-05 12:00:00,6 days 12:00:00,16.73,-89.17,982.1,75.3,4.495299816131592,101.97209930419922,80.52294921875,57.651798248291016,85.9554214477539,41.8737907409668,33.34791946411133,23.37963485717773,35.51163482666016,15.666260719299316,11.556528091430664,9.352177619934082,12.76153564453125
2024-06-29,AL022024,3.0,2024-07-05 18:00:00,6 days 18:00:00,16.7,-90.32,994.9,51.1,28.40089225769043,78.28375244140625,62.52873611450195,45.43846130371094,62.11937713623047,24.946277618408203,19.006216049194336,13.3460111618042,20.20476531982422,2.216207504272461,1.059583306312561,0.2056648433208465,1.7822426557540894
2024-06-29,AL022024,3.0,2024-07-06 00:00:00,7 days 00:00:00,17.4,-91.26,998.9,44.7,48.5826416015625,54.306602478027344,42.72929000854492,22.659841537475582,44.29564666748047,8.510904312133789,5.271326065063477,5.332351207733154,6.413313865661621,0.1629059761762619,0.5141733884811401,0.1692513525485992,0.6964985132217407
2024-06-29,AL022024,3.0,2024-07-06 06:00:00,7 days 06:00:00,17.74,-93.04,1004.8,32.2,38.13574981689453,21.88983154296875,14.137200355529783,5.682299137115479,13.96823787689209,0.819592297077179,0.3743087351322174,0.4622609913349151,0.5288853645324707,0.0931730791926384,0.3414349853992462,0.3889377117156982,0.2349641919136047
2024-06-29,AL022024,3.0,2024-07-06 12:00:00,7 days 12:00:00,17.69,-94.1,1005.4,30.5,55.16684341430664,5.925159454345703,0.077756255865097,0.0,5.228876113891602,0.4629184007644653,0.0,0.0,0.6729164719581604,0.2850267887115478,0.2113076448440551,0.1656302511692047,0.2541455626487732
2024-06-29,AL022024,3.0,2024-07-06 18:00:00,7 days 18:00:00,17.89,-95.75,1002.7,37.2,60.8179931640625,16.564075469970703,7.227966785430908,3.6953511238098153,10.050540924072266,0.6554997563362122,0.0,0.3465797901153564,1.5624232292175293,1.8213084936141968,1.782233476638794,1.6949065923690796,1.8009462356567385
2024-06-29,AL022024,4.0,2024-06-29 00:00:00,0 days 00:00:00,9.2,-43.1,1006.0,35.0,74.07997303488982,74.07997303488982,0.0,0.0,74.07997303488982,,,,,,,,
2024-06-29,AL022024,4.0,2024-06-29 06:00:00,0 days 06:00:00,9.37,-45.06,1004.4,42.7,47.97936248779297,39.587833404541016,23.930395126342773,7.156941890716553,27.529579162597656,0.8896976113319397,0.0,0.0,0.0,0.1553440988063812,0.0054800361394882,0.0351125560700893,0.0757391229271888
2024-06-29,AL022024,4.0,2024-06-29 12:00:00,0 days 12:00:00,9.72,-46.68,1000.0,51.7,36.00489807128906,113.72377014160156,84.6596908569336,52.62424087524414,91.4424819946289,31.51091766357422,23.212629318237305,15.151421546936035,22.372671127319336,0.0026738985907286,0.0,0.0,0.0
2024-06-29,AL022024,4.0,2024-06-29 18:00:00,0 days 18:00:00,10.31,-48.32,996.7,58.7,39.8814697265625,98.39654541015624,71.964599609375,46.21834564208984,79.75831604003906,34.75913619995117,24.95148658752441,14.913869857788086,26.610137939453125,5.065666198730469,2.1872317790985107,0.4574717581272125,3.3965885639190674
2024-06-29,AL022024,4.0,2024-06-30 00:00:00,1 days 00:00:00,10.5,-50.33,992.6,65.6,29.8203239440918,94.42514038085938,69.17681121826172,48.37813568115234,74.85148620605469,27.07505798339844,19.26672744750977,11.239375114440918,20.301136016845703,4.003529071807861,1.682768940925598,0.5054194331169128,2.963057041168213
2024-06-29,AL022024,4.0,2024-06-30 06:00:00,1 days 06:00:00,10.77,-52.1,987.2,73.3,16.773042678833008,99.25033569335938,78.35335540771484,56.43549728393555,81.72232055664062,46.22280502319336,35.6761360168457,23.98631858825684,38.70556640625,16.235502243041992,12.050211906433104,8.793817520141602,13.438332557678224
2024-06-29,AL022024,4.0,2024-06-30 12:00:00,1 days 12:00:00,10.91,-53.7,975.6,90.5,21.77399444580078,112.99401092529295,87.55522155761719,59.77431106567383,94.1943130493164,59.77785110473633,47.36930847167969,35.3374137878418,53.082462310791016,34.319664001464844,28.566362380981445,22.50711250305176,29.66419982910156
2024-06-29,AL022024,4.0,2024-06-30 18:00:00,1 days 18:00:00,11.74,-55.47,979.0,82.5,20.23055076599121,90.90322875976562,67.89781951904297,47.777931213378906,75.48304748535156,43.576416015625,33.36983871459961,23.134382247924805,37.50968551635742,21.433467864990234,16.756433486938477,12.737444877624512,18.18732261657715
2024-06-29,AL022024,4.0,2024-07-01 00:00:00,2 days 00:00:00,12.05,-57.07,965.3,101.7,48.3892707824707,152.86495971679688,127.7861099243164,103.4165496826172,133.2300262451172,44.91187286376953,33.22106170654297,23.131704330444336,37.20251083374024,22.762731552124023,16.886592864990234,13.24733066558838,19.37458610534668
2024-06-29,AL022024,4.0,2024-07-01 06:00:00,2 days 06:00:00,12.17,-59.03,967.5,101.0,22.75167655944824,116.7252960205078,87.12039184570312,55.058372497558594,93.87223052978516,57.8422737121582,45.3550910949707,34.58130645751953,50.757755279541016,34.43497085571289,28.798871994018555,23.310903549194336,30.33983039855957
2024-06-29,AL022024,4.0,2024-07-01 12:00:00,2 days 12:00:00,12.23,-60.91,968.4,99.5,48.21112823486328,125.3299789428711,93.09912872314452,56.57028198242188,103.28176879882812,64.15267944335938,49.25260543823242,35.72819900512695,55.0755500793457,37.54489517211914,30.118623733520508,23.914480209350582,32.0745849609375
2024-06-29,AL022024,4.0,2024-07-01 18:00:00,2 days 18:00:00,12.96,-62.61,959.4,109.8,23.47565460205078,165.07362365722656,119.9088134765625,72.83023071289062,136.76351928710938,79.6346664428711,61.34623336791992,45.35197830200195,69.13694763183594,44.90924072265625,35.89348220825195,28.79814910888672,38.58643341064453
2024-06-29,AL022024,4.0,2024-07-02 00:00:00,3 days 00:00:00,13.16,-64.29,963.2,104.4,21.439645767211918,136.03880310058594,106.26795959472656,75.3777847290039,111.03048706054688,56.9970932006836,45.29389953613281,33.45359420776367,49.55647659301758,34.144798278808594,27.810958862304688,22.57941627502441,29.580646514892575
2024-06-29,AL022024,4.0,2024-07-02 06:00:00,3 days 06:00:00,14.09,-66.25,972.8,94.4,27.85289764404297,151.80490112304688,115.14076232910156,67.1709213256836,117.9751434326172,70.13077545166016,54.19353103637695,38.4758415222168,59.0384407043457,34.177154541015625,27.35382461547852,21.5344295501709,29.097946166992188
2024-06-29,AL022024,4.0,2024-07-02 12:00:00,3 days 12:00:00,14.51,-68.33,972.9,91.3,19.37727928161621,149.21836853027344,108.07025146484376,68.32747650146484,121.51505279541016,73.23954772949219,57.75032043457031,41.79272079467773,62.18428421020508,39.11796188354492,31.88358688354492,24.97419548034668,33.05392074584961
2024-06-29,AL022024,4.0,2024-07-02 18:00:00,3 days 18:00:00,15.09,-70.64,990.9,65.8,30.758174896240234,108.2602996826172,78.4030532836914,50.60492706298828,85.67466735839844,47.18965530395508,35.463714599609375,22.48729133605957,37.70744323730469,16.052350997924805,11.304495811462402,7.922504901885986,12.556042671203612
2024-06-29,AL022024,4.0,2024-07-03 00:00:00,4 days 00:00:00,15.49,-72.78,990.3,66.1,50.29697799682617,142.65834045410156,112.62248229980467,76.73202514648438,119.79010009765624,57.429779052734375,44.851661682128906,30.63126945495605,46.79404067993164,22.372392654418945,17.42253875732422,12.823430061340332,18.09297561645508
2024-06-29,AL022024,4.0,2024-07-03 06:00:00,4 days 06:00:00,15.73,-75.0,993.7,60.3,14.339046478271484,86.11974334716797,57.79734802246094,34.69865417480469,63.185455322265625,29.138669967651367,20.129602432250977,11.479706764221191,21.16164779663086,3.958397626876831,1.46527099609375,0.1532106697559356,2.7028918266296387
2024-06-29,AL022024,4.0,2024-07-03 12:00:00,4 days 12:00:00,16.0,-77.65,993.5,54.0,54.06734848022461,58.67402648925781,43.94117736816406,21.21131896972656,39.193450927734375,9.890515327453612,6.336775779724121,5.400635242462158,6.526495933532715,0.0545207411050796,0.1228654310107231,0.0,0.3351875245571136
2024-06-29,AL022024,4.0,2024-07-03 18:00:00,4 days 18:00:00,15.4,-80.06,995.3,54.1,42.09153366088867,53.3182373046875,31.70549964904785,12.157934188842772,31.649139404296875,7.004518032073975,3.2532997131347656,1.8502116203308103,4.933637619018555,0.703895092010498,0.2788018882274627,0.0,0.8125765323638916
2024-06-29,AL022024,4.0,2024-07-04 00:00:00,5 days 00:00:00,15.92,-81.57,989.8,63.0,38.57313919067383,75.2339859008789,60.64248275756836,32.45402145385742,54.2774658203125,13.60961627960205,8.94454288482666,7.201653480529785,9.958876609802246,0.5130385756492615,0.2679099440574646,0.0,0.7265451550483704
2024-06-29,AL022024,4.0,2024-07-04 06:00:00,5 days 06:00:00,15.94,-83.87,995.6,57.7,21.99821662902832,111.1062240600586,79.9357681274414,49.08910369873047,84.56977081298828,31.934261322021484,24.03435707092285,15.866740226745604,23.602022171020508,1.306843876838684,0.2041744887828827,0.0,0.8245592713356018
2024-06-29,AL022024,4.0,2024-07-04 12:00:00,5 days 12:00:00,16.35,-86.18,999.7,46.5,68.05429077148438,80.4803695678711,62.23339080810547,33.23600006103516,62.6030158996582,8.194388389587402,5.462928771972656,3.3004963397979736,4.982604503631592,0.2412078380584716,0.1916372030973434,0.0,0.1534908264875412
2024-06-29,AL022024,4.0,2024-07-04 18:00:00,5 days 18:00:00,16.22,-88.28,1004.0,39.9,51.93327331542969,41.158050537109375,26.10870361328125,9.371609687805176,27.6635799407959,1.799630045890808,0.458050400018692,0.0568124204874038,0.9143804907798768,0.3310580551624298,0.2867451608181,0.2437667846679687,0.252623587846756
2024-06-29,AL022024,4.0,2024-07-05 00:00:00,6 days 00:00:00,16.26,-89.31,1002.1,36.3,30.606698989868164,14.194173812866213,9.144064903259276,1.582173228263855,8.338844299316406,0.0,0.0,0.0,0.0,0.232301115989685,0.3361833393573761,0.3394004106521606,0.2394888252019882
2024-06-29,AL022024,4.0,2024-07-05 06:00:00,6 days 06:00:00,15.84,-91.13,1003.5,31.6,79.09586334228516,14.505298614501951,9.582154273986816,6.956514358520508,6.796075820922852,0.0,0.0,1.918080687522888,0.0,0.0,1.0337467193603516,1.3361471891403198,0.519405722618103
2024-06-29,AL022024,5.0,2024-06-29 00:00:00,0 days 00:00:00,9.2,-43.1,1006.0,35.0,74.07997303488982,74.07997303488982,0.0,0.0,74.07997303488982,,,,,,,,
2024-06-29,AL022024,5.0,2024-06-29 06:00:00,0 days 06:00:00,9.14,-45.03,1002.7,44.7,76.05316162109375,33.51764678955078,20.03483390808105,5.381547451019287,22.675167083740234,0.7368083000183105,0.0,0.0,0.0,0.2136613428592682,0.0465649962425231,0.0782785415649414,0.0692798048257827
2024-06-29,AL022024,5.0,2024-06-29 12:00:00,0 days 12:00:00,9.83,-46.96,1004.2,46.5,37.63279724121094,59.70705032348633,34.21339797973633,9.134295463562012,43.27193069458008,5.287740230560303,1.9573978185653689,0.0607091709971427,2.446338653564453,0.2413846254348755,0.0181189142167568,0.0,0.1238163635134697
2024-06-29,AL022024,5.0,2024-06-29 18:00:00,0 days 18:00:00,10.03,-48.59,1002.2,49.9,25.461538314819336,73.40865325927734,50.12898635864258,26.645442962646484,55.80278396606445,6.401583194732666,3.2040631771087646,1.0251060724258425,3.5245566368103027,0.4079878032207489,0.0,0.0,0.1179164871573448
2024-06-29,AL022024,5.0,2024-06-30 00:00:00,1 days 00:00:00,9.97,-50.51,996.3,58.4,44.477352142333984,114.00247192382812,88.72295379638672,57.65721893310547,90.21084594726562,30.813152313232425,22.354795455932617,13.349818229675291,21.67116928100586,0.8923083543777466,0.0,0.0,0.3507757186889648
2024-06-29,AL022024,5.0,2024-06-30 06:00:00,1 days 06:00:00,10.55,-51.97,990.4,62.6,47.83495330810547,94.53531646728516,77.099853515625,56.33129501342773,73.77445220947266,31.893341064453125,25.38517189025879,17.123050689697266,24.26338768005371,3.4280426502227783,1.9399733543396,0.8217101097106934,2.653305053710937
2024-06-29,AL022024,5.0,2024-06-30 12:00:00,1 days 12:00:00,10.7,-53.77,985.4,77.9,24.68792533874512,105.0511474609375,77.15799713134766,50.98462677001953,84.5184097290039,49.34597396850586,37.19498443603516,25.656538009643555,41.51946640014648,22.54093170166016,17.588211059570312,13.180747032165527,18.7755126953125
2024-06-29,AL022024,5.0,2024-06-30 18:00:00,1 days 18:00:00,11.2,-55.5,988.6,72.5,28.58096694946289,119.55377197265624,88.68436431884766,56.61933898925781,96.29645538330078,55.30844497680664,41.67927932739258,27.504045486450195,46.16168594360352,21.41841697692871,16.08566665649414,11.65843105316162,17.4172306060791
2024-06-29,AL022024,5.0,2024-07-01 00:00:00,2 days 00:00:00,11.34,-57.86,968.9,96.3,31.477928161621094,139.57876586914062,115.27509307861328,87.05719757080078,121.9733428955078,62.81428527832031,50.222755432128906,39.20166397094727,54.78338241577149,35.42545700073242,29.68390846252441,23.7960147857666,30.764575958251957
2024-06-29,AL022024,5.0,2024-07-01 06:00:00,2 days 06:00:00,11.95,-58.98,976.3,86.6,30.791519165039062,121.23755645751952,92.98499298095705,62.01185989379883,99.11044311523438,61.56196975708008,47.88982009887695,34.1791877746582,52.44858551025391,31.10169219970703,24.80025863647461,19.456907272338867,26.258846282958984
2024-06-29,AL022024,5.0,2024-07-01 12:00:00,2 days 12:00:00,12.19,-60.51,949.5,121.0,21.14362907409668,117.98776245117188,90.44371032714844,61.55234146118164,98.2344970703125,60.05584716796875,46.251991271972656,34.02254104614258,52.81279373168945,35.40597152709961,27.71124649047852,23.128870010375977,31.006792068481445
2024-06-29,AL022024,5.0,2024-07-01 18:00:00,2 days 18:00:00,12.68,-62.33,961.7,108.1,19.399707794189453,134.46987915039062,106.59038543701172,61.01559448242188,111.98644256591795,65.39598846435547,49.97200775146485,38.74026870727539,55.03059387207031,38.511348724365234,32.16530227661133,25.828554153442383,33.48044967651367
2024-06-29,AL022024,5.0,2024-07-02 00:00:00,3 days 00:00:00,13.01,-64.07,950.1,120.7,16.849117279052734,167.28269958496094,128.21316528320312,96.5815200805664,143.1058807373047,74.61200714111328,58.69707489013672,43.13654327392578,65.39606475830078,40.15288162231445,31.227855682373047,25.98419570922852,34.78544616699219
2024-06-29,AL022024,5.0,2024-07-02 06:00:00,3 days 06:00:00,13.71,-65.19,950.3,116.6,13.6698637008667,135.7211456298828,106.48243713378906,76.36128234863281,109.58746337890624,65.0416488647461,53.31735229492188,42.07447814941406,56.87934112548828,38.10684967041016,32.12235641479492,27.22866439819336,34.162967681884766
2024-06-29,AL022024,5.0,2024-07-02 12:00:00,3 days 12:00:00,14.3,-67.27,967.0,98.6,27.061656951904297,193.6066436767578,141.67498779296875,86.5313491821289,157.24948120117188,92.70697784423828,72.79864501953125,52.58216094970703,78.68534088134766,48.57429885864258,39.32872009277344,31.15604591369629,41.07087326049805
2024-06-29,AL022024,5.0,2024-07-02 18:00:00,3 days 18:00:00,15.0,-69.4,977.9,82.1,52.735328674316406,164.3796844482422,124.40538787841795,75.12939453125,133.9249267578125,75.2385025024414,58.51950454711914,40.64605712890625,62.148193359375,34.16679000854492,26.870698928833008,20.58216094970703,28.006837844848636
2024-06-29,AL022024,5.0,2024-07-03 00:00:00,4 days 00:00:00,15.36,-71.5,976.2,86.0,18.005186080932617,151.91311645507812,108.53438568115234,64.02469635009766,119.22189331054688,55.65824890136719,41.17315673828125,25.819509506225582,44.48150253295898,19.807416915893555,14.26166820526123,10.71683406829834,16.146774291992188
2024-06-29,AL022024,5.0,2024-07-03 06:00:00,4 days 06:00:00,15.73,-73.53,992.3,64.1,41.494415283203125,165.3648681640625,123.71929931640624,78.5260238647461,136.48529052734375,78.30694580078125,62.48913192749024,44.37410354614258,65.47818756103516,32.19623947143555,26.01651763916016,19.8315486907959,26.46432113647461
2024-06-29,AL022024,5.0,2024-07-03 12:00:00,4 days 12:00:00,15.93,-75.5,985.1,70.0,21.77465057373047,185.15228271484372,141.20965576171875,97.61206817626952,153.74801635742188,83.90259552001953,65.37474822998047,43.00641250610352,68.44096374511719,26.177396774291992,18.445613861083984,13.153026580810549,20.40362548828125
2024-06-29,AL022024,5.0,2024-07-03 18:00:00,4 days 18:00:00,16.15,-77.31,979.4,79.8,10.286396026611328,130.1700439453125,92.58932495117188,57.90951919555664,104.82331848144533,56.71726989746094,41.95835113525391,27.254335403442383,46.85797500610352,23.842071533203125,17.644634246826172,13.02984619140625,19.33139991760254
2024-06-29,AL022024,5.0,2024-07-04 00:00:00,5 days 00:00:00,16.22,-78.78,983.7,76.1,42.15068435668945,129.61085510253906,94.0044403076172,54.59550476074219,106.96882629394533,58.700828552246094,43.62880325317383,30.269641876220703,48.2915153503418,24.59372901916504,19.0653076171875,14.340509414672852,20.34143447875977
2024-06-29,AL022024,5.0,2024-07-04 06:00:00,5 days 06:00:00,16.33,-80.14,978.7,82.0,20.20150184631348,133.6305694580078,96.57938385009766,57.2551155090332,104.3187255859375,56.673152923583984,41.83412551879883,27.04509925842285,45.74924087524414,22.60324478149414,16.707889556884766,12.138948440551758,18.44425201416016
2024-06-29,AL022024,5.0,2024-07-04 12:00:00,5 days 12:00:00,16.82,-82.27,973.4,86.4,19.26133155822754,159.7735137939453,125.6580810546875,88.09418487548828,136.8414764404297,84.76383972167969,69.02629089355469,52.42802047729492,73.90528869628906,47.44233703613281,40.27848434448242,31.97489356994629,40.469356536865234
2024-06-29,AL022024,5.0,2024-07-04 18:00:00,5 days 18:00:00,16.97,-83.99,973.4,87.7,29.505521774291992,182.158935546875,142.437744140625,97.89385986328124,152.5699920654297,88.27650451660156,71.1002426147461,53.57086563110352,75.75344848632812,42.5336799621582,35.3894157409668,28.10040283203125,36.3458137512207
2024-06-29,AL022024,5.0,2024-07-05 00:00:00,6 days 00:00:00,17.1,-85.36,966.3,97.0,38.18341445922852,170.3834686279297,134.47349548339844,92.3400421142578,148.57232666015625,80.75654602050781,63.96394729614258,47.86798477172852,69.92932891845703,42.65302276611328,34.879234313964844,28.219816207885746,36.55014419555664
2024-06-29,AL022024,5.0,2024-07-05 06:00:00,6 days 06:00:00,17.0,-87.05,974.1,85.2,41.54779052734375,114.80622863769533,86.00759887695312,57.7142219543457,97.48362731933594,57.36324691772461,44.50006103515625,32.65017318725586,48.68267822265625,31.729328155517575,26.0701961517334,20.79438591003418,27.16191291809082
2024-06-29,AL022024,5.0,2024-07-05 12:00:00,6 days 12:00:00,16.97,-88.4,974.7,82.0,30.66627311706543,121.2347640991211,94.71121215820312,63.16954803466797,99.68050384521484,55.13909912109375,42.93998718261719,31.40531539916992,46.98719787597656,25.359214782714844,20.34855461120605,16.108848571777344,21.665775299072266
2024-06-29,AL022024,5.0,2024-07-05 18:00:00,6 days 18:00:00,16.58,-91.15,993.5,83.0,0.0,82.6504135131836,63.01985931396485,39.41481399536133,64.56185913085938,17.285072326660156,11.836430549621582,8.832091331481934,14.737648010253906,3.3709793090820312,2.888928174972534,2.5217151641845703,3.4865434169769287
2024-06-29,AL022024,5.0,2024-07-06 00:00:00,7 days 00:00:00,17.23,-91.09,1000.6,39.8,41.39372253417969,34.09815979003906,26.07036590576172,10.449017524719238,23.19264411926269,2.052399158477783,1.471178412437439,0.2230705767869949,0.9460204243659972,0.2011796981096267,0.2099171876907348,0.3011676073074341,0.2949369549751282
2024-06-29,AL022024,5.0,2024-07-06 06:00:00,7 days 06:00:00,17.54,-92.9,1002.5,38.8,33.648338317871094,69.84947204589844,57.351348876953125,38.70890426635742,55.90055847167969,3.119943618774414,1.122267246246338,0.9681218862533568,1.8779401779174805,0.1085778772830963,0.1663790196180343,0.0693340823054313,0.1615703999996185
2024-06-29,AL022024,5.0,2024-07-06 12:00:00,7 days 12:00:00,16.97,-93.81,1003.8,31.4,89.67899322509766,22.070405960083008,17.962888717651367,13.125311851501465,19.19635772705078,2.184196710586548,1.4194573163986206,3.150684118270874,2.256721019744873,0.1497976034879684,0.8965745568275452,0.6764203906059265,0.6378229260444641
2024-06-29,AL022024,5.0,2024-07-06 18:00:00,7 days 18:00:00,17.04,-94.61,1007.0,29.6,39.8432502746582,11.38352108001709,6.209991931915283,0.7805506587028503,7.614409446716309,1.3584346771240234,0.4288597106933594,0.6118367910385132,1.251831293106079,0.6390359401702881,0.677711009979248,0.4202160537242889,0.621601939201355
2024-06-29,AL022024,5.0,2024-07-07 00:00:00,8 days 00:00:00,15.95,-96.4,1005.7,28.6,103.74822998046876,4.292919158935547,1.980191707611084,0.0,1.5551435947418213,0.0,0.0,0.0,0.0,0.1690644174814224,0.3541046380996704,0.4532736837863922,0.1480349451303482
2024-06-29,AL022024,6.0,2024-06-29 00:00:00,0 days 00:00:00,9.2,-43.1,1006.0,35.0,74.07997303488982,74.07997303488982,0.0,0.0,74.07997303488982,,,,,,,,
2024-06-29,AL022024,6.0,2024-06-29 06:00:00,0 days 06:00:00,9.56,-44.29,1000.7,44.4,73.92654418945312,51.022857666015625,35.070106506347656,21.453184127807617,40.48478698730469,8.088517189025879,5.860429286956787,3.987118721008301,5.580307960510254,0.0403835102915763,0.0,0.0,0.110513761639595
2024-06-29,AL022024,6.0,2024-06-29 12:00:00,0 days 12:00:00,9.66,-46.64,1004.9,38.4,93.79875946044922,13.153021812438965,4.1824140548706055,0.0,8.50578784942627,0.0,0.0457691065967083,0.1840807646512985,0.0,0.0,0.0092711132019758,0.0317624509334564,0.0
2024-06-29,AL022024,6.0,2024-06-29 18:00:00,0 days 18:00:00,10.0,-48.37,1004.9,37.8,90.2145004272461,75.4163589477539,64.29199981689453,50.4301986694336,62.607872009277344,0.0,0.0,0.0,0.0,0.0808732733130455,0.0,0.0,0.0113236904144287
2024-06-29,AL022024,6.0,2024-06-30 00:00:00,1 days 00:00:00,10.26,-50.27,1003.5,43.4,40.64850616455078,48.46147155761719,37.55525588989258,26.87191772460937,37.84756851196289,0.9052353501319884,0.0,0.0,0.2207506597042083,0.05035050958395,0.0,0.0,0.1036551520228385
2024-06-29,AL022024,6.0,2024-06-30 06:00:00,1 days 06:00:00,10.35,-52.01,1001.6,51.3,27.855043411254883,84.92166900634766,57.96773147583008,27.50394630432129,63.891563415527344,15.989805221557615,10.394394874572754,5.803937911987305,10.26470947265625,0.3618974685668945,0.0,0.0,0.1709620505571365
2024-06-29,AL022024,6.0,2024-06-30 12:00:00,1 days 12:00:00,10.76,-53.71,1002.1,50.7,36.814083099365234,137.1615753173828,106.50789642333984,72.52166748046875,110.96453857421876,49.82993316650391,38.84423828125,25.514148712158203,38.191036224365234,2.842097759246826,0.6029029488563538,0.0,1.6561740636825562
2024-06-29,AL022024,6.0,2024-06-30 18:00:00,1 days 18:00:00,10.9,-55.73,994.2,61.1,18.31781578063965,101.7507781982422,77.38345336914062,53.8215446472168,80.84239959716797,34.85187911987305,25.874547958374023,15.66051197052002,26.374652862548828,3.6324965953826895,1.0528357028961182,0.0235957745462656,2.333509683609009
2024-06-29,AL022024,6.0,2024-07-01 00:00:00,2 days 00:00:00,10.85,-57.37,993.6,62.9,36.40289688110352,142.58131408691406,113.88312530517578,79.17374420166016,120.58454132080078,51.084083557128906,39.34723663330078,25.325178146362305,39.58657455444336,7.410390377044678,4.011014461517334,1.9928994178771973,5.411290168762207
2024-06-29,AL022024,6.0,2024-07-01 06:00:00,2 days 06:00:00,11.21,-58.84,985.9,75.6,27.191791534423828,104.7175750732422,77.99409484863281,51.82402038574219,85.08434295654297,48.32896423339844,37.24259567260742,25.98437118530273,40.8154525756836,20.247053146362305,15.900466918945312,11.82440185546875,17.07438850402832
2024-06-29,AL022024,6.0,2024-07-01 12:00:00,2 days 12:00:00,11.72,-60.73,979.1,86.5,28.62375259399414,137.07203674316406,101.75634765625,69.05896759033203,116.42814636230467,71.53469848632812,55.89316177368164,41.812232971191406,61.99311065673828,38.37199020385742,31.602540969848636,24.65062522888184,32.7046012878418
2024-06-29,AL022024,6.0,2024-07-01 18:00:00,2 days 18:00:00,12.21,-62.39,979.6,79.8,34.64282989501953,141.50662231445312,112.22753143310548,71.3734359741211,112.80724334716795,64.34002685546875,49.93778610229492,33.35251235961914,52.81500625610352,26.32504272460937,19.952316284179688,15.132278442382812,21.435510635375977
2024-06-29,AL022024,6.0,2024-07-02 00:00:00,3 days 00:00:00,13.08,-64.12,970.4,93.4,21.52767562866211,124.96131134033205,98.3523406982422,76.65532684326172,103.23789978027344,43.52819442749024,32.84055709838867,22.53509521484375,37.26841735839844,24.75442695617676,19.078271865844727,15.130351066589355,20.898120880126957
2024-06-29,AL022024,6.0,2024-07-02 06:00:00,3 days 06:00:00,13.55,-65.85,960.0,108.5,18.91850471496582,134.26608276367188,99.90770721435548,58.87173843383789,107.4571533203125,61.3574447631836,47.12140274047852,33.831661224365234,51.76517105102539,32.448341369628906,25.177440643310547,20.73049736022949,27.868915557861328
2024-06-29,AL022024,6.0,2024-07-02 12:00:00,3 days 12:00:00,14.29,-67.84,980.1,83.6,31.078651428222656,144.80941772460938,109.5666961669922,69.75489807128906,119.40198516845705,78.4708480834961,62.910919189453125,47.02516174316406,67.68284606933594,45.072635650634766,38.14865112304688,29.732891082763672,38.40064239501953
2024-06-29,AL022024,6.0,2024-07-02 18:00:00,3 days 18:00:00,15.08,-69.93,978.1,83.8,35.44952774047852,163.00238037109375,125.85302734375,78.52847290039062,137.12937927246094,81.34999084472656,64.52243041992188,47.81374740600586,68.56000518798828,41.316680908203125,34.30165100097656,26.96867179870605,34.83865737915039
2024-06-29,AL022024,6.0,2024-07-03 00:00:00,4 days 00:00:00,15.62,-71.76,990.8,65.2,62.18783950805664,161.84800720214844,123.87494659423828,78.38163757324219,130.3109130859375,69.49324035644531,54.27756118774414,34.758506774902344,55.17564392089844,19.9697208404541,13.728520393371582,9.540908813476562,15.258798599243164
2024-06-29,AL022024,6.0,2024-07-03 06:00:00,4 days 06:00:00,15.83,-74.14,991.0,62.2,60.73321914672852,199.6999664306641,152.748046875,105.84918212890624,170.23728942871094,94.0749282836914,76.80500793457031,56.43576431274414,78.45011901855469,35.28207015991211,28.818893432617188,22.464269638061523,29.35793876647949
2024-06-29,AL022024,6.0,2024-07-03 12:00:00,4 days 12:00:00,15.92,-76.23,988.6,71.2,49.17533874511719,176.3634033203125,133.6812744140625,82.06441497802734,146.8224334716797,83.6104736328125,65.45352935791016,45.15044021606445,69.47376251220703,34.92497634887695,27.096725463867188,20.527023315429688,28.35810852050781
2024-06-29,AL022024,6.0,2024-07-03 18:00:00,4 days 18:00:00,16.22,-78.3,993.6,58.8,57.16086959838867,137.9506072998047,100.67133331298828,64.21847534179688,112.37299346923828,57.02886199951172,42.60390853881836,28.063854217529297,44.95376968383789,14.45797348022461,9.37880516052246,6.050666332244873,10.954635620117188
2024-06-29,AL022024,6.0,2024-07-04 00:00:00,5 days 00:00:00,16.12,-79.84,988.5,64.6,69.15147399902344,192.58181762695312,154.39749145507812,113.51568603515624,165.49169921875,87.54090881347656,72.58484649658203,54.91422271728516,74.6071548461914,35.97910690307617,30.02364158630371,23.794389724731445,30.217893600463867
2024-06-29,AL022024,6.0,2024-07-04 06:00:00,5 days 06:00:00,16.07,-81.52,976.6,86.1,26.019472122192383,132.3001708984375,98.43853759765624,52.534610748291016,104.2446746826172,51.15409851074219,37.76902389526367,24.82459259033203,40.37587356567383,17.550758361816406,12.67581272125244,9.614286422729492,14.719500541687012
2024-06-29,AL022024,6.0,2024-07-04 12:00:00,5 days 12:00:00,16.38,-83.76,980.2,79.9,37.83824157714844,149.78675842285156,113.73238372802734,65.88729858398438,122.03372955322266,65.97909545898438,50.74234771728516,34.56429672241211,54.085262298583984,28.6702938079834,22.287092208862305,17.122480392456055,23.802562713623047
2024-06-29,AL022024,6.0,2024-07-04 18:00:00,5 days 18:00:00,16.65,-85.38,976.8,82.5,57.28708267211914,126.2192840576172,95.97300720214844,58.45869445800781,103.69915771484376,59.96709442138672,46.32465362548828,32.81916809082031,50.599369049072266,30.6029052734375,24.58948135375977,19.316499710083008,25.780141830444336
2024-06-29,AL022024,6.0,2024-07-05 00:00:00,6 days 00:00:00,16.55,-86.91,980.0,75.9,35.84653854370117,138.6570281982422,109.63751220703124,73.55883026123047,119.4361801147461,62.93748092651367,50.06525802612305,37.03825378417969,53.28940582275391,29.12046432495117,23.628847122192383,18.69776725769043,24.67159843444824
2024-06-29,AL022024,6.0,2024-07-05 06:00:00,6 days 06:00:00,16.13,-87.59,987.1,61.7,27.808706283569336,93.42681884765624,78.59363555908203,64.92838287353516,79.64794158935547,42.17758941650391,35.26813888549805,28.086545944213867,37.24835968017578,15.612939834594728,13.03613567352295,10.66716766357422,13.62287425994873
2024-06-29,AL022024,6.0,2024-07-05 12:00:00,6 days 12:00:00,16.72,-89.07,997.0,50.3,37.165138244628906,106.6025619506836,84.11736297607422,53.02057647705078,84.1600570678711,32.19580078125,24.39834976196289,16.31809425354004,24.41342163085937,1.848803997039795,0.4801325798034668,0.0,1.2118195295333862
2024-06-29,AL022024,6.0,2024-07-05 18:00:00,6 days 18:00:00,16.76,-90.72,1004.0,33.0,86.74613952636719,18.46114158630371,10.199627876281738,3.4134316444396973,12.012489318847656,0.8468043804168701,0.4095533192157745,0.2776851058006286,0.7064065933227539,0.3974493741989136,0.5437572002410889,0.3900496065616607,0.4680819511413574
2024-06-29,AL022024,6.0,2024-07-06 00:00:00,7 days 00:00:00,17.23,-91.92,1006.1,29.3,62.7747802734375,2.485687494277954,1.0234999656677246,2.213613271713257,2.1668295860290527,0.0,0.0,0.0,0.0,0.0,0.0525005869567394,0.1458832174539566,0.012910665012896
2024-06-29,AL022024,6.0,2024-07-06 06:00:00,7 days 06:00:00,17.97,-94.27,1005.7,27.4,137.18490600585938,1.032262086868286,0.0,1.0104469060897827,1.2708836793899536,0.0,0.0,0.2442409247159958,0.0,0.2485711276531219,0.4871816635131836,0.5204017758369446,0.2290942817926406
2024-06-29,AL022024,7.0,2024-06-29 00:00:00,0 days 00:00:00,9.2,-43.1,1006.0,35.0,74.07997303488982,74.07997303488982,0.0,0.0,74.07997303488982,,,,,,,,
2024-06-29,AL022024,7.0,2024-06-29 06:00:00,0 days 06:00:00,9.5,-44.87,999.3,52.7,31.352325439453125,80.9109115600586,60.53450775146485,42.25087356567383,65.1290512084961,25.795482635498047,18.755714416503903,11.550880432128906,18.742738723754883,0.8908050060272217,0.0,0.0,0.3093623220920563
2024-06-29,AL022024,7.0,2024-06-29 12:00:00,0 days 12:00:00,10.07,-46.54,996.9,56.6,49.75791549682617,80.87239837646484,59.57643127441406,39.79883575439453,64.9193115234375,25.50731658935547,18.432035446166992,10.839849472045898,18.61742210388184,0.9445068836212158,0.0,0.0,0.360329806804657
2024-06-29,AL022024,7.0,2024-06-29 18:00:00,0 days 18:00:00,10.24,-49.07,985.1,74.9,40.82733154296875,79.67295837402344,62.38976287841797,43.8543586730957,64.00556182861328,33.929908752441406,25.74298477172852,17.430620193481445,28.173568725585938,12.015826225280762,8.497305870056152,5.98339319229126,9.696069717407228
2024-06-29,AL022024,7.0,2024-06-30 00:00:00,1 days 00:00:00,10.32,-50.61,993.0,64.0,36.44770050048828,92.00270080566406,73.60914611816406,51.82991409301758,74.92935180664062,30.46006393432617,22.273143768310547,13.87057113647461,23.71427345275879,6.1774983406066895,3.791567087173462,2.00441575050354,4.924248218536377
2024-06-29,AL022024,7.0,2024-06-30 06:00:00,1 days 06:00:00,10.33,-52.28,985.3,75.7,50.4683723449707,89.22029113769531,69.9365234375,48.04457092285156,76.71642303466797,44.8481330871582,35.42158508300781,27.61003303527832,39.42334365844727,24.09716033935547,20.67599868774414,16.270938873291016,21.110279083251957
2024-06-29,AL022024,7.0,2024-06-30 12:00:00,1 days 12:00:00,10.79,-53.89,980.8,85.2,37.6417236328125,117.58797454833984,89.3885726928711,60.77310562133789,102.71167755126952,63.63018035888672,50.98896789550781,40.85285186767578,56.79303359985352,40.15366744995117,35.05968475341797,27.806884765625,34.918453216552734
2024-06-29,AL022024,7.0,2024-06-30 18:00:00,1 days 18:00:00,11.19,-55.41,972.7,91.8,13.077608108520508,99.5364990234375,77.22140502929688,49.52932357788086,87.05635070800781,51.485347747802734,39.38623428344727,30.63265609741211,43.6718635559082,28.67081069946289,23.89923667907715,18.913145065307617,24.71161651611328
2024-06-29,AL022024,7.0,2024-07-01 00:00:00,2 days 00:00:00,11.51,-57.44,971.0,94.5,28.22591781616211,130.95957946777344,103.96880340576172,75.0988540649414,115.25465393066406,62.16864776611328,49.38751602172852,38.7715950012207,54.53385543823242,34.016822814941406,28.655296325683597,23.08189392089844,29.82625389099121
2024-06-29,AL022024,7.0,2024-07-01 06:00:00,2 days 06:00:00,11.78,-59.06,958.3,110.3,13.02362060546875,119.58195495605467,89.9794921875,61.45281219482422,100.9590835571289,55.98419189453125,44.061988830566406,33.65433883666992,49.4814567565918,29.589570999145508,23.499351501464844,19.68597412109375,26.23562431335449
2024-06-29,AL022024,7.0,2024-07-01 12:00:00,2 days 12:00:00,12.28,-60.5,958.2,111.7,31.309520721435547,135.12359619140625,104.82267761230467,63.609474182128906,112.0081558227539,64.4978256225586,49.426944732666016,36.61750030517578,53.924991607666016,34.13608169555664,27.013748168945312,21.622018814086918,29.379093170166016
2024-06-29,AL022024,7.0,2024-07-01 18:00:00,2 days 18:00:00,12.63,-61.91,963.4,99.1,21.97781562805176,129.173583984375,100.20736694335938,61.27127456665039,108.18962097167967,63.111907958984375,48.66857147216797,36.016754150390625,52.81468200683594,34.54606246948242,27.803504943847656,22.1787223815918,29.420879364013672
2024-06-29,AL022024,7.0,2024-07-02 00:00:00,3 days 00:00:00,13.32,-63.56,956.7,108.9,47.1423225402832,186.7439727783203,153.71958923339844,112.2918472290039,158.37989807128906,71.98240661621094,56.45562744140625,40.96983337402344,61.14451217651367,36.96060562133789,29.38160514831543,24.0598258972168,31.78066635131836
2024-06-29,AL022024,7.0,2024-07-02 06:00:00,3 days 06:00:00,14.22,-65.42,947.4,125.3,19.140981674194336,158.9376678466797,122.04314422607422,72.84428405761719,129.11746215820312,73.68749237060547,57.36804962158203,41.97914123535156,62.288818359375,40.512821197509766,32.16897201538086,26.669353485107425,35.23477554321289
2024-06-29,AL022024,7.0,2024-07-02 12:00:00,3 days 12:00:00,14.99,-67.29,962.3,106.8,23.57837677001953,154.3059844970703,119.83992004394533,67.43938446044922,122.7187728881836,69.11316680908203,52.73064804077149,36.83597946166992,55.76005554199219,34.859771728515625,27.448074340820312,21.481658935546875,29.248273849487305
2024-06-29,AL022024,7.0,2024-07-02 18:00:00,3 days 18:00:00,15.47,-69.34,967.7,96.1,28.865951538085938,166.77847290039062,126.35333251953124,84.8053970336914,140.73402404785156,77.50138092041016,60.80865859985352,43.64319610595703,65.4823989868164,36.36835861206055,28.385108947753903,22.919940948486328,30.57939910888672
2024-06-29,AL022024,7.0,2024-07-03 00:00:00,4 days 00:00:00,15.71,-71.49,975.9,88.7,27.816207885742188,154.48484802246094,116.09748077392578,75.06183624267578,124.52288818359376,67.85957336425781,52.142765045166016,35.83213424682617,56.33576202392578,31.979625701904297,24.913084030151367,19.03574562072754,26.599519729614254
2024-06-29,AL022024,7.0,2024-07-03 06:00:00,4 days 06:00:00,16.16,-73.75,985.4,74.2,26.810688018798828,129.25889587402344,96.16181182861328,63.19105529785156,106.015625,61.41622543334961,47.65300369262695,33.893795013427734,52.57593536376953,30.538856506347656,25.053112030029297,19.09560775756836,25.86749839782715
2024-06-29,AL022024,7.0,2024-07-03 12:00:00,4 days 12:00:00,16.04,-75.98,987.2,70.2,37.50972366333008,126.88951873779295,95.66146087646484,59.9980354309082,103.91937255859376,58.36620330810547,45.43706512451172,31.246959686279297,48.17529678344727,24.782878875732425,19.199142456054688,14.457297325134276,20.339157104492188
2024-06-29,AL022024,7.0,2024-07-03 18:00:00,4 days 18:00:00,16.24,-77.99,992.1,63.6,31.166900634765625,124.4810028076172,90.19120025634766,51.222145080566406,93.74732971191406,43.184326171875,30.38141822814941,16.768203735351562,31.98059463500977,7.740705013275146,3.758469343185425,1.5040061473846436,5.298591613769531
2024-06-29,AL022024,7.0,2024-07-04 00:00:00,5 days 00:00:00,16.18,-79.44,986.3,69.0,56.96365737915039,119.9898910522461,87.79115295410156,59.79603958129883,98.0341567993164,45.82786178588867,33.56227111816406,22.71413993835449,37.30706405639648,19.242982864379883,14.737557411193848,10.85830020904541,15.850686073303224
2024-06-29,AL022024,7.0,2024-07-04 06:00:00,5 days 06:00:00,16.48,-80.99,971.6,95.2,12.773804664611816,127.52298736572266,90.25668334960938,55.27008438110352,102.45014190673828,56.050418853759766,42.048301696777344,29.033300399780277,46.893028259277344,27.386518478393555,21.133888244628903,16.84668731689453,23.242197036743164
2024-06-29,AL022024,7.0,2024-07-04 12:00:00,5 days 12:00:00,16.6,-82.76,981.7,81.1,48.65349960327149,154.9676971435547,115.6374053955078,69.3465347290039,126.68630981445312,75.35364532470703,58.39902877807617,41.4194450378418,63.720306396484375,38.88177108764648,31.88603401184082,24.47226333618164,32.55311584472656
2024-06-29,AL022024,7.0,2024-07-04 18:00:00,5 days 18:00:00,16.61,-84.69,987.2,69.5,52.05751419067383,207.6920928955078,165.5790557861328,114.08180236816406,177.9466094970703,100.87838745117188,81.88298797607422,61.287384033203125,86.05912780761719,42.437618255615234,34.99656677246094,27.72683525085449,35.780277252197266
2024-06-29,AL022024,7.0,2024-07-05 00:00:00,6 days 00:00:00,16.64,-86.66,967.4,94.2,18.954763412475582,141.1165771484375,111.8761215209961,80.34961700439453,117.23696899414062,57.958003997802734,46.06006622314453,35.00589370727539,49.80991744995117,29.812875747680664,24.805397033691406,20.262828826904297,26.136234283447266
2024-06-29,AL022024,7.0,2024-07-05 06:00:00,6 days 06:00:00,16.49,-87.83,984.0,70.6,30.51130104064941,137.01571655273438,112.35147094726562,84.09477233886719,122.62371826171876,63.609169006347656,51.73649215698242,41.64515686035156,56.468406677246094,33.87401580810547,29.26262664794922,23.999557495117188,29.62429618835449
2024-06-29,AL022024,7.0,2024-07-05 12:00:00,6 days 12:00:00,16.67,-88.88,986.6,63.3,25.18180084228516,105.77822875976562,84.23716735839844,62.5461540222168,87.29890441894531,43.68760299682617,34.27744674682617,24.86822891235352,36.66417694091797,14.110801696777344,10.954065322875977,8.702875137329102,11.806614875793455
2024-06-29,AL022024,7.0,2024-07-05 18:00:00,6 days 18:00:00,16.85,-90.45,995.5,50.7,59.8394775390625,141.98953247070312,115.4176254272461,75.96622467041016,111.79879760742188,42.629764556884766,33.83185195922852,24.039138793945312,32.463191986083984,1.532575011253357,0.5219758152961731,0.0,1.2524468898773191
2024-06-29,AL022024,7.0,2024-07-06 00:00:00,7 days 00:00:00,17.3,-91.83,997.3,42.2,49.31406784057617,14.883522033691406,9.415236473083496,1.338558316230774,6.773226261138916,0.7808707356452942,0.1888061314821243,0.0,0.0,0.1754498034715652,0.216011106967926,0.3864411413669586,0.2648963332176208
2024-06-29,AL022024,7.0,2024-07-06 06:00:00,7 days 06:00:00,17.16,-92.92,1006.7,26.2,54.93613052368164,17.940208435058594,9.402482986450195,2.842079162597656,9.544771194458008,0.6321313381195068,0.2609550356864929,0.512310802936554,0.3300991356372833,0.2422609478235244,0.2658291161060333,0.3341076374053955,0.1644341945648193
2024-06-29,AL022024,7.0,2024-07-06 12:00:00,7 days 12:00:00,17.16,-93.98,1007.2,27.7,51.42760467529297,9.43822956085205,4.107695579528809,0.0,5.357070446014404,0.8984438180923462,0.4068914651870727,0.2927048802375793,0.8694635629653931,0.1480343341827392,0.1502881050109863,0.2874085903167724,0.1496564298868179
2024-06-29,AL022024,7.0,2024-07-06 18:00:00,7 days 18:00:00,16.63,-95.14,1006.2,31.3,96.44646453857422,33.55204391479492,26.073904037475582,13.360432624816896,23.662595748901367,1.75579035282135,1.0014493465423584,1.7385708093643188,1.7332943677902222,0.8427740931510925,1.0445773601531982,0.9104743003845216,0.9550642371177672
2024-06-29,AL022024,7.0,2024-07-07 00:00:00,8 days 00:00:00,16.47,-95.53,1008.4,21.6,96.9927215576172,2.952877283096313,2.411482095718384,2.1331946849823,2.8893721103668213,0.2561633884906769,0.5620306730270386,0.9811473488807678,0.3749210834503174,0.0152874886989593,0.1242492720484733,0.2814150750637054,0.1377115100622177
2024-06-29,AL022024,8.0,2024-06-29 00:00:00,0 days 00:00:00,9.2,-43.1,1006.0,35.0,74.07997303488982,74.07997303488982,0.0,0.0,74.07997303488982,,,,,,,,
2024-06-29,AL022024,8.0,2024-06-29 06:00:00,0 days 06:00:00,9.06,-45.07,1002.5,46.6,75.51031494140625,97.76438903808594,73.5324478149414,44.6121826171875,78.08346557617188,20.96999740600586,16.718652725219727,11.852865219116213,15.237068176269531,0.0,0.0,0.0,0.0918898209929466
2024-06-29,AL022024,8.0,2024-06-29 12:00:00,0 days 12:00:00,9.38,-47.01,995.5,60.9,21.74918365478516,99.23890686035156,76.3594970703125,48.98943328857422,81.97123718261719,34.0783576965332,24.92036247253418,14.904141426086426,25.163652420043945,2.907099962234497,0.5995374321937561,0.0,1.6548224687576294
2024-06-29,AL022024,8.0,2024-06-29 18:00:00,0 days 18:00:00,9.96,-48.75,996.9,56.1,48.364723205566406,92.2197494506836,69.25764465332031,43.68056488037109,72.49223327636719,28.27545547485352,20.21716690063477,12.434833526611328,20.5551815032959,1.1520951986312866,0.0,0.0,0.5163148641586304
2024-06-29,AL022024,8.0,2024-06-30 00:00:00,1 days 00:00:00,9.84,-50.82,997.1,54.9,39.60169982910156,100.02022552490234,80.8303451538086,59.05435562133789,83.70726013183594,32.93877029418945,24.842304229736328,16.05908966064453,25.054349899291992,2.0831167697906494,0.2587491571903229,0.0,1.3604425191879272
2024-06-29,AL022024,8.0,2024-06-30 06:00:00,1 days 06:00:00,10.76,-52.65,995.4,64.2,21.96674346923828,105.764892578125,80.38583374023438,58.00324249267578,86.77249145507812,46.74408721923828,36.37443923950195,25.467548370361328,39.55353927612305,15.553762435913086,12.047383308410645,8.688494682312012,13.014866828918455
2024-06-29,AL022024,8.0,2024-06-30 12:00:00,1 days 12:00:00,11.0,-54.32,989.6,70.9,22.107521057128903,115.76620483398438,89.34989166259766,61.891902923583984,101.65719604492188,59.35561752319336,46.78408050537109,35.233795166015625,51.1195182800293,28.62554359436035,23.96612930297852,18.32479858398437,24.249223709106445
2024-06-29,AL022024,8.0,2024-06-30 18:00:00,1 days 18:00:00,10.89,-56.5,989.6,70.2,47.203086853027344,83.89046478271484,63.37814712524414,44.67288589477539,71.4157943725586,41.29305648803711,31.07767677307129,21.163610458374023,34.37104034423828,15.332478523254396,11.30388355255127,7.946645259857178,12.372873306274414
2024-06-29,AL022024,8.0,2024-07-01 00:00:00,2 days 00:00:00,11.13,-58.1,993.5,63.4,49.80055236816406,94.03111267089844,70.91576385498047,42.44397735595703,73.32929992675781,20.73799705505371,13.649991989135742,7.192112922668457,13.73137378692627,0.6268758773803711,0.0,0.0,0.2920560240745544
2024-06-29,AL022024,8.0,2024-07-01 06:00:00,2 days 06:00:00,11.48,-59.87,995.9,58.0,58.29082107543945,118.01499938964844,90.26673889160156,55.18139266967773,93.29434204101562,41.92137145996094,30.446102142333984,17.475448608398438,31.151939392089844,4.007979393005371,0.8047875165939331,0.0,2.1927075386047363
2024-06-29,AL022024,8.0,2024-07-01 12:00:00,2 days 12:00:00,11.66,-61.26,970.1,92.9,38.55524063110352,158.3302001953125,135.7996368408203,95.16397094726562,133.64756774902344,83.23058319091797,70.60023498535156,58.28619766235352,73.36702728271484,46.80644226074219,41.56397247314453,34.78514862060547,41.14059448242188
2024-06-29,AL022024,8.0,2024-07-01 18:00:00,2 days 18:00:00,12.34,-63.09,989.1,70.0,33.83776092529297,135.55223083496094,104.85684967041016,61.742332458496094,112.4958038330078,60.257205963134766,45.10163497924805,30.128751754760746,48.9412956237793,22.106101989746094,16.615123748779297,11.929988861083984,17.912487030029297
2024-06-29,AL022024,8.0,2024-07-02 00:00:00,3 days 00:00:00,12.99,-65.16,981.5,79.6,38.60020065307617,138.4516143798828,106.3656997680664,66.2541275024414,112.1570816040039,59.163856506347656,45.697227478027344,30.19502067565918,48.35024642944336,24.405208587646484,18.345447540283203,13.601873397827148,19.75774574279785
2024-06-29,AL022024,8.0,2024-07-02 06:00:00,3 days 06:00:00,13.61,-66.78,984.8,72.6,25.406814575195312,108.94417572021484,84.2702865600586,47.59488296508789,85.96577453613281,48.33616638183594,37.04956817626953,23.902307510375977,38.46418380737305,18.5899658203125,13.694121360778809,10.205806732177734,14.916443824768066
2024-06-29,AL022024,8.0,2024-07-02 12:00:00,3 days 12:00:00,14.27,-69.34,982.5,77.7,38.38650894165039,122.08038330078124,89.4782485961914,52.491661071777344,99.1812744140625,62.07321548461914,48.14107131958008,34.28974533081055,51.1051139831543,33.738407135009766,27.355871200561523,21.262435913085938,28.077880859375
2024-06-29,AL022024,8.0,2024-07-02 18:00:00,3 days 18:00:00,14.79,-71.43,994.8,57.5,68.65605163574219,116.09283447265624,89.19154357910156,50.28301239013672,87.04894256591797,5.226677417755127,1.153030514717102,0.0,1.7065082788467407,0.6225374341011047,0.0,0.0,0.3329324722290039
2024-06-29,AL022024,8.0,2024-07-03 00:00:00,4 days 00:00:00,15.18,-74.19,995.5,53.8,32.16105651855469,156.1552734375,121.18345642089844,84.27191162109375,122.0447998046875,43.62346267700195,35.18243408203125,24.37984275817871,31.86964225769043,0.3145014643669128,0.0,0.0,0.0899724513292312
2024-06-29,AL022024,8.0,2024-07-03 06:00:00,4 days 06:00:00,15.43,-76.49,1001.4,45.1,39.10613250732422,68.02302551269531,46.49381256103516,30.95323371887207,49.72845458984375,0.431015282869339,0.0,0.0,0.0,0.1500963419675827,0.0204360913485288,0.0066184625029563,0.1015651077032089
2024-06-29,AL022024,8.0,2024-07-03 12:00:00,4 days 12:00:00,15.54,-78.45,997.1,54.3,58.95461654663086,122.86029052734376,87.54432678222656,43.996612548828125,89.13548278808594,29.56748390197754,21.286561965942383,12.676119804382324,19.83567237854004,0.0784303247928619,0.0,0.0,0.0
2024-06-29,AL022024,8.0,2024-07-03 18:00:00,4 days 18:00:00,15.84,-80.26,996.9,51.4,90.5973663330078,68.42179107666016,44.463844299316406,18.73773002624512,47.23702621459961,11.502158164978027,6.545361042022705,2.858901262283325,6.931458950042725,0.35219806432724,0.0,0.0,0.2570910453796386
2024-06-29,AL022024,8.0,2024-07-04 00:00:00,5 days 00:00:00,15.68,-81.96,996.9,54.1,48.440696716308594,109.7083969116211,82.18284606933594,50.5879020690918,82.97647857666016,30.343168258666992,22.95545768737793,14.901252746582031,22.529624938964844,0.9403904676437378,0.0,0.0,0.694033682346344
2024-06-29,AL022024,8.0,2024-07-04 06:00:00,5 days 06:00:00,15.35,-83.55,1000.0,47.5,76.80397033691406,121.72181701660156,88.51696014404297,46.33731842041016,92.85636901855467,28.658639907836918,20.99199104309082,14.403179168701172,20.415830612182617,0.0,0.0,0.0,0.0102996993809938
2024-06-29,AL022024,8.0,2024-07-04 12:00:00,5 days 12:00:00,15.55,-85.38,1000.4,40.5,43.50489044189453,23.44308853149414,14.239333152770996,2.184347629547119,14.812015533447266,0.5616692900657654,0.0,0.0,0.0,0.1240127459168434,0.1498401910066604,0.1513203531503677,0.0661601051688194
2024-06-29,AL022024,8.0,2024-07-04 18:00:00,5 days 18:00:00,15.74,-87.42,1003.1,38.8,27.820436477661133,14.142319679260254,5.961241245269775,0.0,8.941368103027344,1.1647175550460815,0.0,0.0,0.7214405536651611,0.1636880487203598,0.3400543332099914,0.3458618819713592,0.3318060040473938
2024-06-29,AL022024,8.0,2024-07-05 00:00:00,6 days 00:00:00,14.82,-88.85,1001.6,38.2,63.31697463989258,42.67190170288086,39.39093780517578,25.45640182495117,34.76310348510742,0.0102037582546472,0.0,1.857692837715149,0.406275987625122,0.0439427755773067,0.6347739696502686,0.6258487105369568,0.6330601572990417
2024-06-29,AL022024,8.0,2024-07-05 06:00:00,6 days 06:00:00,15.28,-90.81,1004.3,28.0,113.4462661743164,11.166936874389648,5.180537223815918,1.3880939483642578,3.1822004318237305,0.0,0.2412684857845306,0.4086635112762451,0.2794527113437652,0.5923534631729126,1.001753568649292,1.0486334562301636,0.6935119032859802
2024-06-29,AL022024,8.0,2024-07-05 12:00:00,6 days 12:00:00,14.35,-93.73,1005.9,30.0,78.74720764160156,0.9323367476463318,2.318518877029419,0.0,0.3967238664627075,0.0,0.0,0.4633127152919769,0.0,0.0415318384766578,0.4194821119308471,0.2592287361621856,0.0507050342857837
2024-06-29,AL022024,8.0,2024-07-05 18:00:00,6 days 18:00:00,13.82,-94.02,1006.0,29.5,54.50984573364258,5.0250630378723145,5.308034896850586,2.0407164096832275,2.4864542484283447,0.0,0.0908702090382576,0.2672891020774841,0.0,0.4122848510742187,0.4273363947868347,0.3314286768436432,0.2516128420829773
2024-06-29,AL022024,8.0,2024-07-06 00:00:00,7 days 00:00:00,13.98,-94.94,1003.6,32.9,102.45807647705078,22.904247283935547,23.952754974365234,20.468542098999023,19.790672302246094,0.0,0.0355821475386619,0.4898179173469543,0.0,0.0,0.2770697176456451,0.2191089689731598,0.0321029052138328
2024-06-29,AL022024,9.0,2024-06-29 00:00:00,0 days 00:00:00,9.2,-43.1,1006.0,35.0,74.07997303488982,74.07997303488982,0.0,0.0,74.07997303488982,,,,,,,,
2024-06-29,AL022024,9.0,2024-06-29 06:00:00,0 days 06:00:00,9.3,-44.91,1003.2,43.1,67.97309112548828,42.927127838134766,25.26858329772949,5.840911865234375,31.41794204711914,2.460022211074829,0.9095832705497742,0.0,0.9133419394493104,0.1886414438486099,0.0323692746460437,0.0255871135741472,0.0928275436162948
2024-06-29,AL022024,9.0,2024-06-29 12:00:00,0 days 12:00:00,9.87,-46.82,999.5,54.1,27.98189926147461,87.5605239868164,63.6995735168457,41.34136581420898,68.30583190917969,25.69291877746582,17.7066593170166,10.351941108703612,18.303131103515625,0.3626340329647064,0.0,0.0,0.0026994855143129
2024-06-29,AL022024,9.0,2024-06-29 18:00:00,0 days 18:00:00,9.91,-48.62,994.8,61.6,34.78996276855469,81.24773406982422,60.103946685791016,34.23152160644531,65.52667236328125,30.61812210083008,21.327754974365234,11.932347297668455,23.06083869934082,6.098178863525391,3.115663528442383,1.0642387866973877,4.254457473754883
2024-06-29,AL022024,9.0,2024-06-30 00:00:00,1 days 00:00:00,10.4,-50.49,993.3,65.9,31.01112174987793,129.60324096679688,102.67652130126952,78.79420471191406,108.95340728759766,47.84388732910156,35.77927780151367,23.388818740844727,38.97459030151367,12.40866756439209,8.346589088439941,5.303751468658447,9.865994453430176
2024-06-29,AL022024,9.0,2024-06-30 06:00:00,1 days 06:00:00,10.89,-52.18,985.0,76.6,24.75943946838379,105.49522399902344,81.82485961914062,55.34917068481445,85.32820129394531,45.76480865478516,35.062747955322266,23.99010467529297,38.25007629394531,17.333162307739258,13.424505233764648,9.981431007385254,14.701068878173828
2024-06-29,AL022024,9.0,2024-06-30 12:00:00,1 days 12:00:00,10.84,-53.23,983.7,73.3,19.89061546325684,108.17979431152344,87.94928741455078,56.03243255615234,88.90480041503906,45.8651008605957,36.29888534545898,27.557960510253903,38.29484558105469,20.1259708404541,17.581029891967773,13.81301212310791,17.79785919189453
2024-06-29,AL022024,9.0,2024-06-30 18:00:00,1 days 18:00:00,11.34,-55.29,982.2,80.5,31.52731132507324,131.79551696777344,103.22490692138672,68.56837463378906,115.81375885009766,65.38249206542969,51.00141525268555,37.391876220703125,55.7905158996582,31.279050827026367,25.60931968688965,19.63731384277344,26.60491943359375
2024-06-29,AL022024,9.0,2024-07-01 00:00:00,2 days 00:00:00,11.86,-57.24,974.5,89.7,38.81148147583008,112.28656005859376,89.84886932373047,69.46395111083984,98.7233428955078,46.0745849609375,35.56352996826172,26.432863235473636,39.29964447021485,23.74759292602539,19.00040435791016,15.326852798461914,20.55726623535156
2024-06-29,AL022024,9.0,2024-07-01 06:00:00,2 days 06:00:00,12.01,-58.98,968.9,97.5,21.628341674804688,111.36380004882812,86.0666732788086,48.607215881347656,88.39490509033203,48.60380935668945,36.89493560791016,26.19928550720215,39.5914421081543,23.75765037536621,18.65526008605957,14.869759559631348,20.500694274902344
2024-06-29,AL022024,9.0,2024-07-01 12:00:00,2 days 12:00:00,12.27,-60.63,969.9,98.2,34.88496780395508,112.70084381103516,80.33594512939453,54.30245208740234,94.31151580810548,57.22932434082031,43.712501525878906,32.17648696899414,50.86833190917969,31.653562545776367,25.055988311767575,19.776939392089844,27.33651161193848
2024-06-29,AL022024,9.0,2024-07-01 18:00:00,2 days 18:00:00,13.27,-62.29,980.0,83.6,35.142696380615234,121.71270751953124,88.53813171386719,42.95892333984375,92.69922637939452,51.5189094543457,36.598262786865234,22.300701141357425,39.73317337036133,19.95894432067871,14.30369472503662,10.139065742492676,15.84809684753418
2024-06-29,AL022024,9.0,2024-07-02 00:00:00,3 days 00:00:00,13.87,-63.95,974.1,89.6,32.614715576171875,142.77828979492188,106.31346130371094,69.77043151855469,115.5495147705078,65.14818572998047,50.76449966430664,35.360164642333984,54.3612060546875,29.30897331237793,22.80376243591309,17.614477157592773,24.377277374267575
2024-06-29,AL022024,9.0,2024-07-02 06:00:00,3 days 06:00:00,14.5,-65.82,978.2,82.0,21.49176788330078,121.09754943847656,90.54159545898438,53.76832962036133,91.29569244384766,45.67308807373047,33.95742416381836,20.102096557617188,34.939903259277344,12.320899963378906,7.473381042480469,5.28422737121582,9.50443172454834
2024-06-29,AL022024,9.0,2024-07-02 12:00:00,3 days 12:00:00,15.13,-67.79,981.9,78.6,48.07680130004883,165.49514770507812,126.85831451416016,80.5916748046875,138.93234252929688,90.29002380371094,73.0843505859375,57.393531799316406,79.13337707519531,56.899749755859375,50.03729248046875,39.931278228759766,49.197364807128906
2024-06-29,AL022024,9.0,2024-07-02 18:00:00,3 days 18:00:00,15.94,-69.83,991.2,63.8,49.37612533569336,142.39158630371094,107.52621459960938,64.4150619506836,113.4097900390625,52.69599533081055,38.94355392456055,23.61042594909668,39.56483840942383,8.039005279541016,3.719457864761353,1.6485487222671509,5.355123996734619
2024-06-29,AL022024,9.0,2024-07-03 00:00:00,4 days 00:00:00,16.36,-72.51,992.1,62.4,24.38996124267578,111.51111602783205,81.68311309814453,48.02197265625,83.51068115234375,29.40431022644043,20.4638729095459,10.97138214111328,20.49920654296875,2.398332357406616,0.7132901549339294,0.0,1.473186492919922
2024-06-29,AL022024,9.0,2024-07-03 06:00:00,4 days 06:00:00,16.51,-74.47,990.4,64.3,56.08794784545898,149.72970581054688,112.31828308105467,75.36519622802734,124.15216827392578,73.37248992919922,59.06618118286133,45.15319061279297,63.20304489135742,35.46098327636719,30.488624572753903,24.02939987182617,30.494028091430664
2024-06-29,AL022024,9.0,2024-07-03 12:00:00,4 days 12:00:00,16.61,-76.28,985.5,72.5,41.00540542602539,169.1036376953125,127.86292266845705,80.48553466796875,138.93331909179688,78.77156829833984,62.4188232421875,44.00019836425781,64.98706817626953,33.23181915283203,26.237735748291016,20.02838706970215,27.151025772094727
2024-06-29,AL022024,9.0,2024-07-03 18:00:00,4 days 18:00:00,16.94,-78.3,984.2,75.3,59.20134353637695,161.08145141601562,122.89929962158205,78.30118560791016,131.3999786376953,74.73173522949219,59.20698547363281,42.23772430419922,62.89609909057617,34.09943008422852,27.38262176513672,21.242019653320312,28.307174682617188
2024-06-29,AL022024,9.0,2024-07-04 00:00:00,5 days 00:00:00,17.26,-79.84,978.3,83.9,23.917871475219727,141.4171600341797,111.8706512451172,77.15043640136719,116.87177276611328,55.83167266845703,42.5179557800293,29.658456802368164,47.02154922485352,28.415170669555664,22.59943199157715,17.29759407043457,23.864669799804688
2024-06-29,AL022024,9.0,2024-07-04 06:00:00,5 days 06:00:00,17.31,-82.2,991.8,63.0,50.43855285644531,123.17323303222656,92.28794860839844,51.77346420288086,93.90542602539062,40.94740295410156,29.72606658935547,16.876710891723633,29.67075729370117,4.702479839324951,1.5045212507247925,0.0,2.987386465072632
2024-06-29,AL022024,9.0,2024-07-04 12:00:00,5 days 12:00:00,17.85,-83.99,996.2,58.3,30.91202545166016,160.15560913085938,123.59935760498048,83.99284362792969,131.8456268310547,67.26710510253906,52.87141799926758,34.5208854675293,53.60722351074219,12.954450607299805,8.146257400512695,4.927690505981445,9.527457237243652
2024-06-29,AL022024,9.0,2024-07-04 18:00:00,5 days 18:00:00,17.61,-86.37,999.8,50.3,72.43989562988281,156.27743530273438,121.65475463867188,74.58299255371094,122.29693603515624,47.13196563720703,36.89583587646485,24.96188735961914,34.585792541503906,0.4685106575489044,0.0,0.0,0.1340060085058212
2024-06-29,AL022024,9.0,2024-07-05 00:00:00,6 days 00:00:00,17.62,-88.02,995.3,56.0,56.85951232910156,102.78290557861328,78.48393249511719,53.54898071289063,86.60110473632812,44.19907760620117,34.54713439941406,24.79662132263184,37.61447143554688,17.567306518554688,14.070635795593262,10.764327049255373,14.541881561279297
2024-06-29,AL022024,9.0,2024-07-05 06:00:00,6 days 06:00:00,17.14,-89.36,994.5,52.2,44.616546630859375,114.06372833251952,91.63868713378906,61.680137634277344,89.58271789550781,32.13903045654297,25.27193832397461,18.676233291625977,24.33964729309082,0.629815399646759,0.0,0.0,0.4613786339759826
2024-06-29,AL022024,9.0,2024-07-05 12:00:00,6 days 12:00:00,16.85,-90.1,1002.4,36.4,49.308589935302734,26.897201538085938,16.128780364990234,4.673465728759766,16.660966873168945,0.033258493989706,0.0,0.0,0.0,0.1827749013900756,0.3099056482315063,0.4656819403171539,0.2060905247926712
2024-06-29,AL022024,9.0,2024-07-05 18:00:00,6 days 18:00:00,16.78,-91.03,1005.2,31.7,48.48331832885742,13.055035591125488,4.325343608856201,1.087827205657959,5.622148036956787,0.0,0.0,0.0,0.3028967082500458,0.8962787985801697,1.1682075262069702,1.197916865348816,0.9826972484588624
2024-06-29,AL022024,10.0,2024-06-29 00:00:00,0 days 00:00:00,9.2,-43.1,1006.0,35.0,74.07997303488982,74.07997303488982,0.0,0.0,74.07997303488982,,,,,,,,
2024-06-29,AL022024,10.0,2024-06-29 06:00:00,0 days 06:00:00,9.53,-45.03,1000.8,52.2,33.48221969604492,83.77381896972656,61.34235000610352,37.75372314453125,64.9244155883789,21.10678100585937,15.182861328125,9.588967323303224,14.553848266601562,0.0230843257158994,0.0,0.0,0.0
2024-06-29,AL022024,10.0,2024-06-29 12:00:00,0 days 12:00:00,9.98,-46.8,999.3,56.2,29.739086151123047,108.276123046875,73.08476257324219,35.526824951171875,81.6829605102539,21.379846572875977,14.343080520629885,7.800497055053711,14.185643196105955,0.1635524481534958,0.0,0.0,0.0928263068199157
2024-06-29,AL022024,10.0,2024-06-29 18:00:00,0 days 18:00:00,10.29,-48.59,994.9,61.2,27.8116455078125,73.01275634765625,55.541770935058594,42.17358016967773,59.611305236816406,31.4897518157959,23.89882469177246,16.729080200195312,26.415956497192383,10.899083137512209,8.289745330810547,5.689401626586914,8.966341972351074
2024-06-29,AL022024,10.0,2024-06-30 00:00:00,1 days 00:00:00,10.71,-50.41,988.7,69.6,26.694971084594727,103.7124481201172,86.04275512695312,66.93870544433594,89.63231658935547,37.68851852416992,28.46598243713379,20.85594940185547,31.27350616455078,14.240679740905762,11.233531951904297,8.198866844177246,12.207159996032717
2024-06-29,AL022024,10.0,2024-06-30 06:00:00,1 days 06:00:00,10.77,-52.06,989.0,72.0,22.579620361328125,109.2739028930664,85.02471923828125,57.59502410888672,86.56424713134766,43.48897171020508,32.7515869140625,21.484235763549805,34.87575912475586,11.732357025146484,8.374818801879883,5.332082748413086,9.522589683532717
2024-06-29,AL022024,10.0,2024-06-30 12:00:00,1 days 12:00:00,10.64,-53.94,978.6,85.4,18.60744285583496,120.46524810791016,92.5387191772461,70.28536224365234,103.6818618774414,63.15016174316406,51.0696907043457,39.193824768066406,56.66281127929688,34.144386291503906,28.664640426635746,22.837047576904297,29.709009170532227
2024-06-29,AL022024,10.0,2024-06-30 18:00:00,1 days 18:00:00,11.04,-55.58,975.4,88.4,12.286951065063477,105.34288024902344,82.17649841308594,61.8333625793457,89.51049041748047,52.88458251953125,42.0850830078125,31.295604705810547,46.73272705078125,26.402681350708008,21.459871292114254,17.197404861450195,22.748029708862305
2024-06-29,AL022024,10.0,2024-07-01 00:00:00,2 days 00:00:00,11.06,-57.13,973.3,92.7,25.21034812927246,131.5726776123047,105.0436553955078,86.3853530883789,113.51657104492188,52.312538146972656,41.0726432800293,30.387866973876957,46.21519088745117,29.71910858154297,24.392133712768555,19.37162208557129,25.680702209472656
2024-06-29,AL022024,10.0,2024-07-01 06:00:00,2 days 06:00:00,11.14,-58.49,977.6,88.1,22.43869400024414,103.89350128173828,75.30431365966797,51.05414581298828,84.565673828125,52.80615615844727,40.65018081665039,28.86896514892578,46.341556549072266,29.54544448852539,23.622901916503903,18.586498260498047,25.337980270385746
2024-06-29,AL022024,10.0,2024-07-01 12:00:00,2 days 12:00:00,11.23,-60.35,976.2,90.0,22.79087257385254,119.04035949707033,87.51095581054688,55.68331527709961,97.9529800415039,61.69525909423828,47.473751068115234,33.91223907470703,54.04195022583008,32.31785202026367,25.75238037109375,19.936250686645508,27.54047393798828
2024-06-29,AL022024,10.0,2024-07-01 18:00:00,2 days 18:00:00,11.59,-61.89,979.6,84.4,14.193633079528809,117.57758331298828,90.27610778808594,58.40842056274414,95.022705078125,58.91889190673828,46.81059646606445,33.32658767700195,51.39406967163086,31.32654190063477,25.43523979187012,19.79550170898437,26.43354034423828
2024-06-29,AL022024,10.0,2024-07-02 00:00:00,3 days 00:00:00,11.96,-63.6,987.2,72.8,32.29642868041992,137.23138427734375,108.53329467773438,76.82428741455078,110.24404907226562,44.314239501953125,33.0264778137207,19.643539428710938,35.095947265625,12.019120216369627,7.560457706451416,4.992629051208496,9.231050491333008
2024-06-29,AL022024,10.0,2024-07-02 06:00:00,3 days 06:00:00,12.67,-64.81,973.0,86.8,43.82771301269531,117.46709442138672,95.45822143554688,66.3852767944336,93.15084838867188,54.4995346069336,44.386627197265625,33.47285079956055,46.64412689208984,24.73727226257324,20.410615921020508,16.47271728515625,21.465133666992188
2024-06-29,AL022024,10.0,2024-07-02 12:00:00,3 days 12:00:00,13.46,-67.15,983.8,76.2,46.63656234741211,168.3012237548828,124.30179595947266,75.7164077758789,135.0934295654297,78.16667175292969,59.997802734375,40.86079406738281,64.39797973632812,34.142581939697266,27.085176467895508,20.12334442138672,28.07443046569824
2024-06-29,AL022024,10.0,2024-07-02 18:00:00,3 days 18:00:00,14.35,-69.38,973.1,90.0,28.985219955444336,166.9573211669922,133.1353302001953,81.11727142333984,140.67825317382812,83.72888946533203,66.54066467285156,50.73306274414063,71.369873046875,45.69050598144531,38.59076690673828,30.46627616882324,38.9037971496582
2024-06-29,AL022024,10.0,2024-07-03 00:00:00,4 days 00:00:00,14.94,-71.27,988.2,74.1,24.191669464111328,129.39923095703125,96.1072769165039,56.01422500610352,99.56015014648438,48.76542282104492,36.50724411010742,21.21835327148437,36.86128616333008,10.838136672973633,6.214929580688477,3.618758201599121,7.694726467132568
2024-06-29,AL022024,10.0,2024-07-03 06:00:00,4 days 06:00:00,15.1,-73.46,995.6,56.9,66.44525909423828,133.208251953125,99.89402770996094,60.41313171386719,104.92996215820312,45.26826095581055,34.3607292175293,21.25871467590332,33.0570182800293,3.398329973220825,0.936920166015625,0.0,1.9999550580978396
2024-06-29,AL022024,10.0,2024-07-03 12:00:00,4 days 12:00:00,15.3,-75.96,998.6,52.6,75.95024108886719,139.23342895507812,102.39720153808594,61.63542556762695,107.8919677734375,43.41941452026367,33.656532287597656,22.175729751586918,31.760149002075195,1.9096828699111936,0.710656464099884,0.0,1.0438414812088013
2024-06-29,AL022024,10.0,2024-07-03 18:00:00,4 days 18:00:00,15.63,-78.12,994.9,62.0,61.67417526245117,166.201171875,124.4006118774414,75.34001159667969,132.00909423828125,65.44315338134766,49.65593338012695,31.121414184570312,51.01443099975586,15.061027526855469,9.658269882202148,6.324769020080566,11.22126293182373
2024-06-29,AL022024,10.0,2024-07-04 00:00:00,5 days 00:00:00,15.54,-79.86,993.8,68.2,14.912471771240234,131.16558837890625,96.69583129882812,68.75914001464844,108.32577514648438,46.13345718383789,32.605411529541016,19.378400802612305,35.88437271118164,11.414959907531738,6.685315132141113,3.9248220920562735,8.256367683410645
2024-06-29,AL022024,10.0,2024-07-04 06:00:00,5 days 06:00:00,15.92,-81.73,994.1,59.7,42.66585922241211,129.77655029296875,95.16790771484376,61.82162857055664,111.4324951171875,63.13672256469727,49.17063903808594,34.809226989746094,52.29298400878906,24.122838973999023,18.597675323486328,13.724000930786133,19.49300193786621
2024-06-29,AL022024,10.0,2024-07-04 12:00:00,5 days 12:00:00,15.64,-83.14,991.4,63.8,39.60813903808594,156.09765625,122.23655700683594,78.48180389404297,131.12826538085938,71.49977111816406,56.277469635009766,40.13399505615234,59.11045837402344,24.729251861572266,19.17827033996582,14.653027534484863,20.316783905029297
2024-06-29,AL022024,10.0,2024-07-04 18:00:00,5 days 18:00:00,15.98,-85.0,990.5,61.5,36.97427749633789,135.76487731933594,109.91339874267578,74.50267791748047,105.5396957397461,51.05580520629883,41.00086975097656,26.6067008972168,39.35563659667969,5.420319080352783,2.302152633666992,0.6703834533691406,3.5117475986480717
2024-06-29,AL022024,10.0,2024-07-05 00:00:00,6 days 00:00:00,16.0,-86.45,994.9,55.5,55.87160110473633,81.06981658935547,62.96751403808594,39.900177001953125,66.5251693725586,33.13168716430664,25.193862915039062,17.221166610717773,26.84816169738769,13.16943359375,10.373465538024902,7.665905475616455,10.7235689163208
2024-06-29,AL022024,10.0,2024-07-05 06:00:00,6 days 06:00:00,16.16,-88.16,997.2,51.4,46.45228958129883,114.89547729492188,87.73897552490234,53.77836227416992,89.2286148071289,34.71849060058594,25.26807403564453,16.198314666748047,26.46031951904297,1.8133890628814695,0.0,0.0,1.0929293632507324
2024-06-29,AL022024,10.0,2024-07-05 12:00:00,6 days 12:00:00,16.52,-89.65,1001.3,42.5,37.18128204345703,71.90052032470703,62.7548713684082,42.93125534057617,55.94580841064453,2.113295793533325,0.8703899383544922,0.1892508864402771,1.040598750114441,0.4340711534023285,0.3369683623313904,0.3352097868919372,0.3094539046287536
2024-06-29,AL022024,10.0,2024-07-05 18:00:00,6 days 18:00:00,16.57,-90.81,1004.9,34.9,56.26041793823242,28.58287239074707,15.44230842590332,3.690589427947998,18.32306671142578,3.650104284286499,1.7384322881698608,0.9515752792358398,2.992674827575684,1.0953770875930786,1.0071033239364624,0.7608858346939087,1.0071388483047483
2024-06-29,AL022024,10.0,2024-07-06 00:00:00,7 days 00:00:00,16.47,-92.07,1003.6,36.1,46.10641479492188,15.12152099609375,12.669441223144531,5.683577537536621,9.4559907913208,0.1750956624746322,0.0,0.0,0.0,0.0,0.0,0.0037344857119023,0.0
2024-06-29,AL022024,10.0,2024-07-06 06:00:00,7 days 06:00:00,17.25,-93.95,1007.7,26.6,34.977874755859375,3.8368730545043945,0.5512083768844604,0.427897185087204,3.7126758098602295,0.5669174790382385,0.0,0.3268157839775085,0.5452169179916382,0.2754679918289184,0.0031000834424048,0.0481014661490917,0.1850393712520599
2024-06-29,AL022024,10.0,2024-07-06 12:00:00,7 days 12:00:00,14.93,-95.26,1001.7,39.2,74.98789978027344,12.35557460784912,11.537297248840332,8.749095916748047,10.483696937561035,0.0,0.0,2.7458767890930176,0.6336772441864014,0.0,0.7589190602302551,0.6191099286079407,0.4087141156196594
2024-06-29,AL022024,10.0,2024-07-06 18:00:00,7 days 18:00:00,15.02,-96.61,1004.0,34.8,81.43903350830078,14.526148796081545,11.157797813415527,5.137587070465088,9.046159744262695,0.4992076754570007,0.6016953587532043,1.0222299098968506,0.9220934510231018,0.0877131298184394,0.1190248951315879,0.0955235064029693,0.0546164102852344
2024-06-29,AL022024,10.0,2024-07-07 00:00:00,8 days 00:00:00,14.76,-97.22,1003.6,34.0,57.12947082519531,21.46246719360352,21.07792282104492,14.96718978881836,15.661815643310549,0.0,0.2387845516204834,0.315602034330368,0.0,0.0035937831271439,0.1124263405799865,0.2377216517925262,0.0329325087368488
2024-06-29,AL022024,10.0,2024-07-07 06:00:00,8 days 06:00:00,15.12,-99.1,1005.5,31.3,85.9421157836914,0.8201846480369568,0.0,0.1918463110923767,0.0,0.0,0.0,0.4687827527523041,0.0,0.0036080698482692,0.109605424106121,0.3651645481586456,0.0716851577162742
2024-06-29,AL022024,10.0,2024-07-07 12:00:00,8 days 12:00:00,15.08,-100.52,1000.1,43.4,30.716293334960938,16.885255813598633,11.622530937194824,5.05522346496582,10.186317443847656,0.3715732395648956,0.1549663841724395,0.2154743373394012,0.0,0.0245518498122692,0.1658477485179901,0.2165733575820922,0.0
2024-06-29,AL022024,10.0,2024-07-07 18:00:00,8 days 18:00:00,14.51,-102.01,1004.1,34.8,93.82156372070312,16.653087615966797,10.689523696899414,5.970471858978272,10.931707382202148,0.1327629685401916,0.0,0.3295502960681915,0.0866371542215347,0.0908206403255462,0.1312115341424942,0.1323471963405609,0.0772678330540657
2024-06-29,AL022024,10.0,2024-07-08 00:00:00,9 days 00:00:00,14.69,-103.12,999.5,46.4,32.59590148925781,34.253265380859375,23.85575485229492,13.20523166656494,24.26112174987793,6.0876336097717285,4.38485050201416,2.729846477508545,3.9133472442626953,0.0,0.0,0.0,0.0
2024-06-29,AL022024,10.0,2024-07-08 06:00:00,9 days 06:00:00,14.52,-104.11,1001.5,41.2,75.6974868774414,38.25826644897461,24.205326080322266,8.853602409362793,26.902305603027344,3.415369987487793,1.7040398120880127,0.8238949179649353,1.5820292234420776,0.0838349983096122,0.0766516849398613,0.1214111819863319,0.0829284563660621
2024-06-29,AL022024,10.0,2024-07-08 12:00:00,9 days 12:00:00,14.29,-105.55,995.9,52.3,56.15446853637695,52.89199066162109,43.11769485473633,28.76530265808105,40.3547477722168,15.233356475830078,11.449073791503906,6.861362457275391,10.757535934448242,0.0932094231247901,0.0,0.0,0.0
2024-06-29,AL022024,10.0,2024-07-08 18:00:00,9 days 18:00:00,14.16,-106.6,997.8,51.4,38.24211502075195,106.46646118164062,85.98445129394531,59.85665512084961,85.11756896972656,31.253734588623047,25.237985610961918,18.35843849182129,23.917585372924805,0.0,0.0,0.0,0.0
2024-06-29,AL022024,10.0,2024-07-09 00:00:00,10 days 00:00:00,14.08,-107.51,996.5,51.1,39.175743103027344,76.5418930053711,66.09141540527344,48.367183685302734,65.57376098632812,16.818918228149414,12.80828094482422,8.674895286560059,12.066046714782717,0.0,0.0,0.0,0.0
2024-06-29,AL022024,10.0,2024-07-09 06:00:00,10 days 06:00:00,13.93,-108.38,993.5,52.2,58.19624328613281,75.85670471191406,60.75138854980469,47.37985610961914,60.42650604248047,26.16923141479492,20.45045661926269,14.069289207458496,20.22790908813477,1.2707642316818235,0.3493665754795074,0.0,0.9837192296981812
2024-06-29,AL022024,10.0,2024-07-09 12:00:00,10 days 12:00:00,13.96,-109.4,995.3,55.2,22.53322982788086,78.32682800292969,63.16340255737305,47.76459884643555,64.76789093017578,30.228416442871094,23.498743057250977,15.77783203125,23.920631408691406,2.6659836769104004,1.1872614622116089,0.0421576499938964,1.9562427997589111
2024-06-29,AL022024,10.0,2024-07-09 18:00:00,10 days 18:00:00,14.1,-110.05,998.4,46.7,51.03344345092773,57.83635330200195,43.48719024658203,26.3138427734375,48.23876190185547,10.431808471679688,7.767282485961914,5.663584232330322,7.478522777557373,0.0,0.0,0.0,0.0
2024-06-29,AL022024,10.0,2024-07-10 00:00:00,11 days 00:00:00,14.26,-110.58,995.8,49.2,62.62177658081055,62.27150344848633,51.83356475830078,40.04481506347656,53.2515754699707,11.850852012634276,9.47102165222168,7.601782321929932,8.765877723693848,0.0,0.0,0.0,0.0
2024-06-29,AL022024,10.0,2024-07-10 06:00:00,11 days 06:00:00,14.08,-111.54,998.5,40.9,48.77497863769531,11.395647048950195,7.022117137908936,5.020479679107666,7.0266523361206055,0.0,0.0,0.3514746427536011,0.0,0.0135627649724483,0.0531366318464279,0.0653000175952911,0.1452216058969497
2024-06-29,AL022024,10.0,2024-07-10 12:00:00,11 days 12:00:00,14.01,-112.63,998.2,47.4,67.96124267578125,63.5606803894043,45.55216217041016,23.98822021484375,50.888275146484375,11.431451797485352,7.459115982055664,4.6940016746521,7.173274040222168,0.073077417910099,0.0,0.0,0.0
2024-06-29,AL022024,10.0,2024-07-10 18:00:00,11 days 18:00:00,14.19,-113.53,996.6,53.3,64.78324890136719,101.90294647216795,81.73434448242188,58.34300994873047,86.62571716308594,35.326568603515625,27.217235565185547,18.25569725036621,27.16729164123535,1.6579375267028809,0.0,0.0,0.9387409090995787
2024-06-29,AL022024,10.0,2024-07-11 00:00:00,12 days 00:00:00,14.12,-114.82,992.2,60.0,39.59836196899414,104.01317596435548,88.2053451538086,73.28687286376953,91.1039047241211,45.12633895874024,36.60579681396485,26.28134155273437,37.70647811889648,12.63436794281006,9.453262329101562,6.715615749359131,10.251054763793944
2024-06-29,AL022024,10.0,2024-07-11 06:00:00,12 days 06:00:00,14.59,-115.71,992.4,56.0,31.178916931152344,68.71704864501953,56.69308090209961,37.44753646850586,50.87734222412109,15.300381660461426,12.227895736694336,8.37537956237793,10.979055404663086,0.0,0.0,0.0,0.0009842022554948
2024-06-29,AL022024,10.0,2024-07-11 12:00:00,12 days 12:00:00,14.57,-116.53,996.5,53.2,52.83356475830078,119.1113510131836,92.7339324951172,52.61854553222656,91.03009796142578,30.51143264770508,23.461822509765625,15.192497253417969,21.066797256469727,0.0,0.0,0.0,0.0
2024-06-29,AL022024,10.0,2024-07-11 18:00:00,12 days 18:00:00,15.22,-117.6,994.2,52.2,69.9660415649414,72.86100006103516,63.384525299072266,50.79874801635742,61.11126327514648,24.392526626586918,19.926176071166992,15.222844123840332,19.25063705444336,1.5815919637680054,1.0574309825897217,0.3857640922069549,1.4153568744659424
2024-06-29,AL022024,10.0,2024-07-12 00:00:00,13 days 00:00:00,15.48,-117.98,980.3,78.0,27.37733268737793,140.208740234375,114.55690002441406,85.21715545654297,118.6887435913086,53.05635452270508,41.29868698120117,28.21605110168457,43.49203872680664,19.185396194458008,14.326895713806152,10.691920280456545,15.48834228515625
2024-06-29,AL022024,11.0,2024-06-29 00:00:00,0 days 00:00:00,9.2,-43.1,1006.0,35.0,74.07997303488982,74.07997303488982,0.0,0.0,74.07997303488982,,,,,,,,
2024-06-29,AL022024,11.0,2024-06-29 06:00:00,0 days 06:00:00,9.61,-44.36,998.9,50.3,18.09695053100586,43.950313568115234,33.735572814941406,31.574106216430664,40.63634490966797,4.685131549835205,1.9852453470230105,0.5277358889579773,2.9141488075256348,0.1959847658872604,0.0,0.0,0.0
2024-06-29,AL022024,11.0,2024-06-29 12:00:00,0 days 12:00:00,9.44,-46.61,992.3,65.3,25.82938575744629,81.13734436035156,64.69879150390625,45.72123718261719,71.54611206054688,41.281280517578125,32.08016586303711,23.53034210205078,35.640113830566406,16.454734802246094,12.902240753173828,9.552501678466797,13.801992416381836
2024-06-29,AL022024,11.0,2024-06-29 18:00:00,0 days 18:00:00,10.02,-48.28,998.9,54.3,31.15185165405273,101.00328063964844,75.93922424316406,47.930931091308594,77.85077667236328,31.422269821166992,22.670503616333008,13.756885528564451,22.741832733154297,1.004395842552185,0.0,0.0,0.3446232378482818
2024-06-29,AL022024,11.0,2024-06-30 00:00:00,1 days 00:00:00,10.2,-49.73,989.8,69.7,11.931574821472168,100.23163604736328,81.38301086425781,72.3414306640625,87.59375,39.76910400390625,30.781423568725582,21.217241287231445,34.37604522705078,15.309728622436523,11.41014575958252,8.542108535766602,12.514630317687988
2024-06-29,AL022024,11.0,2024-06-30 06:00:00,1 days 06:00:00,10.15,-51.44,991.4,67.8,15.575627326965332,92.08576202392578,68.65701293945312,48.969993591308594,71.55321502685547,35.80934524536133,26.97344398498535,16.28620147705078,28.30890655517578,6.4559006690979,3.524264335632324,1.6525084972381592,4.909657955169678
2024-06-29,AL022024,11.0,2024-06-30 12:00:00,1 days 12:00:00,10.66,-52.89,987.6,75.7,33.775657653808594,113.70002746582033,84.45964813232422,54.060768127441406,96.18902587890624,55.35928726196289,42.53157424926758,31.363094329833984,47.847801208496094,27.98050308227539,23.1965389251709,17.654672622680664,23.90875244140625
2024-06-29,AL022024,11.0,2024-06-30 18:00:00,1 days 18:00:00,11.13,-54.66,983.5,77.7,34.04550552368164,110.91311645507812,85.13833618164062,57.44111251831055,92.13445281982422,45.15138626098633,34.15214538574219,23.200868606567383,36.57670974731445,13.26157569885254,9.365927696228027,6.80103063583374,10.752276420593262
2024-06-29,AL022024,11.0,2024-07-01 00:00:00,2 days 00:00:00,11.05,-56.51,982.1,81.7,17.270906448364258,112.26343536376952,85.77056121826172,70.79177856445312,97.8682098388672,48.10282516479492,37.24601745605469,26.287342071533203,41.403568267822266,21.20802879333496,16.333938598632812,12.498133659362791,17.740310668945312
2024-06-29,AL022024,11.0,2024-07-01 06:00:00,2 days 06:00:00,11.42,-57.93,981.9,80.2,44.18925857543945,124.48741149902344,93.20233154296876,61.9976806640625,102.58132934570312,59.114871978759766,45.43613815307617,31.84385681152344,49.710845947265625,26.551801681518555,20.99129676818848,15.931920051574709,22.169675827026367
2024-06-29,AL022024,11.0,2024-07-01 12:00:00,2 days 12:00:00,12.03,-59.73,975.3,87.6,33.04861831665039,112.42987060546876,81.88542938232422,45.92292785644531,85.88874053955078,44.603118896484375,32.31772232055664,19.714336395263672,35.39934158325195,16.36322021484375,11.072273254394531,8.055240631103516,13.184353828430176
2024-06-29,AL022024,11.0,2024-07-01 18:00:00,2 days 18:00:00,12.32,-61.49,973.3,89.2,32.206233978271484,130.65199279785156,100.92740631103516,59.1171760559082,107.51203918457033,62.50065231323242,47.496192932128906,33.49079895019531,52.20193862915039,31.937673568725582,25.35406494140625,19.675189971923828,26.849971771240234
2024-06-29,AL022024,11.0,2024-07-02 00:00:00,3 days 00:00:00,13.03,-63.24,973.9,87.4,26.496492385864254,135.5608367919922,106.19930267333984,64.16897583007812,109.33213806152344,47.7893180847168,35.12564468383789,22.072778701782227,37.18375778198242,16.698055267333984,11.019936561584473,8.370201110839844,13.478682518005373
2024-06-29,AL022024,11.0,2024-07-02 06:00:00,3 days 06:00:00,13.4,-65.17,974.0,91.3,30.297643661499023,125.39138793945312,95.36721801757812,51.540374755859375,97.6719207763672,55.677040100097656,42.28089904785156,28.180639266967773,44.875732421875,24.641376495361328,18.55017471313477,14.273558616638184,20.386615753173828
2024-06-29,AL022024,11.0,2024-07-02 12:00:00,3 days 12:00:00,14.1,-67.08,969.8,94.9,42.10167694091797,162.162841796875,122.0540008544922,71.02668762207031,127.2423324584961,65.70475006103516,50.39926910400391,32.633575439453125,52.76715087890625,25.66106605529785,18.72972869873047,14.44681453704834,20.892253875732425
2024-06-29,AL022024,11.0,2024-07-02 18:00:00,3 days 18:00:00,14.13,-68.65,984.5,70.3,50.27092361450195,90.65792083740234,70.98641967773438,43.006595611572266,67.7660140991211,31.48069953918457,22.985685348510746,14.211187362670898,24.97287368774414,9.027640342712402,6.051974773406982,4.166157245635986,7.331919193267822
2024-06-29,AL022024,11.0,2024-07-03 00:00:00,4 days 00:00:00,15.17,-71.41,992.8,61.0,41.31406784057617,62.395992279052734,40.79416275024414,24.958202362060547,42.003997802734375,2.2300024032592773,0.4717301726341247,0.0,0.7126766443252563,0.3613002896308899,0.0,0.0,0.307215541601181
2024-06-29,AL022024,11.0,2024-07-03 06:00:00,4 days 06:00:00,15.22,-74.39,999.9,47.9,48.82374572753906,107.3686294555664,79.93578338623047,42.55005645751953,78.19343566894531,11.330313682556152,6.963384628295898,3.8043837547302246,6.425505638122559,0.0760468989610672,0.0634499117732048,0.0,0.1154527589678764
2024-06-29,AL022024,11.0,2024-07-03 12:00:00,4 days 12:00:00,15.55,-76.67,997.4,52.7,40.317867279052734,57.896522521972656,37.95077133178711,11.402348518371582,38.62839889526367,2.4181416034698486,0.0,0.0,0.0355237983167171,0.2790100574493408,0.0670951753854751,0.0111798178404569,0.2266156673431396
2024-06-29,AL022024,11.0,2024-07-03 18:00:00,4 days 18:00:00,16.34,-78.79,992.7,61.7,50.95281982421875,144.92425537109375,120.71807098388672,84.00518798828125,120.29998016357422,54.39728164672852,43.03031539916992,31.76331329345703,43.79986953735352,7.396954536437988,4.730234146118164,2.736720561981201,5.973340034484863
2024-06-29,AL022024,11.0,2024-07-04 00:00:00,5 days 00:00:00,16.12,-80.76,1002.3,49.7,63.19586563110352,59.81894302368164,35.630210876464844,10.024872779846191,39.90620803833008,1.4293714761734009,0.0,0.0,0.3441526889801025,0.0157073885202407,0.0881026238203048,0.0774333402514457,0.0492563992738723
2024-06-29,AL022024,11.0,2024-07-04 06:00:00,5 days 06:00:00,16.08,-82.63,1001.7,46.7,69.59254455566406,61.50975036621094,35.32841110229492,6.436977386474609,39.61199188232422,3.287834882736206,0.2331417202949524,0.0,0.7268957495689392,0.229697898030281,0.0027906994801014,0.0189887303858995,0.1741462051868438
2024-06-29,AL022024,11.0,2024-07-04 12:00:00,5 days 12:00:00,15.94,-84.39,990.9,57.6,51.11459732055664,62.23215103149414,49.68595886230469,30.877552032470703,46.32772445678711,16.279104232788086,12.786568641662598,8.391286849975586,11.6381254196167,1.3276009559631348,0.4153394103050232,0.0952018275856971,0.7851600646972656
2024-06-29,AL022024,11.0,2024-07-04 18:00:00,5 days 18:00:00,16.3,-86.14,996.7,54.3,54.013519287109375,101.37564849853516,78.0279769897461,38.45737457275391,76.64181518554688,22.27373313903809,16.06729507446289,10.143325805664062,15.920832633972168,0.38843634724617,0.0,0.0,0.1324948668479919
2024-06-29,AL022024,11.0,2024-07-05 00:00:00,6 days 00:00:00,16.45,-88.13,999.9,44.7,47.06847381591797,96.45874786376952,74.31217193603516,43.75151824951172,76.94000244140625,24.67494773864746,17.998619079589844,11.564997673034668,18.245668411254883,0.4274780452251434,0.0,0.0,0.2800459861755371
2024-06-29,AL022024,11.0,2024-07-05 06:00:00,6 days 06:00:00,16.23,-90.27,1000.7,40.0,74.20134735107422,32.6421012878418,20.96177864074707,10.257871627807615,22.324647903442383,0.6823531985282898,0.1532893031835556,0.3896068930625915,0.1607964783906936,0.6877973079681396,0.9198816418647766,1.0305836200714111,0.7841084003448486
2024-06-29,AL022024,11.0,2024-07-05 12:00:00,6 days 12:00:00,16.09,-92.29,999.9,43.6,27.401803970336918,12.70117473602295,5.104776382446289,2.83485746383667,5.230030059814453,0.828728199005127,1.0305689573287964,1.4967424869537354,1.3019307851791382,1.0404820442199707,1.5136042833328247,1.693493366241455,1.2319331169128418
2024-06-29,AL022024,12.0,2024-06-29 00:00:00,0 days 00:00:00,9.2,-43.1,1006.0,35.0,74.07997303488982,74.07997303488982,0.0,0.0,74.07997303488982,,,,,,,,
2024-06-29,AL022024,12.0,2024-06-29 06:00:00,0 days 06:00:00,9.17,-45.31,1002.6,42.0,60.883277893066406,33.799068450927734,19.4565544128418,4.175569534301758,25.78334617614746,1.3357529640197754,0.0140775665640831,0.0,0.2616935968399048,0.2355888932943344,0.0,0.0218094903975725,0.0958434045314788
2024-06-29,AL022024,12.0,2024-06-29 12:00:00,0 days 12:00:00,9.94,-46.36,999.4,47.8,61.36287689208984,39.05992889404297,22.237422943115234,11.568503379821776,30.126832962036133,4.636084079742432,2.203258991241455,1.0600112676620483,2.7984957695007324,0.2081271708011627,0.0,0.0,0.1664550155401229
2024-06-29,AL022024,12.0,2024-06-29 18:00:00,0 days 18:00:00,10.09,-48.52,992.3,67.5,15.52483367919922,106.06897735595705,78.53858947753906,57.58850860595703,91.44718170166016,50.37074279785156,38.91839599609375,27.88349151611328,43.45367431640625,21.210935592651367,17.22684669494629,12.577092170715332,17.842252731323242
2024-06-29,AL022024,12.0,2024-06-30 00:00:00,1 days 00:00:00,10.74,-50.65,980.3,81.1,18.521677017211918,90.76561737060548,73.0268325805664,51.4588623046875,80.03990936279297,43.52679061889648,34.08877182006836,27.46674156188965,37.30430603027344,23.094038009643555,20.029172897338867,15.830817222595217,20.40115737915039
2024-06-29,AL022024,12.0,2024-06-30 06:00:00,1 days 06:00:00,10.56,-52.07,986.7,75.6,17.59215545654297,93.45905303955078,70.5973892211914,50.00798034667969,76.08931732177734,42.12190246582031,31.83795738220215,21.58275604248047,36.11366653442383,15.755496978759766,11.793200492858888,8.721372604370117,13.342827796936035
2024-06-29,AL022024,12.0,2024-06-30 12:00:00,1 days 12:00:00,10.79,-54.03,982.1,82.4,13.564573287963867,102.3145751953125,81.75483703613281,54.35626220703125,89.44361114501953,55.68283462524414,43.52643585205078,33.77117919921875,48.28257751464844,31.889856338500977,27.17926597595215,21.256866455078125,27.509605407714844
2024-06-29,AL022024,12.0,2024-06-30 18:00:00,1 days 18:00:00,11.05,-55.48,981.8,81.0,24.49191665649414,108.87225341796876,84.11546325683594,57.60176086425781,89.8689956665039,52.9879035949707,41.44110107421875,30.37721824645996,46.052513122558594,27.001001358032227,22.2537899017334,17.178123474121094,23.14078521728516
2024-06-29,AL022024,12.0,2024-07-01 00:00:00,2 days 00:00:00,11.13,-57.55,968.9,98.1,31.306127548217773,135.8596649169922,106.83435821533205,77.27729797363281,118.66740417480467,66.23046875,52.66765213012695,40.093448638916016,58.0201301574707,37.61240005493164,31.02467918395996,24.93515968322754,32.463829040527344
2024-06-29,AL022024,12.0,2024-07-01 06:00:00,2 days 06:00:00,11.15,-58.77,958.2,106.8,36.961029052734375,147.229248046875,122.3132095336914,91.8734359741211,129.2506103515625,72.08769989013672,60.41661834716797,49.54160690307617,63.65172576904297,40.98185729980469,35.868003845214844,30.171218872070312,36.64974594116211
2024-06-29,AL022024,12.0,2024-07-01 12:00:00,2 days 12:00:00,11.71,-60.63,976.0,87.4,28.024219512939453,172.7759552001953,130.32322692871094,90.03778839111328,146.03904724121094,88.55722045898438,69.42308044433594,51.14080047607422,75.83307647705078,45.59102249145508,37.29300308227539,29.06340789794922,38.52047348022461
2024-06-29,AL022024,12.0,2024-07-01 18:00:00,2 days 18:00:00,12.22,-62.22,963.4,104.2,35.13676071166992,139.96246337890625,106.98007202148438,63.58730316162109,114.76171875,67.97071075439453,51.64765930175781,35.90910720825195,57.02604675292969,37.76770782470703,29.88587188720703,23.373924255371094,31.913816452026367
2024-06-29,AL022024,12.0,2024-07-02 00:00:00,3 days 00:00:00,12.78,-64.2,950.9,115.6,34.204307556152344,193.727783203125,155.5583038330078,109.30455017089844,168.15853881835938,94.65662384033205,76.36559295654297,58.71487045288086,81.96600341796875,54.68506622314453,45.420440673828125,37.1707763671875,47.137149810791016
2024-06-29,AL022024,12.0,2024-07-02 06:00:00,3 days 06:00:00,13.33,-66.04,959.6,108.4,31.39731216430664,156.49037170410156,117.43449401855467,68.70421600341797,126.63201141357422,73.86306762695312,57.126258850097656,41.80834579467773,61.84585571289063,40.207664489746094,32.40822219848633,26.52206420898437,34.535736083984375
2024-06-29,AL022024,12.0,2024-07-02 12:00:00,3 days 12:00:00,13.82,-67.96,962.7,104.9,19.04410743713379,188.6217193603516,147.42420959472656,91.44158935546876,151.70758056640625,82.98139190673828,65.58629608154297,45.7084846496582,68.49031829833984,36.42937850952149,28.218090057373047,22.541688919067383,30.630258560180664
2024-06-29,AL022024,12.0,2024-07-02 18:00:00,3 days 18:00:00,14.65,-70.1,963.7,102.1,32.28627014160156,165.15159606933594,130.24815368652344,81.34201049804688,136.27210998535156,79.35569763183594,61.93427276611328,44.31309509277344,66.2693099975586,40.17637634277344,31.822895050048828,25.05076026916504,33.5379753112793
2024-06-29,AL022024,12.0,2024-07-03 00:00:00,4 days 00:00:00,14.97,-72.42,967.0,97.8,32.67634582519531,204.7885284423828,159.17393493652344,98.8928680419922,167.56431579589844,89.22746276855469,70.61874389648438,48.289817810058594,73.05403137207031,36.991729736328125,28.761075973510746,22.39662742614746,30.49342155456543
2024-06-29,AL022024,12.0,2024-07-03 06:00:00,4 days 06:00:00,15.13,-74.55,969.1,95.0,10.204134941101074,123.27717590332033,100.5556182861328,78.4295425415039,102.56832885742188,59.54656982421875,50.43510437011719,40.94622802734375,53.85883331298828,32.69926834106445,28.672481536865234,24.102209091186523,29.46581077575684
2024-06-29,AL022024,12.0,2024-07-03 12:00:00,4 days 12:00:00,15.55,-76.67,988.4,69.6,33.25885772705078,185.83978271484372,140.9424591064453,89.66654205322266,152.2987060546875,83.20665740966797,64.96879577636719,43.05150985717773,67.42689514160156,27.571613311767575,20.340408325195312,14.288201332092283,21.693458557128903
2024-06-29,AL022024,12.0,2024-07-03 18:00:00,4 days 18:00:00,15.6,-78.69,984.2,74.2,55.98631286621094,182.8970947265625,139.2351531982422,99.27389526367188,154.435302734375,90.53397369384766,72.24371337890625,52.415557861328125,75.60132598876953,38.05097198486328,30.581233978271484,23.37138557434082,31.328767776489254
2024-06-29,AL022024,12.0,2024-07-04 00:00:00,5 days 00:00:00,15.95,-80.15,982.5,77.8,31.61487197875977,205.05274963378903,157.76023864746094,104.96208953857422,171.24627685546875,103.20207977294922,84.51556396484375,63.48585891723633,88.91446685791016,50.533836364746094,42.5549201965332,33.54625701904297,42.460975646972656
2024-06-29,AL022024,12.0,2024-07-04 06:00:00,5 days 06:00:00,15.71,-81.74,973.3,87.9,39.528564453125,184.11534118652344,136.21559143066406,82.93965911865234,148.6302490234375,81.08207702636719,62.32527542114258,43.85775375366211,67.19261169433594,35.609317779541016,28.34811782836914,22.131580352783203,30.033897399902344
2024-06-29,AL022024,12.0,2024-07-04 12:00:00,5 days 12:00:00,16.3,-83.59,975.9,83.4,35.72542953491211,162.11404418945312,126.22850036621094,83.41160583496094,135.4593505859375,76.860107421875,60.91532516479492,44.50217056274414,65.46520233154297,35.43275833129883,28.42274475097656,22.662485122680664,30.01192092895508
2024-06-29,AL022024,12.0,2024-07-04 18:00:00,5 days 18:00:00,16.49,-85.38,983.0,73.1,39.758094787597656,101.34512329101562,77.8211898803711,50.18567657470703,86.72919464111328,48.87563705444336,37.60783386230469,27.31073570251465,41.92632293701172,22.887859344482425,18.021638870239254,14.079787254333496,19.263919830322266
2024-06-29,AL022024,12.0,2024-07-05 00:00:00,6 days 00:00:00,16.64,-86.8,982.9,72.7,35.83433532714844,143.28726196289062,111.83271026611328,76.45854949951172,120.28994750976562,63.70180130004883,49.70094299316406,36.14596176147461,54.15901565551758,31.376880645751957,25.918346405029297,20.12108039855957,26.44366455078125
2024-06-29,AL022024,12.0,2024-07-05 06:00:00,6 days 06:00:00,16.48,-88.36,976.5,78.9,51.7978515625,171.41957092285156,138.8663787841797,98.5899429321289,144.30677795410156,70.60057830810547,56.76280975341797,41.147369384765625,58.80343627929688,29.460060119628903,23.43528175354004,18.888715744018555,24.62895965576172
2024-06-29,AL022024,12.0,2024-07-05 12:00:00,6 days 12:00:00,16.64,-89.39,989.6,59.5,25.90781021118164,165.5917205810547,139.0006103515625,102.69725036621094,139.1068572998047,72.86565399169922,60.58196258544922,43.888450622558594,61.4357795715332,19.59024429321289,14.563112258911133,11.379542350769045,15.791289329528809
2024-06-29,AL022024,12.0,2024-07-05 18:00:00,6 days 18:00:00,16.65,-90.51,994.6,51.3,25.807037353515625,110.14806365966795,86.99818420410156,67.7211685180664,89.5597915649414,36.655303955078125,28.51233291625977,20.87978172302246,30.517871856689453,2.7147202491760254,1.2632375955581665,0.1369759291410446,2.3238673210144043
2024-06-29,AL022024,12.0,2024-07-06 00:00:00,7 days 00:00:00,17.11,-91.27,996.5,45.4,14.384472846984863,37.40388107299805,29.6066837310791,20.12730026245117,28.600303649902344,4.138559341430664,3.1263012886047363,1.3714067935943604,3.116241931915283,0.3994591534137726,0.3862825930118561,0.3845999836921692,0.3385592401027679
2024-06-29,AL022024,12.0,2024-07-06 06:00:00,7 days 06:00:00,17.42,-92.63,1006.7,27.8,53.2348747253418,10.310218811035156,5.324124336242676,1.1001524925231934,3.34725022315979,0.0,0.0,0.0526291914284229,0.0,0.0932414159178733,0.2154989242553711,0.3809994459152221,0.1061843484640121
2024-06-29,AL022024,12.0,2024-07-06 12:00:00,7 days 12:00:00,17.22,-93.63,1005.6,29.1,30.94449615478516,7.744985580444336,6.552987575531006,0.0,3.566625595092773,0.5272332429885864,0.186230182647705,0.0019678571261465,0.0045631639659404,0.0858118757605552,0.2149169892072677,0.1711844503879547,0.0
2024-06-29,AL022024,12.0,2024-07-06 18:00:00,7 days 18:00:00,17.72,-94.45,1005.2,30.7,59.4368896484375,12.552118301391602,6.549910545349121,0.8111917972564697,5.601527214050293,1.2517684698104858,0.7432541251182556,0.5122676491737366,1.0465079545974731,0.6142047643661499,0.6405754089355469,0.5560033321380615,0.5852834582328796
2024-06-29,AL022024,12.0,2024-07-07 00:00:00,8 days 00:00:00,17.82,-94.76,1006.5,25.6,109.70663452148438,13.590643882751465,9.894660949707031,5.323884010314941,10.82538890838623,0.6310736536979675,0.5706981420516968,0.3800253570079803,0.8805921077728271,0.3252764642238617,0.2583058178424835,0.2613992393016815,0.2191287130117416
2024-06-29,AL022024,12.0,2024-07-07 06:00:00,8 days 06:00:00,18.07,-95.79,1008.5,26.3,56.61563873291016,12.779969215393066,7.379866600036621,2.278655529022217,7.906907081604004,0.5351969599723816,0.0312373843044042,0.531843900680542,0.8556592464447021,0.262675940990448,0.4977356493473053,0.6751347780227661,0.3564503192901611
2024-06-29,AL022024,12.0,2024-07-07 12:00:00,8 days 12:00:00,17.69,-96.9,1003.3,26.2,142.0880889892578,8.205780029296875,6.267763614654541,6.143799781799316,7.570685863494873,0.0,0.0,2.2746856212615967,0.7931186556816101,0.0286784581840038,1.146920084953308,1.2232418060302734,0.6470741629600525
2024-06-29,AL022024,13.0,2024-06-29 00:00:00,0 days 00:00:00,9.2,-43.1,1006.0,35.0,74.07997303488982,74.07997303488982,0.0,0.0,74.07997303488982,,,,,,,,
2024-06-29,AL022024,13.0,2024-06-29 06:00:00,0 days 06:00:00,9.62,-44.51,994.7,55.8,34.50920486450195,78.84076690673828,63.01518630981445,49.220211029052734,62.56499099731445,19.597900390625,13.708174705505373,8.726688385009766,14.042800903320312,0.1577221453189849,0.0,0.0,0.1000968739390373
2024-06-29,AL022024,13.0,2024-06-29 12:00:00,0 days 12:00:00,9.69,-46.46,997.5,54.7,49.89068222045898,104.27832794189452,81.64896392822266,54.84552001953125,88.99378967285156,21.65699005126953,13.968584060668944,8.770352363586426,16.0616455078125,0.4890309870243072,0.0,0.0,0.1301818192005157
2024-06-29,AL022024,13.0,2024-06-29 18:00:00,0 days 18:00:00,9.88,-48.57,984.9,74.6,14.22732925415039,75.09935760498047,55.200984954833984,44.41279602050781,62.66153717041016,26.60429000854492,19.673185348510746,13.599937438964844,21.529052734375,6.569083213806152,4.888075351715088,3.635014772415161,5.820162773132324
2024-06-29,AL022024,13.0,2024-06-30 00:00:00,1 days 00:00:00,10.49,-50.36,1001.5,53.0,41.37848281860352,70.40701293945312,49.59135055541992,32.159114837646484,57.20521926879883,21.123231887817383,15.16433048248291,9.399065971374512,15.650099754333496,1.001503825187683,0.1688103079795837,0.0,0.4081622362136841
2024-06-29,AL022024,13.0,2024-06-30 06:00:00,1 days 06:00:00,11.12,-51.4,1002.9,46.2,38.85013961791992,25.1501579284668,19.942352294921875,6.811776638031006,15.653810501098633,2.8402113914489746,1.3457711935043335,0.0,1.1420258283615112,0.0558931827545166,0.0,0.0,0.0163432490080595
2024-06-29,AL022024,13.0,2024-06-30 12:00:00,1 days 12:00:00,11.2,-53.16,1003.1,49.7,35.47867965698242,76.28012084960938,60.33345413208008,43.46219253540039,59.63842010498047,2.674832582473755,0.952152669429779,0.0,1.6285576820373535,0.0,0.0,0.0,0.1211176514625549
2024-06-29,AL022024,13.0,2024-06-30 18:00:00,1 days 18:00:00,11.84,-54.95,1004.1,41.4,70.42027282714844,90.31521606445312,74.6435775756836,49.59651184082031,70.09457397460938,4.514016628265381,2.023547649383545,0.01915611512959,2.4545018672943115,0.1535014063119888,0.015367972664535,0.0,0.0703069642186164
2024-06-29,AL022024,13.0,2024-07-01 00:00:00,2 days 00:00:00,12.2,-56.71,999.3,50.4,60.94731903076172,84.14881896972656,60.34614944458008,35.89055252075195,69.35974884033203,25.63896751403809,18.2136287689209,11.298996925354004,18.81107521057129,0.981456696987152,0.0,0.0,0.1236195787787437
2024-06-29,AL022024,13.0,2024-07-01 06:00:00,2 days 06:00:00,12.45,-58.84,998.9,53.4,57.14831161499024,98.42018127441406,72.23303985595703,44.77186965942383,79.06798553466797,26.751379013061523,18.255359649658203,12.000200271606444,19.52598571777344,0.787582278251648,0.0,0.0,0.0
2024-06-29,AL022024,13.0,2024-07-01 12:00:00,2 days 12:00:00,12.93,-60.39,992.0,64.0,50.86724472045898,150.7933807373047,117.34038543701172,78.01319885253906,124.83790588378906,62.65841674804688,49.24774932861328,36.74845504760742,50.88603973388672,17.498523712158203,14.363448143005373,10.891023635864258,14.890732765197754
2024-06-29,AL022024,13.0,2024-07-01 18:00:00,2 days 18:00:00,13.46,-62.26,984.4,80.0,35.38667297363281,123.98702239990234,96.4242935180664,61.51949691772461,102.97010040283205,54.06859588623047,41.3729248046875,31.062280654907227,45.59947204589844,24.26651382446289,19.851356506347656,16.41645050048828,21.064437866210938
2024-06-29,AL022024,13.0,2024-07-02 00:00:00,3 days 00:00:00,14.11,-64.15,973.6,93.0,21.61389923095703,145.9788818359375,115.51647186279295,78.53759765625,121.9137191772461,62.172000885009766,49.15049362182617,38.30965423583984,52.93268966674805,29.58436393737793,25.450807571411133,21.287452697753903,26.104949951171875
2024-06-29,AL022024,13.0,2024-07-02 06:00:00,3 days 06:00:00,14.6,-65.79,969.8,97.7,16.806795120239258,137.96368408203125,108.41576385498048,73.37384033203125,115.21208190917967,68.25273895263672,54.84019470214844,44.24196243286133,59.8284912109375,37.47450637817383,32.235599517822266,27.24614715576172,33.072532653808594
2024-06-29,AL022024,13.0,2024-07-02 12:00:00,3 days 12:00:00,15.29,-67.89,962.5,105.6,47.96426010131836,145.8939208984375,112.71246337890624,78.7823486328125,125.04862213134766,63.41344833374024,48.94028091430664,38.93660354614258,55.65875244140625,34.11486053466797,28.229894638061523,24.035009384155277,30.3708553314209
2024-06-29,AL022024,13.0,2024-07-02 18:00:00,3 days 18:00:00,16.21,-70.16,990.9,64.7,61.39355850219727,139.00274658203125,104.83948516845705,67.52523803710938,116.26825714111328,62.84140396118164,49.12791442871094,37.14405822753906,51.38044357299805,20.075279235839844,16.34214210510254,12.84347438812256,16.93369483947754
2024-06-29,AL022024,13.0,2024-07-03 00:00:00,4 days 00:00:00,16.46,-72.75,997.2,52.8,73.1571044921875,95.66423034667967,71.68319702148438,41.43810272216797,72.8151626586914,17.475196838378906,11.070910453796388,5.6018147468566895,12.03093433380127,1.1060837507247925,0.1323611587285995,0.0,0.521641731262207
2024-06-29,AL022024,13.0,2024-07-03 06:00:00,4 days 06:00:00,16.57,-75.39,997.0,56.1,78.873046875,125.27108764648438,93.65758514404295,57.264896392822266,101.44338989257812,31.53896713256836,21.43143081665039,13.759894371032717,23.56787872314453,1.404940485954285,0.0038855308666825,0.0,0.6192449331283569
2024-06-29,AL022024,13.0,2024-07-03 12:00:00,4 days 12:00:00,16.78,-77.38,998.3,50.1,50.28365707397461,159.76025390625,134.9607696533203,92.78239440917967,122.93567657470705,12.294102668762209,6.571496486663818,2.031532526016236,8.322754859924316,0.2295939028263092,0.0,0.0,0.2009195387363433
2024-06-29,AL022024,13.0,2024-07-03 18:00:00,4 days 18:00:00,17.03,-79.26,994.7,60.0,44.71083450317383,201.33045959472656,165.6216583251953,114.36624145507812,160.82818603515625,48.07184219360352,37.032501220703125,23.608211517333984,36.15430450439453,1.571917176246643,0.1549505293369293,0.0,0.473431795835495
2024-06-29,AL022024,13.0,2024-07-04 00:00:00,5 days 00:00:00,17.4,-81.46,991.1,65.1,71.55471801757812,129.49505615234375,105.25880432128906,65.50749969482422,105.42784118652344,54.40020751953125,42.86398315429688,31.107393264770508,43.99203872680664,16.56958770751953,13.452718734741213,10.47881317138672,13.735008239746094
2024-06-29,AL022024,13.0,2024-07-04 06:00:00,5 days 06:00:00,17.9,-82.71,988.7,69.7,42.65252685546875,158.39654541015625,123.50950622558594,83.00749206542969,127.89241027832033,43.21501541137695,31.23765754699707,20.33858871459961,32.60624694824219,3.770156145095825,1.7278549671173096,0.2942070662975311,2.34295392036438
2024-06-29,AL022024,13.0,2024-07-04 12:00:00,5 days 12:00:00,17.63,-84.5,994.1,58.9,38.22030258178711,110.16187286376952,83.652099609375,52.18232727050781,84.6255111694336,22.771379470825195,14.95137882232666,7.630441188812256,16.6448917388916,0.3747709989547729,0.0,0.0,0.0
2024-06-29,AL022024,13.0,2024-07-04 18:00:00,5 days 18:00:00,17.96,-86.08,988.1,65.4,29.72434425354004,117.67972564697266,91.6717758178711,60.09577560424805,95.23400115966795,36.791786193847656,26.267602920532227,17.046539306640625,28.31295394897461,3.923196792602539,2.35094690322876,0.7663571834564209,2.9641976356506348
2024-06-29,AL022024,13.0,2024-07-05 00:00:00,6 days 00:00:00,18.18,-87.78,983.7,69.1,29.823034286499023,143.20143127441406,115.11052703857422,77.09156036376953,116.51314544677734,34.114891052246094,23.0626220703125,13.492803573608398,25.59879875183105,1.9427775144577024,0.0,0.0,0.984653115272522
2024-06-29,AL022024,13.0,2024-07-05 06:00:00,6 days 06:00:00,18.42,-89.29,995.3,50.4,63.203311920166016,70.44883728027344,48.53132247924805,25.12421989440918,55.92873001098633,13.121942520141602,7.56093168258667,3.8499040603637695,9.11106777191162,0.8406047224998474,0.0,0.0,0.3833504617214203
2024-06-29,AL022024,13.0,2024-07-05 12:00:00,6 days 12:00:00,18.76,-90.75,998.0,46.2,84.6297607421875,105.3164520263672,83.79487609863281,54.46488952636719,80.3897476196289,18.34947395324707,12.922350883483888,7.252890110015869,13.41470718383789,0.9308903813362122,0.0,0.0,0.3903554081916809
2024-06-29,AL022024,13.0,2024-07-05 18:00:00,6 days 18:00:00,19.17,-91.71,997.5,48.6,39.63291549682617,18.22038078308105,12.719866752624512,1.4823005199432373,12.0386962890625,1.8643096685409544,0.0445974096655845,0.0,0.5840196013450623,0.5059583783149719,0.0673099383711814,0.0,0.3168101012706756
2024-06-29,AL022024,13.0,2024-07-06 00:00:00,7 days 00:00:00,19.09,-93.33,996.1,51.0,38.404029846191406,60.4605827331543,47.03302383422852,27.708465576171875,45.79485702514648,2.8023340702056885,0.0056125707924366,0.0,2.179574728012085,0.2853706479072571,0.147822767496109,0.0,0.438548594713211
2024-06-29,AL022024,13.0,2024-07-06 06:00:00,7 days 06:00:00,19.04,-94.69,992.3,58.9,51.91471481323242,108.50675964355467,83.14461517333984,55.02421188354492,91.22832489013672,33.09572219848633,24.23633575439453,16.66969108581543,25.76857185363769,2.516645193099976,0.926041841506958,0.0,1.3859599828720093
2024-06-29,AL022024,13.0,2024-07-06 12:00:00,7 days 12:00:00,18.13,-95.52,992.9,57.4,25.39461326599121,87.84601593017578,70.12509155273438,49.46438217163086,74.21036529541016,18.73108673095703,12.81931495666504,9.111069679260254,14.704140663146973,1.7811455726623535,0.9416862726211548,0.1804706156253814,1.1402965784072876
2024-06-29,AL022024,13.0,2024-07-06 18:00:00,7 days 18:00:00,17.79,-96.28,996.2,46.6,33.705989837646484,18.18846702575684,13.734647750854492,9.052129745483398,19.568758010864254,4.18635892868042,2.2485251426696777,4.069552421569824,5.960663795471191,0.3665342926979065,0.3457117974758148,0.0,1.0483946800231934
2024-06-29,AL022024,13.0,2024-07-07 00:00:00,8 days 00:00:00,17.81,-96.81,1003.1,28.9,97.37464141845705,8.501997947692871,6.281060695648193,3.81343150138855,5.253145694732666,0.9923748970031738,1.5195534229278564,0.5370239615440369,0.4346661567687988,0.024914663285017,0.379344493150711,0.5218127965927124,0.3377247750759125
2024-06-29,AL022024,14.0,2024-06-29 00:00:00,0 days 00:00:00,9.2,-43.1,1006.0,35.0,74.07997303488982,74.07997303488982,0.0,0.0,74.07997303488982,,,,,,,,
2024-06-29,AL022024,14.0,2024-06-29 06:00:00,0 days 06:00:00,9.77,-44.91,996.9,51.1,70.26290130615234,56.22968292236328,40.237831115722656,25.933109283447266,47.39506530761719,11.441306114196776,6.845776081085205,3.682638168334961,8.19350528717041,0.1645233929157257,0.0,0.0,0.0
2024-06-29,AL022024,14.0,2024-06-29 12:00:00,0 days 12:00:00,9.69,-46.59,994.5,61.6,30.98164939880371,104.16997528076172,82.08174896240234,66.24495697021484,89.13285827636719,34.27461242675781,26.825942993164062,19.93334579467773,27.81821632385254,7.2133588790893555,5.854741096496582,4.361757755279541,6.410597801208496
2024-06-29,AL022024,14.0,2024-06-29 18:00:00,0 days 18:00:00,9.69,-48.4,989.6,66.1,36.494571685791016,117.42928314208984,92.44095611572266,69.01033782958984,102.75062561035156,53.90275192260742,43.22127914428711,33.520042419433594,44.60713195800781,18.216157913208008,15.18620777130127,12.22674560546875,15.615071296691896
2024-06-29,AL022024,14.0,2024-06-30 00:00:00,1 days 00:00:00,10.26,-50.35,996.2,58.5,57.2939453125,79.9112319946289,59.66356658935547,39.49119186401367,66.04623413085938,23.69651222229004,16.699068069458008,10.7265625,17.304651260375977,1.463087558746338,0.3807942271232605,0.0,0.7216681241989136
2024-06-29,AL022024,14.0,2024-06-30 06:00:00,1 days 06:00:00,10.48,-52.22,992.2,65.1,44.27135467529297,107.68375396728516,84.29511260986328,57.50471496582031,91.12493896484376,45.81220245361328,36.21559524536133,26.33683204650879,36.843055725097656,12.5125732421875,9.886547088623049,7.444984912872314,10.533082008361816
2024-06-29,AL022024,14.0,2024-06-30 12:00:00,1 days 12:00:00,10.84,-53.8,998.0,58.9,31.53487968444824,105.8656234741211,80.85472106933594,56.465782165527344,88.7646713256836,42.39397048950195,32.58011245727539,23.151460647583008,32.94230270385742,7.426644802093506,5.279346466064453,3.5816261768341064,5.719174861907959
2024-06-29,AL022024,14.0,2024-06-30 18:00:00,1 days 18:00:00,11.49,-55.52,997.1,57.1,36.2852897644043,98.49555206298828,74.935546875,48.98887252807617,78.41095733642578,27.31458854675293,19.42791748046875,12.237764358520508,19.52900695800781,0.7740017175674438,0.0,0.0,0.0
2024-06-29,AL022024,14.0,2024-07-01 00:00:00,2 days 00:00:00,11.54,-57.39,993.5,61.1,55.56861877441406,97.40158081054688,73.74076080322266,52.87035751342773,84.55551147460938,38.78909683227539,29.76534080505371,22.02939987182617,31.11000633239746,9.867008209228516,7.335258960723877,5.603187084197998,8.017579078674316
2024-06-29,AL022024,14.0,2024-07-01 06:00:00,2 days 06:00:00,11.61,-59.38,995.8,57.4,59.669376373291016,102.9698257446289,73.93367004394531,46.149559020996094,84.28546905517578,37.7842025756836,27.262948989868164,18.889793395996094,28.71797561645508,4.288714408874512,2.301570415496826,0.8418440222740173,2.928356170654297
2024-06-29,AL022024,14.0,2024-07-01 12:00:00,2 days 12:00:00,11.62,-60.85,995.6,58.9,61.080814361572266,165.13490295410156,127.1374740600586,82.08733367919922,138.79348754882812,68.70506286621094,53.68312072753906,39.46556091308594,54.27994155883789,13.10341453552246,10.233966827392578,7.00993537902832,10.416437149047852
2024-06-29,AL022024,14.0,2024-07-01 18:00:00,2 days 18:00:00,12.47,-62.51,986.7,73.9,43.24991226196289,122.9654769897461,92.9883041381836,53.919429779052734,97.28993225097656,48.2598762512207,35.32964324951172,24.210664749145508,38.411376953125,17.470426559448242,13.310521125793455,10.691425323486328,14.476237297058104
2024-06-29,AL022024,14.0,2024-07-02 00:00:00,3 days 00:00:00,13.09,-64.5,980.4,81.0,26.79139709472656,145.58404541015625,119.28872680664062,79.7020263671875,122.09354400634766,63.23960876464844,50.84967803955078,39.10115432739258,53.06019592285156,27.05481719970703,22.92936515808105,18.729780197143555,23.36960792541504
2024-06-29,AL022024,14.0,2024-07-02 06:00:00,3 days 06:00:00,13.97,-66.14,988.8,71.0,29.37740135192871,166.054931640625,134.35897827148438,96.38760375976562,139.29127502441406,73.94684600830078,60.54235458374024,46.27967834472656,61.58220291137695,26.24881935119629,22.061559677124023,17.961063385009766,22.37959098815918
2024-06-29,AL022024,14.0,2024-07-02 12:00:00,3 days 12:00:00,14.36,-68.0,978.5,85.9,38.71464920043945,165.32723999023438,129.9783477783203,83.42007446289062,137.97506713867188,76.42634582519531,60.78362274169922,47.75442123413086,65.0440444946289,37.08446502685547,31.2885684967041,26.234588623046875,32.046730041503906
2024-06-29,AL022024,14.0,2024-07-02 18:00:00,3 days 18:00:00,15.04,-70.22,987.2,74.4,25.84060287475586,129.13778686523438,100.48592376708984,60.96803283691406,101.82389831542967,48.21555709838867,36.48548126220703,24.94714736938477,37.69548797607422,13.727291107177734,10.473297119140623,8.151514053344727,11.070098876953123
2024-06-29,AL022024,14.0,2024-07-03 00:00:00,4 days 00:00:00,15.54,-72.55,991.4,64.0,55.27376937866211,170.1329345703125,138.08544921875,90.4407730102539,140.40489196777344,80.85115051269531,66.63899230957031,51.805362701416016,67.5727310180664,32.07868957519531,27.50469207763672,22.64704322814941,27.252620697021484
2024-06-29,AL022024,14.0,2024-07-03 06:00:00,4 days 06:00:00,16.02,-74.56,988.3,69.6,32.166316986083984,173.6916961669922,133.04367065429688,88.53656768798828,144.88412475585938,84.54216003417969,68.32083892822266,52.63715362548828,70.76238250732422,30.35005760192871,25.619773864746094,20.605016708374023,26.04677391052246
2024-06-29,AL022024,14.0,2024-07-03 12:00:00,4 days 12:00:00,16.2,-76.3,986.3,69.0,47.89963150024414,195.75552368164065,152.6842498779297,98.82159423828124,166.6871337890625,80.80879974365234,62.79998397827149,46.80655288696289,66.85941314697266,25.95573616027832,20.718238830566406,15.749116897583008,22.02587890625
2024-06-29,AL022024,14.0,2024-07-03 18:00:00,4 days 18:00:00,16.73,-78.24,985.8,69.2,62.19265365600586,118.62299346923828,82.12102508544922,47.732688903808594,97.1940689086914,42.34054946899414,28.68516159057617,19.81949806213379,34.03102493286133,12.155468940734863,8.654780387878418,6.258507251739502,10.566645622253418
2024-06-29,AL022024,14.0,2024-07-04 00:00:00,5 days 00:00:00,16.73,-79.72,974.2,88.8,44.53048324584961,163.30726623535156,131.16566467285156,86.80451965332031,136.7913818359375,66.54264068603516,51.77471160888672,40.038970947265625,56.534481048583984,32.33891296386719,26.715984344482425,22.18082618713379,27.85653305053711
2024-06-29,AL022024,14.0,2024-07-04 06:00:00,5 days 06:00:00,16.83,-81.48,973.5,92.5,22.37471580505371,149.80499267578125,115.05783081054688,77.24858856201172,124.32514190673828,71.16901397705078,56.33708190917969,43.70156478881836,62.26200485229492,36.45645904541016,30.636695861816406,25.621374130249023,31.849136352539062
2024-06-29,AL022024,14.0,2024-07-04 12:00:00,5 days 12:00:00,17.45,-83.15,972.8,88.9,39.28501892089844,156.89598083496094,121.81437683105467,84.06556701660156,131.34201049804688,70.01008605957031,55.28978729248047,42.367584228515625,61.35898208618164,37.70663833618164,31.24045181274414,26.232112884521484,32.9912109375
2024-06-29,AL022024,14.0,2024-07-04 18:00:00,5 days 18:00:00,17.54,-85.08,981.2,76.4,43.768924713134766,132.140869140625,101.6928939819336,63.72859191894531,108.24567413330078,43.96144104003906,31.11129570007324,20.544818878173828,34.47040557861328,9.562623977661133,6.575019836425781,4.437656879425049,7.81392240524292
2024-06-29,AL022024,14.0,2024-07-05 00:00:00,6 days 00:00:00,17.45,-86.78,988.7,62.9,26.31473159790039,149.95651245117188,116.09526824951172,80.70455932617188,122.9913101196289,45.44601058959961,33.925174713134766,21.590410232543945,34.69221496582031,4.641149997711182,2.3091416358947754,0.6939067840576172,3.1021265983581543
2024-06-29,AL022024,14.0,2024-07-05 06:00:00,6 days 06:00:00,17.2,-88.12,989.2,64.0,32.95281982421875,118.01773834228516,87.13605499267578,61.13161849975586,102.24451446533205,54.69282150268555,42.47529602050781,32.792015075683594,46.85394287109375,19.405492782592773,15.594144821166992,12.466035842895508,16.71778678894043
2024-06-29,AL022024,14.0,2024-07-05 12:00:00,6 days 12:00:00,17.1,-89.19,988.5,62.3,26.72659683227539,107.02056121826172,85.36180114746094,57.795528411865234,86.58020782470703,30.43972396850586,22.48911476135254,14.127513885498049,23.170372009277344,2.2853200435638428,0.7378986477851868,0.0,1.3067431449890137
2024-06-29,AL022024,14.0,2024-07-05 18:00:00,6 days 18:00:00,17.52,-90.34,998.0,47.0,30.419172286987305,44.9541244506836,31.692289352416992,16.864242553710938,32.60212707519531,5.118895053863525,2.068518877029419,0.1289687156677246,3.2218165397644043,0.1379010081291198,0.0,0.0,0.0866572111845016
2024-06-29,AL022024,14.0,2024-07-06 00:00:00,7 days 00:00:00,17.54,-91.17,1003.3,36.5,43.25255584716797,47.90191268920898,40.41450500488281,23.67355155944824,34.969093322753906,2.3481523990631104,1.732152819633484,0.0,1.3101015090942385,0.0,0.0,0.0,0.0
2024-06-29,AL022024,14.0,2024-07-06 06:00:00,7 days 06:00:00,17.9,-92.38,1001.7,40.2,44.38671112060547,58.15036392211914,46.69783020019531,28.479228973388672,44.99565887451172,5.862438201904297,3.5158021450042725,1.648931860923767,4.128364562988281,0.3897508382797241,0.2027366161346435,0.0,0.1484611332416534
2024-06-29,AL022024,14.0,2024-07-06 12:00:00,7 days 12:00:00,17.34,-93.96,1002.4,35.7,81.00740814208984,37.86420822143555,28.853683471679688,18.259929656982425,28.252513885498047,2.462181568145752,1.4152711629867554,0.3613233864307403,1.7726037502288818,0.3964925706386566,0.1922279894351959,0.0067830923944711,0.1891291886568069
2024-06-29,AL022024,14.0,2024-07-06 18:00:00,7 days 18:00:00,16.99,-94.27,1006.5,26.2,53.69522476196289,0.0,0.0,1.1250290870666504,0.0,0.831176221370697,0.5671219229698181,0.8559743165969849,0.5408955216407776,0.0,0.0,0.0484404414892196,0.0
2024-06-29,AL022024,14.0,2024-07-07 00:00:00,8 days 00:00:00,16.69,-94.73,1005.2,30.8,41.81038665771485,20.22700881958008,16.7480411529541,10.123469352722168,13.603995323181152,1.4601539373397827,1.812603235244751,0.716791570186615,0.9714957475662231,0.0,0.0,0.0873792842030525,0.0
2024-06-29,AL022024,15.0,2024-06-29 00:00:00,0 days 00:00:00,9.2,-43.1,1006.0,35.0,74.07997303488982,74.07997303488982,0.0,0.0,74.07997303488982,,,,,,,,
2024-06-29,AL022024,15.0,2024-06-29 06:00:00,0 days 06:00:00,9.53,-44.81,1000.0,50.8,29.373157501220703,63.47069549560547,48.00435256958008,32.06258773803711,50.505104064941406,6.859101295471191,3.1997110843658447,0.49251589179039,4.900113582611084,0.0543453805148601,0.0,0.0,0.0
2024-06-29,AL022024,15.0,2024-06-29 12:00:00,0 days 12:00:00,9.85,-46.5,999.6,53.4,28.00608253479004,85.39861297607422,63.02628326416016,43.073726654052734,69.08187103271484,24.371810913085938,16.480966567993164,10.101101875305176,17.771203994750977,0.739951491355896,0.0,0.0,0.2189843952655792
2024-06-29,AL022024,15.0,2024-06-29 18:00:00,0 days 18:00:00,10.29,-48.35,992.9,62.8,17.651330947875977,86.29774475097656,66.13661193847656,50.34931564331055,72.1755142211914,29.13511085510254,21.77256393432617,14.53700351715088,24.06723976135254,8.351879119873047,6.850551128387451,5.367739677429199,7.741543292999268
2024-06-29,AL022024,15.0,2024-06-30 00:00:00,1 days 00:00:00,10.46,-50.42,992.6,63.3,44.46283721923828,80.6228256225586,62.07532501220703,41.4454460144043,71.9925537109375,37.834381103515625,29.40497398376465,22.827537536621094,31.65029525756836,14.5178804397583,11.737361907958984,9.538257598876951,12.517583847045898
2024-06-29,AL022024,15.0,2024-06-30 06:00:00,1 days 06:00:00,10.78,-52.14,990.6,68.7,25.62940216064453,108.84497833251952,87.00221252441406,62.16927719116211,93.35955810546876,50.512451171875,40.574951171875,30.79786872863769,42.68110275268555,20.448692321777344,17.050302505493164,13.974398612976074,17.841630935668945
2024-06-29,AL022024,15.0,2024-06-30 12:00:00,1 days 12:00:00,10.9,-53.91,983.4,77.6,32.85847091674805,112.93506622314452,93.01525115966795,68.6058578491211,100.5836410522461,57.736663818359375,47.5330696105957,39.18367385864258,50.450565338134766,29.60814476013184,25.29015350341797,21.359506607055664,26.368633270263672
2024-06-29,AL022024,15.0,2024-06-30 18:00:00,1 days 18:00:00,11.27,-55.39,980.2,81.4,23.71355628967285,141.47219848632812,115.50729370117188,80.71194458007812,122.69410705566406,64.68742370605469,50.98368835449219,40.20128631591797,55.289493560791016,29.919700622558597,24.826221466064453,20.47086524963379,26.16430282592773
2024-06-29,AL022024,15.0,2024-07-01 00:00:00,2 days 00:00:00,11.31,-56.96,968.2,99.6,32.836090087890625,136.30845642089844,110.01724243164062,77.58059692382812,119.72197723388672,58.35032272338867,44.9556884765625,36.33030319213867,51.20854949951172,31.66064071655273,25.962032318115234,22.19129943847656,28.02534866333008
2024-06-29,AL022024,15.0,2024-07-01 06:00:00,2 days 06:00:00,11.67,-58.83,974.1,90.8,32.145599365234375,165.28085327148438,129.6711883544922,85.80347442626953,135.6049041748047,73.7820816040039,57.81857681274414,44.3330307006836,62.72894287109375,31.471620559692383,26.22698974609375,21.14929962158203,27.23746681213379
2024-06-29,AL022024,15.0,2024-07-01 12:00:00,2 days 12:00:00,12.42,-60.4,949.6,120.8,41.425880432128906,178.98406982421875,135.2162628173828,84.6161117553711,152.05152893066406,78.98318481445312,58.37066268920898,44.45336151123047,68.92755889892578,41.51023864746094,33.81161880493164,27.525745391845703,37.02060317993164
2024-06-29,AL022024,15.0,2024-07-01 18:00:00,2 days 18:00:00,12.82,-62.14,944.9,123.4,25.06151962280273,198.2576446533203,157.40777587890625,105.89942169189452,169.83802795410156,93.16473388671876,70.97728729248047,55.74126815795898,80.13567352294922,46.8369255065918,38.272987365722656,31.682024002075195,40.74790191650391
2024-06-29,AL022024,15.0,2024-07-02 00:00:00,3 days 00:00:00,13.44,-63.84,955.6,117.8,48.52696228027344,166.93861389160156,131.76307678222656,84.45478820800781,141.39044189453125,76.33367919921875,57.19816589355469,45.13124084472656,66.11351776123047,41.29720306396485,33.71936798095703,28.013315200805664,36.17975616455078
2024-06-29,AL022024,15.0,2024-07-02 06:00:00,3 days 06:00:00,14.19,-65.75,958.8,116.2,23.20918083190918,183.71926879882807,144.90103149414062,94.46224975585938,152.87355041503906,85.05809783935547,67.80016326904297,53.7681770324707,75.00006866455078,47.89713668823242,40.513370513916016,33.431766510009766,42.0992546081543
2024-06-29,AL022024,15.0,2024-07-02 12:00:00,3 days 12:00:00,15.1,-67.88,960.3,111.6,19.210987091064453,153.49948120117188,119.42652893066406,79.86469268798828,129.83705139160156,80.8473892211914,65.2105712890625,52.15193176269531,71.38257598876953,46.49383544921875,39.597164154052734,33.20381546020508,41.11800003051758
2024-06-29,AL022024,15.0,2024-07-02 18:00:00,3 days 18:00:00,15.9,-69.91,958.0,109.2,33.5382080078125,229.78782653808597,180.7842712402344,126.77092742919922,194.91500854492188,101.58705139160156,81.94308471679688,66.11125946044922,89.66915130615234,53.93553161621094,46.5693473815918,38.72808456420898,47.32611083984375
2024-06-29,AL022024,15.0,2024-07-03 00:00:00,4 days 00:00:00,16.1,-72.01,964.6,99.5,46.074806213378906,252.83372497558597,202.5800323486328,146.42694091796875,217.8655242919922,124.53312683105467,102.93938446044922,85.35453033447266,111.22284698486328,69.60807800292969,61.38596725463867,51.560882568359375,61.127071380615234
2024-06-29,AL022024,15.0,2024-07-03 06:00:00,4 days 06:00:00,15.93,-74.05,978.7,85.5,26.9005184173584,171.6094512939453,131.1407012939453,85.15306091308594,142.06881713867188,72.4560775756836,55.4623908996582,40.95034790039063,60.9521484375,30.6187744140625,25.004610061645508,20.15509414672852,26.54118537902832
2024-06-29,AL022024,15.0,2024-07-03 12:00:00,4 days 12:00:00,16.41,-76.05,973.7,90.2,52.16327667236328,199.91693115234372,152.87571716308594,102.61339569091795,175.50596618652344,94.62757873535156,73.9488754272461,59.21977615356445,82.45084381103516,45.64070510864258,38.01908874511719,31.178098678588867,40.08837127685547
2024-06-29,AL022024,15.0,2024-07-03 18:00:00,4 days 18:00:00,16.83,-77.46,980.8,82.5,26.69036293029785,162.5588836669922,125.22017669677734,85.04071044921875,134.8574981689453,72.2445068359375,57.0195541381836,43.63237762451172,61.949256896972656,32.179656982421875,27.15462303161621,22.13028335571289,28.213573455810547
2024-06-29,AL022024,15.0,2024-07-04 00:00:00,5 days 00:00:00,17.27,-78.83,973.4,90.7,51.67852783203125,233.7904815673828,180.7512359619141,129.07752990722656,202.90328979492188,113.73535919189452,91.75325012207033,75.81591796875,101.77915954589844,59.10837936401367,51.27008819580078,42.854862213134766,51.87234878540039
2024-06-29,AL022024,15.0,2024-07-04 06:00:00,5 days 06:00:00,17.43,-80.3,979.9,82.1,47.73292541503906,198.87876892089844,152.94338989257812,107.72103881835938,171.71966552734375,97.43463134765624,79.01346588134766,64.34602355957031,87.13134002685547,49.33737564086914,42.33216857910156,35.544586181640625,43.3399772644043
2024-06-29,AL022024,15.0,2024-07-04 12:00:00,5 days 12:00:00,17.73,-81.81,980.3,80.2,45.8271713256836,226.7637634277344,181.39886474609372,124.6817855834961,191.6390686035156,96.89421081542967,77.9481201171875,61.04967498779297,82.8315200805664,42.948219299316406,36.601016998291016,30.023868560791016,36.99253845214844
2024-06-29,AL022024,15.0,2024-07-04 18:00:00,5 days 18:00:00,18.04,-83.46,990.1,65.9,23.39777374267578,171.04115295410156,135.97811889648438,97.33529663085938,143.59373474121094,67.99795532226562,53.49423599243164,39.953590393066406,56.14078140258789,14.712860107421877,12.001764297485352,8.788270950317383,12.69684886932373
2024-06-29,AL022024,15.0,2024-07-05 00:00:00,6 days 00:00:00,18.16,-84.67,979.8,78.3,43.50224304199219,176.28244018554688,141.57644653320312,100.43255615234376,149.7963104248047,84.53823852539062,68.62548828125,53.96189498901367,72.7607650756836,40.049598693847656,34.09996795654297,28.393844604492188,34.76095199584961
2024-06-29,AL022024,15.0,2024-07-05 06:00:00,6 days 06:00:00,18.68,-86.22,980.7,78.2,44.141151428222656,142.60076904296875,107.86619567871094,69.82575988769531,123.81017303466795,66.32923126220703,50.94404220581055,39.283817291259766,56.68846130371094,28.86322021484375,23.80730628967285,19.312807083129883,25.181825637817383
2024-06-29,AL022024,15.0,2024-07-05 12:00:00,6 days 12:00:00,19.43,-87.29,982.5,78.6,24.69257354736328,151.99032592773438,121.9732437133789,77.74854278564453,122.99110412597656,58.24933624267578,45.915374755859375,32.736053466796875,47.477638244628906,19.53176498413086,16.016159057617188,12.144594192504885,16.619537353515625
2024-06-29,AL022024,15.0,2024-07-05 18:00:00,6 days 18:00:00,19.99,-88.5,993.1,60.8,24.100833892822266,134.7005157470703,106.69513702392578,65.3386459350586,105.37334442138672,32.900264739990234,23.786191940307617,15.162469863891602,22.88245391845703,1.2500176429748535,0.1200085058808326,0.0,0.4125188887119293
2024-06-29,AL022024,15.0,2024-07-06 00:00:00,7 days 00:00:00,20.75,-89.88,999.7,41.2,92.9723892211914,87.39593505859375,72.70535278320312,53.671234130859375,67.76007080078125,1.4306776523590088,0.0,0.0,0.5389878153800964,0.0,0.0,0.0,0.1418565958738327
2024-06-29,AL022024,15.0,2024-07-06 06:00:00,7 days 06:00:00,21.15,-91.12,1002.3,42.5,94.06912231445312,105.96607208251952,84.4618148803711,56.38639068603516,84.43119049072266,12.501402854919434,7.9611496925354,5.268554210662842,8.87318229675293,0.4301311075687408,0.060838159173727,0.0,0.2581883370876312
2024-06-29,AL022024,15.0,2024-07-06 12:00:00,7 days 12:00:00,21.75,-92.17,999.5,52.2,55.80643081665039,180.6246795654297,148.74778747558594,106.63030242919922,147.3008575439453,40.02145004272461,31.831077575683597,21.696853637695312,29.469362258911133,1.0949403047561646,0.2964359223842621,0.0,0.1317392885684967
2024-06-29,AL022024,15.0,2024-07-06 18:00:00,7 days 18:00:00,22.17,-93.28,998.8,50.1,80.91834259033203,131.83682250976562,102.10979461669922,67.6472396850586,108.73552703857422,45.10710906982422,34.09315490722656,24.611854553222656,34.04705047607422,1.7909035682678225,0.5460909605026245,0.0,0.8367124199867249
2024-06-29,AL022024,15.0,2024-07-07 00:00:00,8 days 00:00:00,22.65,-94.42,996.1,58.3,58.1258659362793,193.40106201171875,151.42567443847656,110.89218139648438,162.6293182373047,77.28242492675781,62.54806900024414,46.34236526489258,60.89812088012695,10.86947536468506,8.21090030670166,5.550258636474609,8.665002822875977
2024-06-29,AL022024,15.0,2024-07-07 06:00:00,8 days 06:00:00,23.36,-95.72,993.6,62.8,35.55344009399414,136.1221160888672,101.27903747558594,70.44441986083984,116.04608917236328,48.226524353027344,35.89418029785156,25.083402633666992,37.589054107666016,6.208331108093262,4.127752304077148,2.144399642944336,4.673548698425293
2024-06-29,AL022024,15.0,2024-07-07 12:00:00,8 days 12:00:00,23.82,-96.97,984.3,73.1,34.45265197753906,94.72288513183594,79.94158172607422,53.20758056640625,85.1430892944336,42.62255859375,33.218528747558594,26.36918258666992,35.75852584838867,18.588512420654297,15.457262992858888,12.41868495941162,16.16002082824707
2024-06-29,AL022024,15.0,2024-07-07 18:00:00,8 days 18:00:00,23.89,-98.14,984.7,67.9,58.22085571289063,75.52621459960938,56.98057174682617,39.012794494628906,66.11962127685547,32.75579071044922,23.32101821899414,18.441165924072266,25.96221923828125,10.012384414672852,7.363193511962891,5.73779296875,8.286293029785156
2024-06-29,AL022024,15.0,2024-07-08 00:00:00,9 days 00:00:00,23.55,-99.44,999.3,43.5,38.11465835571289,72.92854309082031,66.3712387084961,47.998802185058594,56.24024200439453,4.87161922454834,3.4136335849761963,1.260906219482422,3.037790060043335,0.1515071094036102,0.4051262736320495,0.2487975507974624,0.2600918412208557
2024-06-29,AL022024,15.0,2024-07-08 06:00:00,9 days 06:00:00,24.02,-100.16,1007.7,25.4,48.33331298828125,1.9969470500946045,0.0,0.0,0.0,0.0,0.0,0.0,0.0,0.0980927720665931,0.2441125661134719,0.4564093053340912,0.4780516922473907
2024-06-29,AL022024,16.0,2024-06-29 00:00:00,0 days 00:00:00,9.2,-43.1,1006.0,35.0,74.07997303488982,74.07997303488982,0.0,0.0,74.07997303488982,,,,,,,,
2024-06-29,AL022024,16.0,2024-06-29 06:00:00,0 days 06:00:00,9.3,-44.9,1003.8,40.6,51.89389801025391,18.398048400878903,9.63321304321289,3.4000320434570312,14.078510284423828,1.522125482559204,0.3201310634613037,0.0,1.0744905471801758,0.1053326502442359,0.0,0.0,0.0
2024-06-29,AL022024,16.0,2024-06-29 12:00:00,0 days 12:00:00,9.62,-46.69,993.3,61.6,44.396026611328125,84.25279998779297,60.098236083984375,42.99913024902344,73.39401245117188,29.57864761352539,21.446298599243164,14.665637969970703,22.8084716796875,2.756505250930786,1.2008438110351562,0.1698260754346847,2.028667688369751
2024-06-29,AL022024,16.0,2024-06-29 18:00:00,0 days 18:00:00,9.94,-48.86,992.8,64.3,25.213991165161133,79.7054214477539,58.66368103027344,41.33750534057617,67.1445541381836,31.983213424682617,23.800819396972656,16.333845138549805,25.48802757263184,6.720195293426514,5.035277366638184,3.4518749713897705,5.569093704223633
2024-06-29,AL022024,16.0,2024-06-30 00:00:00,1 days 00:00:00,9.84,-50.92,993.1,64.5,25.51531410217285,102.85631561279295,81.14756774902344,60.47132873535156,88.49667358398438,46.8221549987793,38.03640365600586,28.68048667907715,38.82746124267578,15.76540756225586,13.140532493591309,10.635554313659668,13.603795051574709
2024-06-29,AL022024,16.0,2024-06-30 06:00:00,1 days 06:00:00,10.29,-52.5,986.9,69.3,51.18527603149414,94.3687515258789,79.62013244628906,60.08346176147461,82.13558197021484,44.308372497558594,36.87889862060547,29.85796356201172,37.846771240234375,19.12973403930664,16.23702621459961,13.57922077178955,16.548599243164062
2024-06-29,AL022024,16.0,2024-06-30 12:00:00,1 days 12:00:00,10.76,-53.93,987.6,69.7,39.55755233764648,90.1636962890625,69.17324829101562,44.49975204467773,77.78260040283203,31.080615997314453,22.128398895263672,15.188252449035645,24.11449432373047,7.227295398712158,4.955992698669434,3.386724710464477,5.953683853149414
2024-06-29,AL022024,16.0,2024-06-30 18:00:00,1 days 18:00:00,11.16,-55.64,991.3,64.9,29.609582901000977,90.42237854003906,67.6893310546875,43.06470489501953,72.11805725097656,33.1953239440918,24.60213661193848,16.43650245666504,25.038646697998047,5.291840076446533,3.658679723739624,2.0418710708618164,3.836197853088379
2024-06-29,AL022024,16.0,2024-07-01 00:00:00,2 days 00:00:00,11.34,-57.63,991.2,67.9,29.69629669189453,105.16458129882812,80.77622985839844,56.572242736816406,84.4006118774414,25.515010833740234,17.99761390686035,10.947134017944336,18.80971908569336,2.019620895385742,0.6577444076538086,0.0,1.266480803489685
2024-06-29,AL022024,16.0,2024-07-01 06:00:00,2 days 06:00:00,11.73,-59.42,989.6,68.3,31.79969596862793,98.91504669189452,73.78006744384766,46.9006233215332,80.23606872558594,43.63468170166016,33.69706344604492,24.56382369995117,35.12401580810547,13.271683692932127,10.451175689697266,7.858075141906738,10.896642684936523
2024-06-29,AL022024,16.0,2024-07-01 12:00:00,2 days 12:00:00,12.27,-61.18,981.1,85.8,28.580535888671875,126.13543701171876,100.3621597290039,63.67647552490234,101.1362533569336,53.01060104370117,41.63129806518555,31.40652656555176,45.011749267578125,26.091936111450195,21.874780654907227,18.2861328125,22.871767044067383
2024-06-29,AL022024,16.0,2024-07-01 18:00:00,2 days 18:00:00,13.01,-62.99,974.5,87.5,36.51620864868164,128.04295349121094,103.33336639404295,69.68629455566406,106.49891662597656,52.83032989501953,41.2506103515625,31.451805114746094,44.443145751953125,24.506874084472656,20.11005973815918,16.752044677734375,21.107187271118164
2024-06-29,AL022024,16.0,2024-07-02 00:00:00,3 days 00:00:00,13.63,-64.75,968.6,96.2,28.724994659423828,157.81983947753906,128.5593719482422,91.78092956542967,136.52606201171875,69.34420776367188,54.56676864624024,43.55343246459961,58.87715148925781,35.03495407104492,28.942747116088867,24.388219833374023,30.299659729003903
2024-06-29,AL022024,16.0,2024-07-02 06:00:00,3 days 06:00:00,14.39,-66.24,961.1,108.4,28.64168930053711,169.38967895507812,137.81874084472656,86.62345886230469,140.51937866210938,74.47381591796875,58.09684371948242,46.54546356201172,63.18636322021485,38.16811752319336,31.94271850585937,26.374940872192383,33.141300201416016
2024-06-29,AL022024,16.0,2024-07-02 12:00:00,3 days 12:00:00,15.08,-68.08,961.7,105.2,33.191707611083984,161.07534790039062,122.96016693115234,84.47175598144531,138.53890991210938,72.56021881103516,56.353004455566406,45.04729461669922,63.36529159545898,37.33843231201172,30.80524635314941,25.76352310180664,32.996559143066406
2024-06-29,AL022024,16.0,2024-07-02 18:00:00,3 days 18:00:00,15.83,-69.9,966.3,95.6,38.78162384033203,220.1302490234375,174.87110900878906,122.01807403564452,186.89126586914065,104.49592590332033,85.8553237915039,69.1811752319336,91.33800506591795,53.92243576049805,47.3647346496582,39.30788803100586,46.98165512084961
2024-06-29,AL022024,16.0,2024-07-03 00:00:00,4 days 00:00:00,16.19,-71.83,972.6,95.3,24.60476493835449,182.5609588623047,145.47445678710938,101.79544067382812,154.7458953857422,76.4501724243164,60.07901382446289,47.04154586791992,65.49969482421875,37.14054107666016,31.294797897338867,25.81031990051269,32.51848602294922
2024-06-29,AL022024,16.0,2024-07-03 06:00:00,4 days 06:00:00,16.48,-74.06,974.8,93.0,23.751310348510746,162.6294403076172,126.10298919677734,83.39521026611328,139.88478088378906,69.22184753417969,53.15077972412109,41.22726440429688,60.28619766235352,35.896263122558594,29.632530212402344,24.26567840576172,31.63271141052246
2024-06-29,AL022024,16.0,2024-07-03 12:00:00,4 days 12:00:00,16.82,-75.73,982.2,78.7,43.065128326416016,171.43563842773438,130.1961669921875,91.2277374267578,150.64474487304688,76.9959716796875,60.86124420166016,48.58869552612305,67.85702514648438,37.85050201416016,31.865449905395508,26.32631492614746,33.293460845947266
2024-06-29,AL022024,16.0,2024-07-03 18:00:00,4 days 18:00:00,17.03,-76.83,989.7,68.1,35.90434265136719,100.98267364501952,65.65836334228516,35.41704559326172,80.1373519897461,42.62111282348633,30.693817138671875,20.94456672668457,34.57449722290039,12.309589385986328,9.141857147216797,6.581153869628906,10.146484375
2024-06-29,AL022024,16.0,2024-07-04 00:00:00,5 days 00:00:00,17.18,-78.55,985.3,73.7,55.2689094543457,126.87109375,96.85212707519533,66.3564453125,106.04542541503906,44.70210266113281,33.4716911315918,24.502351760864254,37.384498596191406,14.424571990966797,11.378046989440918,8.832611083984375,12.487164497375488
2024-06-29,AL022024,16.0,2024-07-04 06:00:00,5 days 06:00:00,17.07,-80.19,993.9,59.9,62.94162368774414,200.412353515625,159.28662109375,110.80022430419922,169.28421020507812,70.09456634521484,54.92414474487305,40.381141662597656,57.04448318481445,12.548595428466797,9.482558250427246,6.382482528686523,10.172362327575684
2024-06-29,AL022024,16.0,2024-07-04 12:00:00,5 days 12:00:00,17.24,-82.03,998.2,53.3,65.34646606445312,167.97613525390625,130.10003662109375,84.44837188720703,132.16664123535156,50.53494644165039,38.303165435791016,25.273530960083008,38.32737350463867,2.387768030166626,0.6430158615112305,0.0,1.0074948072433472
2024-06-29,AL022024,16.0,2024-07-04 18:00:00,5 days 18:00:00,17.29,-83.58,998.1,51.7,81.92003631591797,115.54157257080078,88.82646179199219,56.24493408203125,89.68822479248047,8.871725082397461,3.367405414581299,0.1728304475545883,6.31903076171875,0.5317550301551819,0.0,0.0,0.537545382976532
2024-06-29,AL022024,16.0,2024-07-05 00:00:00,6 days 00:00:00,17.1,-84.86,994.2,58.1,33.01429748535156,84.54618835449219,63.44394302368164,42.29640579223633,64.01323699951172,15.132295608520508,9.82269287109375,4.815038681030273,10.74016571044922,0.0,0.0,0.0,0.0
2024-06-29,AL022024,16.0,2024-07-05 06:00:00,6 days 06:00:00,17.0,-86.52,994.1,55.8,56.47219467163086,127.40631103515624,96.47035217285156,61.90092849731445,102.7489013671875,32.917232513427734,23.18996810913086,15.127883911132812,24.65093231201172,2.055123805999756,0.4922530353069305,0.0,0.987585723400116
2024-06-29,AL022024,16.0,2024-07-05 12:00:00,6 days 12:00:00,17.33,-87.81,997.4,51.3,44.95460891723633,111.1058120727539,87.83522033691406,53.05109786987305,86.84773254394531,21.942110061645508,15.304378509521484,8.168339729309082,15.64303207397461,1.0915288925170898,0.163953498005867,0.0,0.2069588601589203
2024-06-29,AL022024,16.0,2024-07-05 18:00:00,6 days 18:00:00,17.82,-88.61,998.9,45.5,64.72405242919922,62.54473114013672,45.8532600402832,23.528818130493164,47.64400100708008,5.888411521911621,2.4846067428588867,0.4014646410942077,3.928136348724365,0.499426782131195,0.0,0.0,0.4383965730667114
2024-06-29,AL022024,16.0,2024-07-06 00:00:00,7 days 00:00:00,17.91,-89.91,1002.8,34.3,44.50862884521485,64.6889877319336,55.236114501953125,35.00262451171875,45.23102951049805,0.9268640279769896,0.9235209822654724,0.0,0.806625247001648,0.0,0.0,0.0445394553244113,0.0120736742392182
2024-06-29,AL022024,16.0,2024-07-06 06:00:00,7 days 06:00:00,18.49,-91.75,1003.9,33.5,32.831153869628906,4.063411235809326,1.1577482223510742,0.0,1.024980068206787,1.2725108861923218,0.4971044659614563,0.3635336458683014,0.634357213973999,0.3312093615531921,0.1627906560897827,0.2064645141363144,0.2699612975120544
2024-06-29,AL022024,16.0,2024-07-06 12:00:00,7 days 12:00:00,18.92,-92.8,1004.5,33.7,78.38534545898438,68.08637237548828,52.88518905639648,33.02553176879883,49.253692626953125,4.8230977058410645,3.337766647338867,1.2789276838302612,3.7370853424072266,0.086603470146656,0.0,0.0430224873125553,0.1752798855304718
2024-06-29,AL022024,16.0,2024-07-06 18:00:00,7 days 18:00:00,19.13,-94.22,997.1,50.9,33.480350494384766,108.11641693115234,86.86894226074219,61.673973083496094,85.56824493408203,12.146434783935549,7.275899887084961,3.9612362384796143,8.543160438537598,0.2457883208990097,0.0,0.0,0.1670771539211273
2024-06-29,AL022024,16.0,2024-07-07 00:00:00,8 days 00:00:00,18.86,-95.41,992.5,56.2,42.42036056518555,77.86143493652344,65.13663482666016,43.19678497314453,65.72395324707031,28.600786209106445,22.60627174377441,16.735210418701172,22.933815002441406,5.737694263458252,4.483733654022217,3.0274977684021,4.505331993103027
2024-06-29,AL022024,16.0,2024-07-07 06:00:00,8 days 06:00:00,18.14,-95.46,995.3,52.7,32.06214141845703,41.32201766967773,32.74536895751953,20.446691513061523,36.08092498779297,11.021690368652344,8.179571151733398,6.562871932983398,8.601457595825195,1.7824937105178833,1.1249827146530151,0.8590967655181885,1.1864367723464966
2024-06-29,AL022024,16.0,2024-07-07 12:00:00,8 days 12:00:00,17.93,-96.19,1001.7,34.0,91.59717559814452,10.77734661102295,7.098674774169922,1.017099380493164,6.293745040893555,2.0161824226379395,1.5853800773620603,0.0,1.226259469985962,0.2062443643808365,0.2493213415145874,0.0858012586832046,0.1591526418924331
2024-06-29,AL022024,16.0,2024-07-07 18:00:00,8 days 18:00:00,17.63,-96.66,1004.9,32.8,56.62638854980469,3.221132040023804,1.5457022190093994,2.229802370071411,0.9389119744300842,3.037819623947144,2.8764634132385254,1.528213620185852,2.497546672821045,0.0,0.0,0.2400252670049667,0.0360262542963027
2024-06-29,AL022024,17.0,2024-06-29 00:00:00,0 days 00:00:00,9.2,-43.1,1006.0,35.0,74.07997303488982,74.07997303488982,0.0,0.0,74.07997303488982,,,,,,,,
2024-06-29,AL022024,17.0,2024-06-29 06:00:00,0 days 06:00:00,9.46,-44.88,1002.3,46.3,41.03080749511719,71.9946060180664,56.80610656738281,35.988861083984375,56.40971755981445,7.368627071380615,3.115811824798584,0.4954746961593628,5.064961910247803,0.1172867715358734,0.0,0.0,0.0
2024-06-29,AL022024,17.0,2024-06-29 12:00:00,0 days 12:00:00,9.79,-46.57,998.6,55.9,31.60588836669922,83.76339721679688,57.989070892333984,39.62794494628906,71.90079498291016,35.96891021728516,26.43953895568848,18.08583068847656,27.76595115661621,4.0458598136901855,2.311957836151123,0.8986112475395203,2.8493051528930664
2024-06-29,AL022024,17.0,2024-06-29 18:00:00,0 days 18:00:00,10.2,-48.75,991.0,65.6,38.500770568847656,91.94892120361328,67.76963806152344,45.678619384765625,80.0861587524414,39.53584289550781,28.92086410522461,21.1549129486084,31.50048828125,9.38458251953125,6.891510963439941,4.823431491851807,7.749930381774902
2024-06-29,AL022024,17.0,2024-06-30 00:00:00,1 days 00:00:00,10.14,-50.38,988.0,73.8,20.567893981933597,88.82400512695312,69.4444580078125,48.03131484985352,75.13023376464844,30.41986846923828,22.780641555786133,15.947052001953123,25.039533615112305,9.844680786132812,7.6426520347595215,5.842771530151367,8.845017433166504
2024-06-29,AL022024,17.0,2024-06-30 06:00:00,1 days 06:00:00,10.75,-51.99,980.6,82.2,38.75274658203125,96.2620086669922,76.66438293457031,49.282020568847656,81.3107681274414,40.38625717163086,30.296049118041992,21.995864868164062,33.2296028137207,16.212297439575195,12.37767219543457,10.010199546813965,13.781766891479492
2024-06-29,AL022024,17.0,2024-06-30 12:00:00,1 days 12:00:00,11.29,-53.83,974.5,88.2,28.541234970092773,136.28286743164062,118.43775177001952,99.83113861083984,116.03972625732422,50.00437927246094,41.688472747802734,33.781036376953125,42.2527961730957,21.02054214477539,18.118993759155277,15.548086166381836,19.048791885375977
2024-06-29,AL022024,17.0,2024-06-30 18:00:00,1 days 18:00:00,11.39,-55.66,990.8,67.8,32.947471618652344,114.1829605102539,87.79486083984375,58.619850158691406,96.39016723632812,51.04751968383789,40.35698318481445,30.70586204528809,42.31999206542969,18.930309295654297,15.331012725830078,12.454556465148926,16.211444854736328
2024-06-29,AL022024,17.0,2024-07-01 00:00:00,2 days 00:00:00,11.64,-57.31,991.4,61.9,59.45881271362305,196.9272918701172,180.04063415527344,139.1942596435547,160.9829559326172,44.57708358764648,35.966148376464844,25.878841400146484,32.20752716064453,2.39352822303772,0.8968905210494995,0.0123366545885801,1.0461195707321167
2024-06-29,AL022024,17.0,2024-07-01 06:00:00,2 days 06:00:00,11.56,-59.16,993.4,60.0,51.78622055053711,151.91090393066406,114.75364685058594,78.48418426513672,133.287109375,82.34656524658203,64.28724670410156,50.61653518676758,68.54251098632812,22.51283836364746,17.8094482421875,13.79778289794922,18.775453567504883
2024-06-29,AL022024,17.0,2024-07-01 12:00:00,2 days 12:00:00,12.14,-60.85,967.1,99.4,43.39839172363281,120.93019104003906,90.16197204589844,57.13237762451172,103.01869201660156,48.341346740722656,35.0446891784668,26.875701904296875,41.3321533203125,21.6540470123291,16.69745445251465,13.742512702941896,18.99545669555664
2024-06-29,AL022024,17.0,2024-07-01 18:00:00,2 days 18:00:00,12.52,-62.73,977.3,86.2,33.15421295166016,162.13577270507812,127.32366943359376,85.44906616210938,134.11734008789062,75.97857666015625,60.57402801513672,46.73116302490234,64.23532104492188,33.64350891113281,28.3071403503418,23.52824211120605,29.107370376586918
2024-06-29,AL022024,17.0,2024-07-02 00:00:00,3 days 00:00:00,12.93,-64.53,968.1,96.0,34.29161834716797,164.2681427001953,131.42059326171875,93.09815216064452,139.52197265625,77.30513000488281,63.1547737121582,51.30516052246094,69.17118072509766,43.40971755981445,37.396366119384766,31.70936584472656,38.37879943847656
2024-06-29,AL022024,17.0,2024-07-02 06:00:00,3 days 06:00:00,13.83,-66.19,959.6,110.2,23.180349349975582,193.62765502929688,152.93798828125,97.96414184570312,160.53811645507812,90.4279327392578,70.6376724243164,57.35089874267578,78.0105972290039,46.81128692626953,39.44404983520508,32.80874252319336,40.708641052246094
2024-06-29,AL022024,17.0,2024-07-02 12:00:00,3 days 12:00:00,14.91,-68.55,959.4,111.1,23.17386054992676,142.07965087890625,114.73085021972656,79.88032531738281,119.81160736083984,60.298248291015625,47.16493225097656,36.17938232421875,50.767799377441406,27.255558013916016,22.563072204589844,18.594995498657227,24.063966751098636
2024-06-29,AL022024,17.0,2024-07-02 18:00:00,3 days 18:00:00,15.54,-69.97,961.1,106.9,23.598926544189453,181.2945251464844,143.0982666015625,94.56876373291016,151.64651489257812,71.31597137451172,54.40198516845703,40.979148864746094,60.50958633422852,33.73632049560547,27.79804801940918,22.582630157470703,29.547168731689453
2024-06-29,AL022024,17.0,2024-07-03 00:00:00,4 days 00:00:00,15.79,-72.09,961.6,104.3,36.56147384643555,189.5915679931641,149.85897827148438,102.1697006225586,165.62611389160156,89.95987701416016,69.75017547607422,57.00345993041992,78.398193359375,48.04058837890625,40.31249237060547,33.6043701171875,42.01688766479492
2024-06-29,AL022024,17.0,2024-07-03 06:00:00,4 days 06:00:00,15.76,-73.91,978.4,82.4,45.6446418762207,169.63829040527344,128.64151000976562,87.7193603515625,147.7700653076172,74.05803680419922,55.946815490722656,43.44886779785156,63.747032165527344,33.397090911865234,27.17276763916016,22.09380531311035,29.4473934173584
2024-06-29,AL022024,17.0,2024-07-03 12:00:00,4 days 12:00:00,15.97,-75.99,981.6,79.4,44.41986083984375,165.54861450195312,120.0607452392578,81.7107162475586,143.01097106933594,70.13932037353516,52.222694396972656,39.60747146606445,59.10100173950195,24.50187492370605,19.308013916015625,15.110944747924805,21.138154983520508
2024-06-29,AL022024,17.0,2024-07-03 18:00:00,4 days 18:00:00,16.07,-78.1,981.7,82.2,17.11151123046875,192.4081878662109,148.51779174804688,102.22736358642578,159.49026489257812,83.89122009277344,68.27645111083984,52.79999542236328,72.64361572265625,40.515079498291016,35.573638916015625,29.322275161743164,35.75371551513672
2024-06-29,AL022024,17.0,2024-07-04 00:00:00,5 days 00:00:00,16.48,-79.89,979.9,84.1,20.230545043945312,140.541748046875,109.74640655517578,80.73811340332031,119.24571990966795,64.99974822998047,51.865013122558594,40.32566833496094,56.82590866088867,35.17782974243164,30.014598846435547,25.577816009521484,31.106369018554688
2024-06-29,AL022024,17.0,2024-07-04 06:00:00,5 days 06:00:00,16.84,-81.75,976.5,87.6,14.82162094116211,148.9291229248047,114.24337768554688,83.829833984375,130.1678009033203,66.83502197265625,51.690128326416016,40.52996444702149,58.068603515625,31.188426971435547,25.40316390991211,21.0601749420166,27.465795516967773
2024-06-29,AL022024,17.0,2024-07-04 12:00:00,5 days 12:00:00,16.93,-83.59,979.0,83.6,16.842561721801758,128.787353515625,98.86102294921876,70.6221694946289,113.31475067138672,51.15923309326172,38.01108169555664,28.368972778320312,43.310394287109375,20.579320907592773,16.15004539489746,12.9254789352417,17.901857376098633
2024-06-29,AL022024,17.0,2024-07-04 18:00:00,5 days 18:00:00,17.0,-84.89,962.5,105.5,25.160079956054688,142.90667724609375,116.83887481689452,84.08607482910156,128.3910369873047,73.81124114990234,58.22613906860352,48.06105041503906,65.93156433105469,44.901954650878906,37.546329498291016,31.863784790039062,39.83750915527344
2024-06-29,AL022024,17.0,2024-07-05 00:00:00,6 days 00:00:00,17.09,-86.75,960.8,106.5,15.950202941894531,121.9012222290039,101.19141387939452,74.72764587402344,108.57666015625,57.57947540283203,44.523468017578125,36.34565353393555,51.5555419921875,35.21759414672852,29.57832908630371,25.22053337097168,31.44185447692871
2024-06-29,AL022024,17.0,2024-07-05 06:00:00,6 days 06:00:00,17.07,-88.08,962.3,100.2,39.9944953918457,124.8513412475586,99.01106262207033,74.78453826904297,111.40531158447266,53.931522369384766,42.390018463134766,35.30750274658203,48.16530990600586,27.685089111328125,23.228321075439453,19.386049270629883,24.82461166381836
2024-06-29,AL022024,17.0,2024-07-05 12:00:00,6 days 12:00:00,17.18,-89.18,984.3,68.9,52.02930068969727,78.84963989257812,60.25126266479492,38.45384979248047,62.86838912963867,24.542510986328125,17.053682327270508,10.427534103393556,18.85693359375,3.27003812789917,1.3319896459579468,0.560401439666748,2.442444086074829
2024-06-29,AL022024,17.0,2024-07-05 18:00:00,6 days 18:00:00,17.64,-90.63,996.0,49.5,28.484960556030277,41.95849609375,32.93902587890625,20.912540435791016,31.242929458618164,4.162160873413086,1.654253005981445,0.0024556803982704,2.210097312927246,0.4033019542694092,0.0,0.0,0.2956356406211853
2024-06-29,AL022024,17.0,2024-07-06 00:00:00,7 days 00:00:00,17.76,-91.81,996.4,49.8,31.03973388671875,60.97929763793945,51.31320571899414,31.173152923583984,45.573543548583984,8.182010650634766,5.824908256530762,2.373698234558105,5.401218414306641,0.4431855082511902,0.0761098638176918,0.0,0.0984445586800575
2024-06-29,AL022024,17.0,2024-07-06 06:00:00,7 days 06:00:00,17.64,-93.14,1001.9,36.9,98.7917938232422,36.25036239624024,27.817981719970703,15.550134658813477,27.88282012939453,3.425506114959717,2.088052272796631,0.4593398571014404,2.4156439304351807,0.4969053864479065,0.0841831415891647,0.0,0.2037234753370285
2024-06-29,AL022024,17.0,2024-07-06 12:00:00,7 days 12:00:00,17.84,-94.51,1005.3,31.2,89.062255859375,2.6192781925201416,0.0,0.0,1.269116997718811,0.3868173658847809,0.0,0.0,0.0,0.3091772198677063,0.3374481201171875,0.1113155856728553,0.039390705525875
2024-06-29,AL022024,17.0,2024-07-06 18:00:00,7 days 18:00:00,17.68,-95.04,1004.3,33.2,41.32265853881836,7.876950263977051,3.548386573791504,2.3077151775360107,3.7809555530548096,1.7452688217163086,1.6954978704452517,0.8096334338188171,0.8250488638877869,0.5282496213912964,0.4944382011890411,0.4818450510501861,0.2978434264659881
2024-06-29,AL022024,17.0,2024-07-07 00:00:00,8 days 00:00:00,17.64,-95.68,1005.8,26.8,108.47647094726562,5.619616985321045,4.931329727172852,1.8312926292419436,2.531692743301392,1.545235514640808,1.715239405632019,1.088245153427124,1.034605860710144,0.3131895661354065,0.4429470300674438,0.3632731437683105,0.2493842244148254
2024-06-29,AL022024,18.0,2024-06-29 00:00:00,0 days 00:00:00,9.2,-43.1,1006.0,35.0,74.07997303488982,74.07997303488982,0.0,0.0,74.07997303488982,,,,,,,,
2024-06-29,AL022024,18.0,2024-06-29 06:00:00,0 days 06:00:00,9.32,-44.41,993.6,54.6,51.70024490356445,69.8812026977539,59.212005615234375,46.03866958618164,59.4478645324707,15.95069408416748,10.768827438354492,7.517714023590088,11.785895347595217,0.0,0.0,0.0,0.0038911765441298
2024-06-29,AL022024,18.0,2024-06-29 12:00:00,0 days 12:00:00,9.74,-46.61,996.7,59.1,46.0595817565918,102.41204833984376,77.65796661376953,52.46234130859375,85.02971649169922,27.03485107421875,18.140649795532227,11.431500434875488,19.90799140930176,1.1019949913024902,0.0,0.0,0.5498372316360474
2024-06-29,AL022024,18.0,2024-06-29 18:00:00,0 days 18:00:00,10.22,-48.09,995.2,56.6,27.48019790649414,104.68513488769533,88.98187255859375,69.73485565185547,85.92741394042969,12.22657871246338,6.750426292419434,3.6351919174194336,8.08788776397705,0.0,0.0,0.0,0.0939399674534797
2024-06-29,AL022024,18.0,2024-06-30 00:00:00,1 days 00:00:00,10.33,-50.33,996.9,59.6,31.70492553710937,86.41248321533203,63.57218170166016,44.33041763305664,71.80380249023438,26.701799392700195,18.907472610473636,11.883679389953612,20.337934494018555,2.970008611679077,1.607410192489624,0.6429424285888672,2.296715021133423
2024-06-29,AL022024,18.0,2024-06-30 06:00:00,1 days 06:00:00,10.8,-52.02,992.7,67.5,28.593626022338867,126.99038696289062,101.49497985839844,77.0368423461914,106.17829895019533,48.99744415283203,39.26693344116211,28.68486976623535,39.87320709228516,13.069269180297852,10.490639686584473,8.203784942626953,11.010818481445312
2024-06-29,AL022024,18.0,2024-06-30 12:00:00,1 days 12:00:00,10.97,-53.77,984.1,76.2,46.87196350097656,107.99002075195312,86.94525909423828,65.62910461425781,94.71944427490234,47.35519027709961,37.81403732299805,29.438390731811523,40.29994201660156,19.446186065673828,15.930160522460938,13.47404956817627,17.198984146118164
2024-06-29,AL022024,18.0,2024-06-30 18:00:00,1 days 18:00:00,11.41,-55.25,982.9,76.9,41.12560272216797,79.47870635986328,64.05712890625,45.908668518066406,69.56903076171875,41.691036224365234,33.16905212402344,27.050804138183597,36.10182189941406,23.06630516052246,19.304243087768555,16.35868263244629,20.35724449157715
2024-06-29,AL022024,18.0,2024-07-01 00:00:00,2 days 00:00:00,11.24,-57.33,981.4,80.1,31.818134307861328,110.38348388671876,89.1593246459961,68.38213348388672,100.0302276611328,56.84648513793945,46.64919662475586,39.0239143371582,50.23262405395508,31.400259017944336,26.64381217956543,22.93334007263184,27.656478881835938
2024-06-29,AL022024,18.0,2024-07-01 06:00:00,2 days 06:00:00,11.5,-59.07,962.3,106.5,17.923023223876953,97.22496795654295,72.94218444824219,54.5412712097168,85.27734375,46.04613494873047,34.82801055908203,28.552261352539062,41.42247772216797,27.010957717895508,22.1024169921875,18.84370231628418,24.34817695617676
2024-06-29,AL022024,18.0,2024-07-01 12:00:00,2 days 12:00:00,11.9,-61.03,961.9,106.0,37.82535552978516,127.71246337890624,98.7184066772461,65.73348999023438,108.37627410888672,53.77817916870117,40.65644073486328,32.05104064941406,47.34878158569336,27.781021118164062,22.77649307250977,18.93977928161621,24.91496467590332
2024-06-29,AL022024,18.0,2024-07-01 18:00:00,2 days 18:00:00,12.34,-62.67,953.6,118.6,21.509265899658203,129.76837158203125,100.1649398803711,65.07868194580078,108.42041015625,64.68510437011719,49.14590835571289,39.371368408203125,56.89682769775391,36.29265594482422,30.2252197265625,25.250959396362305,32.36374282836914
2024-06-29,AL022024,18.0,2024-07-02 00:00:00,3 days 00:00:00,13.23,-64.18,973.2,93.2,23.630346298217773,162.23948669433594,152.0184783935547,117.39617156982422,129.30697631835938,60.53091430664063,53.24834060668945,41.32644271850586,49.15299224853516,26.10759735107422,22.93222999572754,19.752046585083008,22.52916145324707
2024-06-29,AL022024,18.0,2024-07-02 06:00:00,3 days 06:00:00,13.55,-65.87,987.4,76.4,33.701805114746094,139.21250915527344,110.91863250732422,66.64922332763672,113.53213500976562,58.88175582885742,44.59271240234375,33.073368072509766,48.70098114013672,22.51244354248047,18.093067169189453,14.500576972961426,19.09206199645996
2024-06-29,AL022024,18.0,2024-07-02 12:00:00,3 days 12:00:00,13.46,-67.86,970.7,92.8,47.69822692871094,132.4827117919922,107.05957794189452,73.93682861328125,112.76996612548828,59.98401641845703,47.342384338378906,38.15231323242188,52.26781845092773,30.218555450439453,25.30094337463379,21.62713623046875,26.807540893554688
2024-06-29,AL022024,18.0,2024-07-02 18:00:00,3 days 18:00:00,13.9,-70.26,983.1,78.6,46.80135726928711,137.83053588867188,102.6708755493164,67.06851959228516,113.42388916015624,59.92659759521485,46.278602600097656,34.9661750793457,49.70454025268555,21.698394775390625,17.49650764465332,14.24953269958496,18.392484664916992
2024-06-29,AL022024,18.0,2024-07-03 00:00:00,4 days 00:00:00,13.9,-72.13,981.9,80.0,28.544906616210938,230.56544494628903,187.9988250732422,140.17916870117188,192.9259796142578,101.96017456054688,86.63762664794922,69.26986694335938,88.32466125488281,46.44220733642578,41.64811325073242,35.3304328918457,40.541259765625
2024-06-29,AL022024,18.0,2024-07-03 06:00:00,4 days 06:00:00,13.96,-74.59,986.4,72.4,54.34180068969727,217.77239990234372,169.40467834472656,117.3515853881836,186.3778381347656,116.74105072021484,96.49718475341795,79.48444366455078,102.40860748291016,52.87652587890625,46.77152633666992,38.97767639160156,46.19749450683594
2024-06-29,AL022024,18.0,2024-07-03 12:00:00,4 days 12:00:00,14.17,-76.25,981.9,78.6,59.02514266967773,194.84555053710935,141.9430694580078,92.06272888183594,170.7462921142578,92.64977264404295,69.2251968383789,53.66621398925781,77.77899932861328,35.958587646484375,28.96024703979492,22.920339584350582,31.140779495239254
2024-06-29,AL022024,18.0,2024-07-03 18:00:00,4 days 18:00:00,14.62,-78.42,957.0,90.5,75.6566162109375,234.0971221923828,228.20654296875,160.68875122070312,265.4406433105469,71.10514068603516,63.91236114501953,90.0337142944336,108.92961883544922,35.29887771606445,32.452880859375,20.610584259033203,38.11736679077149
2024-06-29,AL022024,18.0,2024-07-04 00:00:00,5 days 00:00:00,14.83,-80.2,970.6,91.6,38.7360954284668,136.6795196533203,108.97634887695312,88.82810974121094,124.61837768554688,65.29122924804688,51.0595932006836,40.99929428100586,55.79804992675781,28.8679141998291,24.017976760864254,20.33243751525879,25.896297454833984
2024-06-29,AL022024,18.0,2024-07-04 06:00:00,5 days 06:00:00,14.35,-81.42,969.0,98.4,28.831581115722656,103.31124114990234,83.11038970947266,61.97583770751953,100.59730529785156,45.3986701965332,35.13018035888672,32.87509536743164,44.768043518066406,22.794775009155277,19.07386779785156,14.574373245239258,21.04047393798828
2024-06-29,AL022024,18.0,2024-07-04 12:00:00,5 days 12:00:00,14.2,-83.7,975.1,83.5,24.21100616455078,101.70755767822266,80.82001495361328,59.95674133300781,91.99051666259766,35.74989700317383,27.264863967895508,23.16750907897949,33.974853515625,12.517426490783691,9.96254825592041,7.347289085388184,11.56307315826416
2024-06-29,AL022024,18.0,2024-07-04 18:00:00,5 days 18:00:00,13.92,-85.24,991.5,55.2,53.48725891113281,68.99380493164062,54.26263427734375,35.878082275390625,55.33725357055664,18.06172180175781,13.039053916931152,7.881093502044678,12.969804763793944,1.3189184665679932,0.2261189371347427,0.0,0.4417848885059356
2024-06-29,AL022024,18.0,2024-07-05 00:00:00,6 days 00:00:00,13.8,-86.3,996.9,43.9,28.823598861694336,19.761659622192383,16.524351119995117,10.254233360290527,12.783090591430664,2.6989119052886963,2.285608291625977,0.7752484083175659,1.6798378229141235,0.0,0.0,0.0,0.0026499484665691
2024-06-29,AL022024,18.0,2024-07-05 06:00:00,6 days 06:00:00,13.64,-88.36,1002.0,34.7,78.6109848022461,10.762603759765623,7.674990177154541,2.922316551208496,9.962291717529297,1.34865140914917,0.7461100220680237,0.433635950088501,0.7546337842941284,0.2107699066400528,0.252036988735199,0.0,0.1650260090827942
2024-06-29,AL022024,18.0,2024-07-05 12:00:00,6 days 12:00:00,12.76,-89.99,1000.0,35.4,96.74807739257812,15.359298706054688,17.218673706054688,11.14780330657959,18.994728088378903,0.0,0.1210032403469085,4.355930805206299,4.831780433654785,0.0,0.0608721375465393,0.0,0.6291687488555908
2024-06-29,AL022024,18.0,2024-07-05 18:00:00,6 days 18:00:00,12.89,-90.89,1005.9,34.0,39.4849739074707,8.989837646484375,9.365029335021973,4.480857372283936,7.775861263275146,1.5420297384262085,0.7399783134460449,0.4849165380001068,0.3447039127349853,0.1129436269402504,0.1027321368455886,0.0777326226234436,0.0372526124119758
2024-06-29,AL022024,18.0,2024-07-06 00:00:00,7 days 00:00:00,12.48,-91.08,1000.6,42.7,43.74762725830078,43.2435417175293,37.58359146118164,28.639480590820312,37.54457092285156,0.538820743560791,0.0,2.2434239387512207,2.718266010284424,0.0,0.3277617394924164,0.0,0.3862078785896301
2024-06-29,AL022024,18.0,2024-07-06 06:00:00,7 days 06:00:00,12.57,-91.38,1002.3,27.7,107.31866455078124,5.519842624664307,9.329607963562012,8.387279510498047,11.567500114440918,0.0,0.3483652174472809,2.85095477104187,2.7598989009857178,0.0,0.2418935447931289,0.0,0.5019073486328125
2024-06-29,AL022024,18.0,2024-07-06 12:00:00,7 days 12:00:00,12.74,-92.82,1002.3,37.7,82.95836639404297,39.28140258789063,32.158287048339844,21.857810974121094,29.289216995239254,1.151004195213318,0.2270820140838623,0.0,0.3547516763210296,0.0858733057975769,0.1288490742444992,0.1555574089288711,0.1789849400520324
2024-06-29,AL022024,18.0,2024-07-06 18:00:00,7 days 18:00:00,13.07,-93.71,1005.2,33.3,88.9560317993164,15.524561882019045,12.763970375061035,5.818286418914795,10.940760612487791,0.9175236821174622,0.7243947386741638,0.7631155848503113,0.5976055264472961,0.0,0.0179845876991748,0.1346423029899597,0.0270648635923862
2024-06-29,AL022024,18.0,2024-07-07 00:00:00,8 days 00:00:00,13.41,-94.59,1001.2,46.4,46.3873176574707,81.40324401855469,65.98580932617188,48.65432357788086,63.08455657958984,3.519045829772949,1.2964541912078855,0.0,2.084822177886963,0.0502092167735099,0.0,0.0579614974558353,0.1093052923679351
2024-06-29,AL022024,18.0,2024-07-07 06:00:00,8 days 06:00:00,13.54,-95.35,997.7,49.1,58.69483184814453,66.75464630126953,52.40830993652344,36.10524368286133,57.50879669189453,16.437036514282227,11.7195405960083,8.090165138244629,12.341363906860352,0.1467427313327789,0.0,0.0,0.0
2024-06-29,AL022024,18.0,2024-07-07 12:00:00,8 days 12:00:00,13.6,-96.68,1000.8,43.7,66.9537124633789,104.47520446777344,86.03888702392578,60.38618850708008,83.02616119384766,13.892494201660156,9.807777404785156,6.015981674194336,9.963229179382324,0.0986766964197158,0.0,0.0,0.025207620114088
2024-06-29,AL022024,18.0,2024-07-07 18:00:00,8 days 18:00:00,13.86,-98.36,1002.6,40.9,79.75383758544922,50.92310333251953,42.199100494384766,26.7200927734375,40.90169906616211,1.8781404495239256,0.1013049557805061,0.0,0.920200765132904,0.0,0.0,0.0,0.0131395421922206
2024-06-29,AL022024,18.0,2024-07-08 00:00:00,9 days 00:00:00,14.24,-99.34,1004.8,38.4,53.9154167175293,44.45711135864258,35.826663970947266,28.035213470458984,33.04521942138672,0.5801588892936707,0.0240075960755348,0.0,0.3327313661575317,0.1807364225387573,0.195197656750679,0.0226774588227272,0.0099223144352436
2024-06-29,AL022024,18.0,2024-07-08 06:00:00,9 days 06:00:00,14.76,-100.9,995.0,56.9,42.197898864746094,81.82704162597656,64.93228149414062,46.74601745605469,72.0540542602539,33.433937072753906,25.475971221923828,19.21442031860352,26.113548278808597,6.285101890563965,4.465317249298096,3.220325469970703,4.954179763793945
2024-06-29,AL022024,18.0,2024-07-08 12:00:00,9 days 12:00:00,14.59,-102.37,1001.8,44.9,36.73321533203125,90.34001922607422,80.52056884765625,59.785457611083984,69.78436279296875,2.0831375122070312,0.4815418422222137,0.0,0.8884560465812683,0.0350331366062164,0.0764146149158477,0.0565020367503166,0.1372890323400497
2024-06-29,AL022024,18.0,2024-07-08 18:00:00,9 days 18:00:00,15.14,-103.57,999.2,46.8,66.54496765136719,48.48703384399414,38.92509841918945,23.78023910522461,40.04278564453125,12.251205444335938,8.699082374572754,5.772569179534912,8.629507064819336,0.0543987266719341,0.0,0.0,0.0
2024-06-29,AL022024,18.0,2024-07-09 00:00:00,10 days 00:00:00,14.91,-104.31,995.3,52.4,58.14152908325195,44.55156707763672,34.154640197753906,22.247583389282227,35.90617370605469,15.439645767211914,12.41041660308838,7.401960849761963,11.431679725646973,0.7170453071594238,0.1475248634815216,0.0,0.2396037876605987
2024-06-29,AL022024,18.0,2024-07-09 06:00:00,10 days 06:00:00,14.89,-105.37,1004.3,34.0,92.04118347167967,18.798471450805664,12.977255821228027,5.666391849517822,13.050167083740234,0.314604252576828,0.0,0.0,0.0,0.0,0.0,0.0,0.0
2024-06-29,AL022024,18.0,2024-07-09 12:00:00,10 days 12:00:00,14.77,-106.16,1001.0,39.9,55.88381576538086,40.054779052734375,33.62302780151367,20.30194854736328,29.702259063720703,1.0373440980911257,0.3164997696876526,0.0,0.3821334540843963,0.0,0.0,0.0,0.0
2024-06-29,AL022024,18.0,2024-07-09 18:00:00,10 days 18:00:00,15.17,-107.07,995.2,52.4,34.2039794921875,51.64704132080078,42.97921371459961,32.06378555297852,43.47300338745117,5.046785354614258,2.7052440643310547,1.6237924098968506,3.872957706451416,0.0,0.0,0.0,0.0
2024-06-29,AL022024,18.0,2024-07-10 00:00:00,11 days 00:00:00,15.19,-108.13,999.0,45.2,60.0254020690918,57.643699645996094,46.02072143554688,34.25981903076172,47.20491027832031,13.974773406982422,10.536540985107422,6.599729061126709,10.05924129486084,0.0,0.0,0.0,0.0
2024-06-29,AL022024,18.0,2024-07-10 06:00:00,11 days 06:00:00,15.27,-108.46,997.6,51.1,57.0420150756836,78.8682861328125,65.08189392089844,48.76578140258789,66.93152618408203,14.300251007080078,10.390515327453612,6.913551330566406,10.720446586608888,0.0,0.0,0.0,0.0
2024-06-29,AL022024,18.0,2024-07-10 12:00:00,11 days 12:00:00,15.11,-109.36,1000.0,49.6,36.2885971069336,55.60689163208008,43.71653366088867,31.20414924621582,45.150047302246094,15.405510902404783,11.736098289489746,6.8353118896484375,10.94730281829834,0.0,0.0,0.0,0.0
2024-06-29,AL022024,18.0,2024-07-10 18:00:00,11 days 18:00:00,15.12,-110.0,997.0,50.4,57.608097076416016,95.32520294189452,81.65055847167969,60.63606643676758,81.20125579833984,20.146411895751957,15.445916175842283,10.417753219604492,14.827646255493164,0.0436164736747741,0.0,0.0,0.0
2024-06-29,AL022024,18.0,2024-07-11 00:00:00,12 days 00:00:00,15.14,-110.79,992.8,55.4,22.86166381835937,69.7589340209961,56.98115921020508,45.88447952270508,58.513126373291016,20.094940185546875,15.84554672241211,10.1890869140625,15.26136875152588,0.0614351741969585,0.0,0.0,0.0
2024-06-29,AL022024,18.0,2024-07-11 06:00:00,12 days 06:00:00,15.23,-111.47,997.3,49.7,49.13805389404297,68.04228210449219,54.96571731567383,38.62971115112305,59.2511100769043,13.867974281311035,10.020133018493652,6.339326858520508,10.581616401672363,0.1181743815541267,0.0,0.0,0.0
2024-06-29,AL022024,18.0,2024-07-11 12:00:00,12 days 12:00:00,15.14,-112.64,996.4,48.7,51.86714172363281,70.85720825195312,53.66241836547852,37.86297225952149,63.56023406982422,30.731534957885746,24.062896728515625,17.14185333251953,23.54521369934082,1.46018385887146,0.4999842047691345,0.0,0.7681792974472046
2024-06-29,AL022024,18.0,2024-07-11 18:00:00,12 days 18:00:00,15.62,-113.54,993.7,57.4,16.106494903564453,64.24207305908203,52.54806900024414,39.26971435546875,53.00527191162109,9.027695655822754,5.328150749206543,2.581240653991699,6.140913486480713,0.0,0.0,0.0,0.0
2024-06-29,AL022024,18.0,2024-07-12 00:00:00,13 days 00:00:00,15.9,-114.72,994.2,53.0,34.19023513793945,70.79678344726562,60.495079040527344,42.47872543334961,55.52769470214844,4.060344696044922,2.035210609436035,0.1662088483572006,2.3613381385803223,0.0,0.0,0.0,0.0
2024-06-29,AL022024,19.0,2024-06-29 00:00:00,0 days 00:00:00,9.2,-43.1,1006.0,35.0,74.07997303488982,74.07997303488982,0.0,0.0,74.07997303488982,,,,,,,,
2024-06-29,AL022024,19.0,2024-06-29 06:00:00,0 days 06:00:00,9.44,-44.34,995.4,51.4,40.36417007446289,70.6912612915039,58.49085235595703,45.529815673828125,56.95564651489258,14.082971572875977,9.61924171447754,6.273392200469971,10.409613609313965,0.3087305426597595,0.0,0.0,0.4378881454467773
2024-06-29,AL022024,19.0,2024-06-29 12:00:00,0 days 12:00:00,9.79,-46.52,992.8,61.0,52.8161506652832,76.80503845214844,63.030029296875,44.8026237487793,66.78999328613281,31.961572647094727,25.4200439453125,19.78149032592773,26.507192611694336,10.88974666595459,8.964188575744629,7.420952796936035,9.53632354736328
2024-06-29,AL022024,19.0,2024-06-29 18:00:00,0 days 18:00:00,9.86,-48.53,998.5,55.4,29.98645782470703,117.76707458496094,92.61685943603516,67.47074890136719,96.45765686035156,33.79599380493164,25.4031982421875,16.632007598876953,25.42911720275879,2.389214038848877,1.2789908647537231,0.0948693975806236,1.3772052526474
2024-06-29,AL022024,19.0,2024-06-30 00:00:00,1 days 00:00:00,10.17,-50.08,995.6,57.9,48.98573303222656,82.85552978515625,62.06733322143555,41.59110641479492,72.33448028564453,32.62298583984375,24.22845458984375,17.08482551574707,24.82299041748047,3.250523805618286,1.691539287567139,0.5495523810386658,2.1084680557250977
2024-06-29,AL022024,19.0,2024-06-30 06:00:00,1 days 06:00:00,10.63,-51.68,998.9,53.0,31.808338165283203,63.03587341308594,53.82867813110352,40.7338752746582,48.75363540649414,10.638401985168455,7.211339473724365,4.160367488861084,7.461658477783203,0.0,0.0,0.0,0.0
2024-06-29,AL022024,19.0,2024-06-30 12:00:00,1 days 12:00:00,10.63,-53.83,996.8,55.8,60.38768768310547,104.67200469970705,76.92264556884766,48.11751174926758,91.26698303222656,47.24531555175781,35.72101593017578,25.909950256347656,37.07916641235352,5.817710876464844,3.431718349456787,1.8220131397247317,4.464275360107422
2024-06-29,AL022024,19.0,2024-06-30 18:00:00,1 days 18:00:00,11.17,-55.48,995.4,57.5,44.3434944152832,106.61749267578124,77.31159973144531,50.02626419067383,87.9865493774414,46.896732330322266,35.806495666503906,24.505691528320312,36.26316833496094,7.293344974517822,4.797371864318848,2.933957815170288,5.320411205291748
2024-06-29,AL022024,19.0,2024-07-01 00:00:00,2 days 00:00:00,11.59,-57.03,993.5,64.5,34.08264923095703,118.7405242919922,89.99798583984375,63.43061065673828,98.99703216552734,49.52749633789063,38.822715759277344,27.76193046569824,40.05684661865234,14.799151420593262,11.665834426879885,9.305689811706545,12.360834121704102
2024-06-29,AL022024,19.0,2024-07-01 06:00:00,2 days 06:00:00,11.82,-58.71,990.0,69.7,26.726057052612305,129.67625427246094,99.1032257080078,69.17213439941406,108.44052124023438,61.20555877685547,48.24704360961914,36.64461135864258,51.09267425537109,22.344139099121094,18.19684791564941,14.882808685302734,19.039730072021484
2024-06-29,AL022024,19.0,2024-07-01 12:00:00,2 days 12:00:00,12.57,-60.42,983.7,80.4,33.25083541870117,182.08499145507807,141.91624450683594,89.0501708984375,146.51287841796875,66.94851684570312,51.68146514892578,35.545345306396484,54.55989837646485,19.80916404724121,15.992944717407228,12.080825805664062,16.751855850219727
2024-06-29,AL022024,19.0,2024-07-01 18:00:00,2 days 18:00:00,13.1,-62.02,961.4,103.2,36.475711822509766,189.84523010253903,149.38792419433594,101.06975555419922,160.31976318359375,80.38530731201172,62.73400115966797,48.94248962402344,69.78404998779297,38.38321685791016,32.18046951293945,26.31023979187012,33.72975158691406
2024-06-29,AL022024,19.0,2024-07-02 00:00:00,3 days 00:00:00,13.51,-63.22,961.4,102.2,24.67045211791992,176.24217224121094,162.8004913330078,128.91082763671875,150.488525390625,81.14651489257812,69.07671356201172,57.98664474487305,68.3077392578125,40.95013046264648,35.085792541503906,30.95615768432617,35.294189453125
2024-06-29,AL022024,19.0,2024-07-02 06:00:00,3 days 06:00:00,13.9,-65.68,991.0,68.1,55.316932678222656,201.0498809814453,150.18292236328125,100.19876098632812,172.95140075683594,100.65375518798828,79.88865661621094,63.13874435424805,86.85941314697266,36.94136428833008,30.81137084960937,25.288856506347656,31.896160125732425
2024-06-29,AL022024,19.0,2024-07-02 12:00:00,3 days 12:00:00,15.1,-67.8,991.0,65.8,22.49546432495117,153.8871307373047,116.13823699951172,76.25331115722656,121.9669189453125,61.64545822143555,48.02011489868164,33.55704498291016,48.23383331298828,12.809890747070312,9.829082489013672,7.238449096679687,10.327431678771973
2024-06-29,AL022024,19.0,2024-07-02 18:00:00,3 days 18:00:00,15.97,-70.35,985.3,75.5,50.22282791137695,225.28341674804688,176.15794372558594,114.37875366210938,187.0137481689453,106.45775604248048,85.65782165527344,66.99899291992188,89.28583526611328,41.97843551635742,35.73512649536133,28.982908248901367,35.80178451538086
2024-06-29,AL022024,19.0,2024-07-03 00:00:00,4 days 00:00:00,16.21,-72.13,986.5,70.7,33.16375732421875,216.7306060791016,169.67141723632812,113.14173126220705,184.70541381835935,103.2301788330078,84.91617584228516,66.5535888671875,89.62968444824219,42.274505615234375,36.77683639526367,29.42203521728516,36.97182846069336
2024-06-29,AL022024,19.0,2024-07-03 06:00:00,4 days 06:00:00,16.59,-73.76,978.5,79.9,28.936294555664062,139.86209106445312,114.47624206542967,89.42546844482422,113.49945831298828,52.29362106323242,41.49404144287109,32.04313659667969,44.42535018920898,15.392765998840332,13.035032272338867,10.98707389831543,14.185243606567385
2024-06-29,AL022024,19.0,2024-07-03 12:00:00,4 days 12:00:00,16.17,-75.82,992.3,68.3,34.60139465332031,194.32369995117188,142.01141357421875,96.4288101196289,158.81097412109375,63.378299713134766,47.56120300292969,32.17094802856445,49.438453674316406,4.33398962020874,1.770602464675903,0.0,2.7760941982269287
2024-06-29,AL022024,19.0,2024-07-03 18:00:00,4 days 18:00:00,16.08,-77.31,991.5,63.9,35.696136474609375,162.4584197998047,120.26522064208984,77.8824691772461,132.2840576171875,78.07759094238281,63.8154182434082,48.156925201416016,66.11713409423828,26.254959106445312,22.51354217529297,18.002744674682617,22.7832088470459
2024-06-29,AL022024,19.0,2024-07-04 00:00:00,5 days 00:00:00,15.83,-78.59,988.9,66.9,24.452173233032227,202.1684112548828,156.70018005371094,113.47781372070312,171.4309844970703,103.34699249267578,86.52396392822266,69.0098876953125,91.25140380859376,43.00395584106445,38.09053039550781,31.93974494934082,37.97510528564453
2024-06-29,AL022024,19.0,2024-07-04 06:00:00,5 days 06:00:00,16.3,-80.05,980.9,76.1,36.55254364013672,190.6173095703125,150.9171905517578,106.28419494628906,167.6575469970703,95.31117248535156,76.61360168457031,62.08489608764648,82.36627197265625,40.35906982421875,34.526145935058594,28.37240028381348,34.862056732177734
2024-06-29,AL022024,19.0,2024-07-04 12:00:00,5 days 12:00:00,16.61,-81.47,979.6,81.1,22.264572143554688,150.6347198486328,118.3878173828125,77.24044799804688,123.52839660644533,57.296913146972656,44.45620727539063,32.556339263916016,47.47502517700195,23.12434196472168,19.17461585998535,15.344573974609377,20.217180252075195
2024-06-29,AL022024,19.0,2024-07-04 18:00:00,5 days 18:00:00,17.07,-83.17,975.7,85.8,28.543182373046875,166.646728515625,131.6486053466797,88.09500122070312,138.9185333251953,76.94889831542969,61.92398834228516,48.95746994018555,66.75719451904297,38.34106063842773,32.94545364379883,27.38021278381348,33.67565155029297
2024-06-29,AL022024,19.0,2024-07-05 00:00:00,6 days 00:00:00,17.22,-84.42,979.9,80.4,20.637208938598636,128.94607543945312,102.77738189697266,69.90591430664062,108.1265869140625,52.78065490722656,41.56044769287109,31.380619049072266,44.41633224487305,22.860803604125977,19.05994415283203,15.444421768188477,19.78118896484375
2024-06-29,AL022024,19.0,2024-07-05 06:00:00,6 days 06:00:00,17.24,-86.19,967.3,95.6,43.386173248291016,171.53419494628906,139.72410583496094,96.5783920288086,147.04327392578125,67.99031066894531,53.29681396484375,40.95557403564453,58.07851409912109,31.241670608520508,25.85439109802246,21.00298118591309,27.195762634277344
2024-06-29,AL022024,19.0,2024-07-05 12:00:00,6 days 12:00:00,17.51,-87.69,967.8,95.2,44.12382507324219,175.69088745117188,142.69387817382812,96.83976745605467,148.29434204101562,72.68455505371094,57.51046752929688,43.81176376342773,63.12389373779297,38.92763519287109,32.668270111083984,26.87339401245117,34.07627868652344
2024-06-29,AL022024,19.0,2024-07-05 18:00:00,6 days 18:00:00,17.78,-88.99,982.3,69.6,41.8900032043457,124.53087615966795,95.22737884521484,65.9144515991211,105.07805633544922,46.28240203857422,34.24462127685547,25.24674415588379,37.67518997192383,15.142220497131348,11.536718368530272,8.944141387939453,12.859376907348633
2024-06-29,AL022024,19.0,2024-07-06 00:00:00,7 days 00:00:00,18.16,-90.09,996.3,45.3,59.37689208984375,152.74758911132812,124.2371597290039,87.88518524169922,123.66064453125,24.04216194152832,17.908796310424805,11.144042015075684,17.94228744506836,1.0018208026885986,0.0,0.0,0.4580337405204773
2024-06-29,AL022024,19.0,2024-07-06 06:00:00,7 days 06:00:00,18.72,-91.15,1000.9,37.6,69.32282257080078,29.44091796875,17.127410888671875,10.934383392333984,25.010011672973636,1.0245206356048584,0.0,0.0,1.8772170543670652,0.1827355772256851,0.0,0.0,0.3216077983379364
2024-06-29,AL022024,19.0,2024-07-06 12:00:00,7 days 12:00:00,18.61,-92.39,1002.0,39.9,36.95899200439453,12.243570327758787,7.2989821434021,0.0552813075482845,9.167261123657228,1.6722297668457031,0.6264144778251648,0.0,0.5642017722129822,0.3399975895881653,0.1885149478912353,0.0524525344371795,0.1184658259153366
2024-06-29,AL022024,19.0,2024-07-06 18:00:00,7 days 18:00:00,18.91,-93.65,998.7,46.4,70.49089050292969,43.23048400878906,31.20589256286621,15.109296798706056,35.391868591308594,6.734838962554932,3.169902801513672,1.2157419919967651,4.380016326904297,0.4859443604946136,0.0,0.0,0.2441573590040207
2024-06-29,AL022024,19.0,2024-07-07 00:00:00,8 days 00:00:00,18.38,-94.66,997.2,47.4,15.576573371887209,77.61235809326172,60.657169342041016,47.01259994506836,65.44447326660156,10.806706428527832,7.000268459320068,6.865499973297119,9.396656036376951,0.1609212458133697,0.2783409059047699,0.0,0.5095887184143066
2024-06-29,AL022024,19.0,2024-07-07 06:00:00,8 days 06:00:00,18.35,-94.81,993.3,53.9,32.8110466003418,67.07816314697266,55.180850982666016,39.42375946044922,69.00287628173828,17.820072174072266,13.298798561096191,16.13027572631836,20.285097122192383,0.8428816795349121,0.6336554288864136,0.0,1.2825934886932373
2024-06-29,AL022024,19.0,2024-07-07 12:00:00,8 days 12:00:00,17.79,-95.81,998.9,36.8,43.47273254394531,20.299365997314453,17.683320999145508,15.503941535949709,27.00532341003418,0.0,0.0690468847751617,6.304961681365967,5.962352752685547,0.3160013854503631,0.9983241558074952,0.0,1.3627954721450806
2024-06-29,AL022024,19.0,2024-07-07 18:00:00,8 days 18:00:00,17.71,-95.7,1003.9,29.2,81.78305053710938,1.265642762184143,1.4276715517044067,0.8539247512817383,2.0986168384552,2.458439588546753,2.084132432937622,1.293892502784729,1.3173564672470093,0.2924502491950989,0.2988549768924713,0.3061668276786804,0.0897004231810569
2024-06-29,AL022024,19.0,2024-07-08 00:00:00,9 days 00:00:00,17.66,-95.59,1007.1,26.2,62.613990783691406,2.3380706310272217,2.924094915390014,2.349064588546753,1.6085184812545776,0.941867470741272,0.943411111831665,1.0288721323013306,1.265960693359375,0.0116322115063667,0.0,0.0,0.1697779446840286
2024-06-29,AL022024,20.0,2024-06-29 00:00:00,0 days 00:00:00,9.2,-43.1,1006.0,35.0,74.07997303488982,74.07997303488982,0.0,0.0,74.07997303488982,,,,,,,,
2024-06-29,AL022024,20.0,2024-06-29 06:00:00,0 days 06:00:00,9.38,-44.86,1000.0,50.6,30.88082695007324,62.65206909179688,47.19192886352539,31.26346778869629,49.74441909790039,9.36310863494873,4.848499298095703,1.626635193824768,6.483866214752197,0.018716488033533,0.0,0.0,0.0
2024-06-29,AL022024,20.0,2024-06-29 12:00:00,0 days 12:00:00,9.72,-46.28,988.9,62.3,49.98872756958008,154.7533721923828,133.20315551757812,107.9183578491211,133.42750549316406,34.83210372924805,26.475906372070312,19.690719604492188,27.04170227050781,1.4445160627365112,0.0,0.0,1.2915722131729126
2024-06-29,AL022024,20.0,2024-06-29 18:00:00,0 days 18:00:00,9.99,-48.58,996.3,58.1,21.511863708496094,101.45221710205078,80.76535034179688,59.14502716064453,80.72797393798828,23.62432289123535,16.579919815063477,9.815293312072754,17.411245346069336,0.7414945960044861,0.0,0.0,0.1794755458831787
2024-06-29,AL022024,20.0,2024-06-30 00:00:00,1 days 00:00:00,10.23,-50.43,986.3,71.9,47.39194488525391,89.00911712646484,70.54573822021484,48.081153869628906,76.41473388671875,36.4370346069336,28.025577545166016,20.93901824951172,30.18914604187012,16.280912399291992,13.082415580749512,10.81021785736084,14.073371887207031
2024-06-29,AL022024,20.0,2024-06-30 06:00:00,1 days 06:00:00,10.83,-52.05,981.1,84.4,27.64869880676269,80.0125961303711,61.19160461425781,43.80033493041992,70.65787506103516,40.73680114746094,30.72880744934082,24.85698509216309,35.601226806640625,21.068099975585938,16.773681640625,14.309090614318848,18.439525604248047
2024-06-29,AL022024,20.0,2024-06-30 12:00:00,1 days 12:00:00,11.25,-53.55,964.5,103.4,15.000521659851074,98.52691650390624,76.2929916381836,60.33543395996094,88.7745132446289,46.064937591552734,35.472564697265625,29.115673065185547,40.86463165283203,26.00002098083496,21.583860397338867,18.17881965637207,23.55890655517578
2024-06-29,AL022024,20.0,2024-06-30 18:00:00,1 days 18:00:00,11.92,-55.28,973.1,88.5,32.60862350463867,99.43306732177734,74.53353881835938,53.61995315551758,84.93331909179688,45.40375900268555,34.587528228759766,26.791826248168945,39.27413940429688,21.419771194458008,17.34640121459961,14.376307487487791,18.96689987182617
2024-06-29,AL022024,20.0,2024-07-01 00:00:00,2 days 00:00:00,11.83,-56.84,969.9,97.1,8.94066047668457,100.06681823730467,73.5618667602539,60.32212829589844,91.11886596679688,46.26425552368164,36.13005447387695,28.68629264831543,41.41121292114258,23.3232479095459,19.351707458496094,16.289548873901367,21.525379180908203
2024-06-29,AL022024,20.0,2024-07-01 06:00:00,2 days 06:00:00,12.29,-58.5,965.8,100.2,24.424074172973636,146.52427673339844,111.69080352783205,74.74122619628906,124.56388092041016,61.85097503662109,46.551536560058594,36.8027572631836,53.18077850341797,28.498533248901367,22.967626571655277,19.02323532104492,24.89695167541504
2024-06-29,AL022024,20.0,2024-07-01 12:00:00,2 days 12:00:00,12.6,-60.02,965.7,106.7,16.222623825073242,147.97409057617188,117.16350555419922,73.76837158203125,121.69896697998048,63.75720977783203,49.3244743347168,37.95333480834961,54.83733749389648,33.44398880004883,27.62168312072754,22.89114189147949,29.49436378479004
2024-06-29,AL022024,20.0,2024-07-01 18:00:00,2 days 18:00:00,13.58,-61.75,962.8,105.2,13.765092849731444,127.87078094482422,97.2057647705078,67.13427734375,107.2835922241211,52.497108459472656,39.04672622680664,30.08182907104492,44.3475341796875,23.77267074584961,19.20542907714844,15.627626419067385,20.933935165405277
2024-06-29,AL022024,20.0,2024-07-02 00:00:00,3 days 00:00:00,14.31,-63.5,959.1,108.7,52.065547943115234,137.71920776367188,107.88253021240234,74.00578308105469,119.22444915771484,55.366844177246094,40.37068176269531,31.489654541015625,47.10628509521485,25.92664337158203,20.378293991088867,16.718183517456055,22.61014747619629
2024-06-29,AL022024,20.0,2024-07-02 06:00:00,3 days 06:00:00,14.8,-65.19,963.7,104.1,15.18504810333252,121.76345825195312,96.9083023071289,64.01084899902344,101.958251953125,54.52373504638672,42.40362548828125,33.82804870605469,46.94477081298828,28.46527099609375,23.70366859436035,19.5706787109375,24.95566177368164
2024-06-29,AL022024,20.0,2024-07-02 12:00:00,3 days 12:00:00,15.82,-66.77,958.6,109.9,35.40702819824219,186.49203491210935,150.56869506835938,100.02108001708984,161.18035888671875,85.49235534667969,67.30119323730469,54.184715270996094,74.43550109863281,46.29849624633789,39.08500671386719,32.551029205322266,40.45430755615234
2024-06-29,AL022024,20.0,2024-07-02 18:00:00,3 days 18:00:00,16.61,-68.38,966.7,99.1,41.5403938293457,195.1143341064453,151.97503662109375,103.3084945678711,167.76837158203125,85.7362289428711,66.95486450195312,53.87798690795898,74.49126434326172,43.31202697753906,36.83057022094727,30.37805938720703,38.056270599365234
2024-06-29,AL022024,20.0,2024-07-03 00:00:00,4 days 00:00:00,17.06,-70.73,961.4,109.1,18.307544708251957,182.1407928466797,148.55706787109375,107.72191619873048,156.26296997070312,94.91419219970705,78.24861145019531,64.66130065917969,84.19962310791016,57.30083084106445,49.6695671081543,42.488502502441406,50.34886169433594
2024-06-29,AL022024,20.0,2024-07-03 06:00:00,4 days 06:00:00,17.1,-72.75,972.6,92.8,37.79472732543945,162.35585021972656,129.4387664794922,91.88013458251952,138.1671600341797,69.11595916748047,55.47985458374024,45.86847686767578,61.49629592895508,39.24933242797852,33.418975830078125,27.94014358520508,34.716060638427734
2024-06-29,AL022024,20.0,2024-07-03 12:00:00,4 days 12:00:00,17.48,-74.4,987.9,71.7,18.453201293945312,148.71444702148438,115.0351104736328,86.45214080810547,124.34056854248048,70.61927795410156,58.31925201416016,46.68657684326172,62.105316162109375,32.511199951171875,28.11571502685547,23.85174369812012,29.039403915405277
2024-06-29,AL022024,20.0,2024-07-03 18:00:00,4 days 18:00:00,17.71,-76.21,997.1,54.2,59.68983840942383,77.3121566772461,52.28963851928711,27.04480743408203,59.79969787597656,17.894638061523438,11.441784858703612,6.672019004821777,12.976214408874512,1.3181744813919067,0.3749172687530517,0.0,0.752769947052002
2024-06-29,AL022024,20.0,2024-07-04 00:00:00,5 days 00:00:00,18.02,-78.37,998.5,53.4,35.32155990600586,124.06745910644533,99.4399871826172,63.26564025878906,96.03831481933594,17.824180603027344,11.40717887878418,6.481133937835693,12.863628387451172,0.8522678017616272,0.108522318303585,0.0,0.3032115995883941
2024-06-29,AL022024,20.0,2024-07-04 06:00:00,5 days 06:00:00,17.46,-80.64,1002.5,45.3,45.018287658691406,64.28084564208984,47.53435134887695,25.496580123901367,46.09999847412109,2.836907863616944,0.5084702968597412,0.0,1.88191819190979,0.1234466060996055,0.025729851797223,0.0,0.1187791749835014
2024-06-29,AL022024,20.0,2024-07-04 12:00:00,5 days 12:00:00,17.75,-82.82,1001.3,42.6,122.01600646972656,86.79632568359375,65.9907455444336,41.830528259277344,63.99282836914063,1.3402389287948608,0.0,0.0,0.6772662401199341,0.0805005803704261,0.0,0.0,0.219151422381401
2024-06-29,AL022024,20.0,2024-07-04 18:00:00,5 days 18:00:00,17.75,-84.67,1001.8,41.0,100.4697494506836,15.199366569519045,6.3048248291015625,0.0,6.999326229095459,1.3062007427215576,0.1182452365756034,0.0,0.5170955061912537,0.2310166358947754,0.0,0.0,0.2379727959632873
2024-06-29,AL022024,20.0,2024-07-05 00:00:00,6 days 00:00:00,18.04,-85.68,1000.5,46.2,27.982479095458984,83.16492462158203,63.20209884643555,39.38123321533203,59.59137725830078,7.662657737731934,4.09844446182251,0.9152268171310424,4.87420654296875,0.0,0.0,0.0,0.0177622996270656
2024-06-29,AL022024,20.0,2024-07-05 06:00:00,6 days 06:00:00,18.3,-87.38,998.6,47.8,64.16250610351562,65.6452865600586,48.116241455078125,27.544551849365234,52.7417106628418,15.203914642333984,10.657360076904297,6.607488632202148,11.015979766845703,0.4299947023391723,0.0,0.0,0.0531173311173915
2024-06-29,AL022024,20.0,2024-07-05 12:00:00,6 days 12:00:00,18.99,-88.75,999.5,45.5,43.23738861083984,19.87589836120605,12.43366813659668,0.0,9.293061256408691,1.3876391649246216,0.0047602429986,0.0,0.2208886593580246,0.2070482671260833,0.0,0.0,0.2011114209890365
2024-06-29,AL022024,20.0,2024-07-05 18:00:00,6 days 18:00:00,19.63,-90.43,1004.5,37.1,84.6416015625,98.2698745727539,79.8916015625,51.38589477539063,75.50016021728516,8.612140655517578,5.943676948547363,3.345249652862549,5.700684547424316,0.1274856626987457,0.0,0.0848921984434127,0.1211711838841438
2024-06-29,AL022024,20.0,2024-07-06 00:00:00,7 days 00:00:00,20.3,-92.18,1001.5,43.9,42.53482818603516,63.23413848876953,54.56270217895508,35.17811584472656,45.18561172485352,0.9513580799102784,0.0989524722099304,0.0364098474383354,0.5155928730964661,0.0117309698835015,0.1982951760292053,0.0510100238025188,0.1993692815303802
2024-06-29,AL022024,20.0,2024-07-06 06:00:00,7 days 06:00:00,20.7,-93.61,1002.1,43.8,76.17811584472656,108.26197814941406,85.26338195800781,54.89215087890625,82.12741088867188,8.99929141998291,5.406915187835693,1.924638032913208,6.56080436706543,0.0816002041101455,0.0,0.0,0.1602350324392318
2024-06-29,AL022024,20.0,2024-07-06 12:00:00,7 days 12:00:00,21.15,-95.01,998.9,51.3,72.55170440673828,151.6763458251953,126.68547821044922,84.8971176147461,119.81053924560548,27.07960700988769,20.12510108947754,12.772228240966797,19.79439163208008,1.0737088918685913,0.5242295861244202,0.0,0.4547719359397888
2024-06-29,AL022024,20.0,2024-07-06 18:00:00,7 days 18:00:00,21.51,-95.79,1001.5,44.8,60.44179916381836,63.20198440551758,47.54587936401367,23.41087532043457,46.217315673828125,6.933755874633789,3.545445680618286,1.350802302360535,4.6748552322387695,0.5659299492835999,0.2349654734134674,0.0,0.3443712592124939
2024-06-29,AL022024,20.0,2024-07-07 00:00:00,8 days 00:00:00,21.5,-96.8,1003.0,41.8,72.55091857910156,89.28768157958984,73.8989486694336,47.76079177856445,67.79414367675781,3.491517305374145,1.389950156211853,0.0,2.285576343536377,0.119745910167694,0.0727501586079597,0.0,0.0676034092903137
2024-06-29,AL022024,20.0,2024-07-07 06:00:00,8 days 06:00:00,21.19,-97.47,1003.5,40.2,35.56426239013672,79.4611587524414,64.35479736328125,44.54706573486328,63.28569793701172,2.604207754135132,1.2997453212738037,0.7865449786186218,2.2186286449432373,0.3256001472473144,0.3186455368995666,0.2017160654067993,0.1921490877866745
2024-06-29,AL022024,20.0,2024-07-07 12:00:00,8 days 12:00:00,21.58,-98.54,1005.5,32.4,117.9195785522461,130.66610717773438,118.61564636230467,90.68364715576172,106.90084075927734,4.311818599700928,3.3837547302246094,1.535114049911499,2.7122199535369877,0.2901479601860046,0.3132155835628509,0.1533672958612442,0.0093577988445758
2024-06-29,AL022024,21.0,2024-06-29 00:00:00,0 days 00:00:00,9.2,-43.1,1006.0,35.0,74.07997303488982,74.07997303488982,0.0,0.0,74.07997303488982,,,,,,,,
2024-06-29,AL022024,21.0,2024-06-29 06:00:00,0 days 06:00:00,9.63,-44.99,996.8,52.0,56.62262725830078,81.98717498779297,61.90102005004883,43.06444549560547,68.36869049072266,16.394420623779297,10.64311981201172,6.329949855804443,12.00979232788086,0.2834323048591614,0.0,0.0,0.0
2024-06-29,AL022024,21.0,2024-06-29 12:00:00,0 days 12:00:00,10.19,-46.69,996.4,56.1,55.64671325683594,68.9862289428711,47.130313873291016,30.30034446716309,58.23038101196289,27.81303977966309,20.37965965270996,13.763988494873049,21.544361114501957,2.8525390625,1.4234355688095093,0.4116278290748596,2.038191795349121
2024-06-29,AL022024,21.0,2024-06-29 18:00:00,0 days 18:00:00,10.35,-48.62,997.4,58.1,23.2713680267334,66.724609375,48.45475006103516,34.59362030029297,53.75269317626953,14.5689115524292,9.190521240234377,4.73796272277832,10.449727058410645,0.2022092044353485,0.0,0.0,0.0144663648679852
2024-06-29,AL022024,21.0,2024-06-30 00:00:00,1 days 00:00:00,10.33,-50.65,997.4,56.6,29.475770950317383,76.2024154663086,59.39381790161133,43.31272888183594,62.54022216796875,20.28972625732422,15.005250930786133,9.77280616760254,15.153895378112791,1.2724484205245972,0.5252395272254944,0.0,0.8279275298118591
2024-06-29,AL022024,21.0,2024-06-30 06:00:00,1 days 06:00:00,10.89,-52.23,1001.2,50.8,50.08317947387695,73.1172866821289,54.39273071289063,33.37417984008789,56.87922286987305,13.001912117004396,8.343204498291016,4.789215087890625,9.065531730651855,0.3126698732376098,0.0,0.0,0.0
2024-06-29,AL022024,21.0,2024-06-30 12:00:00,1 days 12:00:00,11.08,-53.8,998.2,58.3,26.429588317871094,101.75835418701172,77.17497253417969,55.14493560791016,86.36908721923828,37.14013671875,28.31230735778809,20.259239196777344,29.31861114501953,7.032314777374268,5.309189796447754,3.805065870285034,5.831831932067871
2024-06-29,AL022024,21.0,2024-06-30 18:00:00,1 days 18:00:00,11.32,-55.46,993.2,60.9,56.71083450317383,90.90974426269533,68.49128723144531,46.30440521240234,75.4657211303711,38.8296127319336,30.05185890197754,21.40237808227539,30.363941192626957,9.17782211303711,6.896867752075195,5.080870151519775,7.267039775848389
2024-06-29,AL022024,21.0,2024-07-01 00:00:00,2 days 00:00:00,11.52,-57.28,987.3,73.0,46.49185562133789,108.6620635986328,87.79959869384766,61.5553092956543,92.4983367919922,47.88981628417969,38.08478927612305,29.648252487182617,40.44451522827149,21.00773811340332,17.300310134887695,14.677395820617676,18.110841751098636
2024-06-29,AL022024,21.0,2024-07-01 06:00:00,2 days 06:00:00,11.75,-59.1,988.3,68.9,43.547828674316406,110.16566467285156,82.43378448486328,50.66764068603516,89.15769958496094,46.234493255615234,34.50016021728516,25.219890594482425,37.18252944946289,13.969069480895996,10.904767036437988,8.181294441223145,11.639043807983398
2024-06-29,AL022024,21.0,2024-07-01 12:00:00,2 days 12:00:00,12.12,-60.81,988.1,70.0,50.741458892822266,138.13409423828125,101.700439453125,63.67213821411133,111.47154998779295,53.286766052246094,39.749290466308594,26.936437606811523,42.048709869384766,11.808782577514648,8.571849822998047,5.6529860496521,9.553912162780762
2024-06-29,AL022024,21.0,2024-07-01 18:00:00,2 days 18:00:00,12.77,-62.33,974.0,90.6,16.216053009033203,123.70023345947266,99.63536071777344,65.12218475341797,98.78278350830078,51.13893127441406,39.76359558105469,29.125917434692383,42.40842819213867,23.06590843200684,19.058109283447266,15.531742095947266,20.149866104125977
2024-06-29,AL022024,21.0,2024-07-02 00:00:00,3 days 00:00:00,13.53,-63.82,966.1,102.0,32.03303909301758,181.0524139404297,144.82980346679688,99.91553497314452,153.32073974609375,80.35326385498047,62.65092849731445,50.26808547973633,69.78926849365234,42.91178131103516,35.819820404052734,30.16726493835449,37.49331283569336
2024-06-29,AL022024,21.0,2024-07-02 06:00:00,3 days 06:00:00,14.55,-65.3,955.7,113.3,22.27132606506348,148.9525909423828,128.56163024902344,91.77326202392578,126.19078826904295,67.9365463256836,54.43622589111328,44.6718864440918,57.9318962097168,34.40087890625,29.69522476196289,24.980262756347656,30.245885848999023
2024-06-29,AL022024,21.0,2024-07-02 12:00:00,3 days 12:00:00,15.6,-67.31,979.2,84.0,30.716354370117188,192.0847930908203,152.9293212890625,101.1605987548828,158.02447509765625,87.4424819946289,71.35800170898438,55.75900650024414,74.59410095214844,40.154178619384766,35.066673278808594,28.90258407592773,35.116981506347656
2024-06-29,AL022024,21.0,2024-07-02 18:00:00,3 days 18:00:00,16.17,-69.66,970.9,96.3,35.15114212036133,222.82598876953125,182.6613006591797,119.54562377929688,188.9571685791016,94.49674987792967,74.67152404785156,58.777130126953125,79.95050048828125,45.45982360839844,38.57993316650391,32.006195068359375,38.9516830444336
2024-06-29,AL022024,21.0,2024-07-03 00:00:00,4 days 00:00:00,16.32,-71.8,979.2,81.4,49.52619171142578,143.16310119628906,112.65448760986328,74.80821990966797,121.22189331054688,59.60747909545898,46.52069854736328,34.91697311401367,49.95711898803711,25.813871383666992,21.524259567260746,17.307802200317383,22.45734977722168
2024-06-29,AL022024,21.0,2024-07-03 06:00:00,4 days 06:00:00,16.68,-73.76,988.9,71.0,22.77973937988281,166.16378784179688,128.36605834960938,87.86612701416016,139.22943115234375,77.36325073242188,61.777931213378906,47.25286865234375,65.34931945800781,29.65275382995605,24.968429565429688,20.38792610168457,25.504642486572266
2024-06-29,AL022024,21.0,2024-07-03 12:00:00,4 days 12:00:00,16.75,-75.77,984.0,74.2,49.19511032104492,166.89669799804688,133.3583984375,88.86698913574219,140.2729034423828,71.14717864990234,56.65055465698242,43.8631706237793,60.43611145019531,30.77422523498535,25.524337768554688,20.87321281433105,26.56862068176269
2024-06-29,AL022024,21.0,2024-07-03 18:00:00,4 days 18:00:00,17.05,-77.36,980.9,79.5,45.963375091552734,174.8186798095703,139.4170379638672,93.7651138305664,147.5210418701172,82.42910766601562,67.54049682617188,54.25978088378906,72.03617858886719,41.58657836914063,36.32989883422852,30.236610412597656,36.41984176635742
2024-06-29,AL022024,21.0,2024-07-04 00:00:00,5 days 00:00:00,17.41,-78.79,979.8,84.4,20.256956100463867,158.40077209472656,128.11660766601562,86.49021911621094,128.61053466796875,61.25004577636719,49.06558227539063,35.752044677734375,51.40401077270508,26.037784576416016,21.80967330932617,17.90959930419922,22.475963592529297
2024-06-29,AL022024,21.0,2024-07-04 06:00:00,5 days 06:00:00,17.93,-80.44,987.6,71.6,21.593095779418945,143.40731811523438,105.79586029052734,72.04232025146484,119.98480224609376,65.63298797607422,51.58107376098633,38.936790466308594,55.16704940795898,24.473012924194336,20.29767227172852,16.49599266052246,21.158327102661133
2024-06-29,AL022024,21.0,2024-07-04 12:00:00,5 days 12:00:00,18.09,-82.51,989.0,68.0,22.64472007751465,137.8346405029297,106.25454711914062,74.37350463867188,111.52393341064452,46.07542037963867,34.477088928222656,23.693904876708984,36.22908401489258,10.174175262451172,7.481369972229004,5.548880100250244,8.267411231994629
2024-06-29,AL022024,21.0,2024-07-04 18:00:00,5 days 18:00:00,18.11,-84.28,992.3,60.6,50.75624847412109,162.01553344726562,124.81961822509766,79.03836822509766,136.39126586914062,63.688209533691406,47.758975982666016,34.92131423950195,51.42724990844727,13.078908920288086,9.59639835357666,6.663017749786377,10.665102005004885
2024-06-29,AL022024,21.0,2024-07-05 00:00:00,6 days 00:00:00,17.74,-85.93,987.2,65.0,45.514102935791016,122.51263427734376,96.48726654052734,66.38502502441406,104.474365234375,59.65255737304688,47.91143035888672,36.1210823059082,49.97176361083984,21.719871520996094,17.981624603271484,14.644871711730955,18.573488235473636
2024-06-29,AL022024,21.0,2024-07-05 06:00:00,6 days 06:00:00,17.73,-87.09,990.7,62.8,62.14554214477539,135.26641845703125,103.9476318359375,69.14215087890625,116.87808990478516,60.18170547485352,47.136207580566406,35.54123306274414,50.53480529785156,18.79783058166504,15.3921537399292,12.031058311462402,16.09490394592285
2024-06-29,AL022024,21.0,2024-07-05 12:00:00,6 days 12:00:00,17.69,-88.3,985.7,68.1,22.219850540161133,122.7050323486328,100.8074188232422,69.821533203125,102.57108306884766,39.34799575805664,29.10936164855957,21.74256896972656,31.82257843017578,5.60687780380249,3.7392897605896,1.9219839572906492,4.355096340179443
2024-06-29,AL022024,21.0,2024-07-05 18:00:00,6 days 18:00:00,17.62,-89.65,987.4,62.9,56.80584335327149,133.04469299316406,107.3821029663086,76.41829681396484,107.8960189819336,37.976558685302734,28.39197540283203,17.874622344970703,28.44460868835449,3.934075593948364,1.3709616661071775,0.2825838625431061,2.476773738861084
2024-06-29,AL022024,21.0,2024-07-06 00:00:00,7 days 00:00:00,17.77,-90.87,990.6,59.1,40.92575454711914,167.88108825683594,147.59628295898438,108.33399963378906,133.2059326171875,34.237735748291016,28.16430282592773,19.008058547973636,26.011350631713867,2.159628629684448,0.993672788143158,0.0,1.1690229177474976
2024-06-29,AL022024,21.0,2024-07-06 06:00:00,7 days 06:00:00,17.45,-92.34,998.5,42.3,76.4240493774414,60.18909454345703,45.72720718383789,29.585798263549805,51.00230026245117,15.626415252685549,11.479619979858398,7.581145763397217,11.62561321258545,0.8651952147483826,0.0894239991903305,0.0,0.5035060048103333
2024-06-29,AL022024,21.0,2024-07-06 12:00:00,7 days 12:00:00,17.11,-92.76,1002.8,35.0,41.499755859375,10.4257173538208,8.481650352478027,4.931395053863525,8.457477569580078,1.2177249193191528,1.4345229864120483,0.669970691204071,0.7198116183280945,0.0,0.0,0.0,0.0
2024-06-29,AL022024,21.0,2024-07-06 18:00:00,7 days 18:00:00,17.1,-93.95,1002.4,37.3,98.01937866210938,43.19417190551758,36.25349807739258,22.956907272338867,33.21617889404297,8.013232231140137,6.471506595611572,4.262187480926514,5.798981189727783,0.4152402281761169,0.1210197582840919,0.1047150790691375,0.1496695727109909
2024-06-29,AL022024,21.0,2024-07-07 00:00:00,8 days 00:00:00,16.56,-95.46,1004.1,27.7,64.6097412109375,3.9453256130218506,2.3076589107513428,1.2549937963485718,3.056583881378174,0.0221777968108654,0.2330490946769714,0.198608860373497,0.4493933022022247,0.0,0.0,0.0,0.1323162615299224
2024-06-29,AL022024,21.0,2024-07-07 06:00:00,8 days 06:00:00,14.77,-94.96,1000.8,35.5,59.31778717041016,11.397414207458496,12.691144943237305,11.13288688659668,17.876388549804688,0.0,0.3744027614593506,6.083459854125977,5.452633380889893,0.1385890990495681,0.6178508400917053,0.0,1.0514411926269531
2024-06-29,AL022024,21.0,2024-07-07 12:00:00,8 days 12:00:00,15.59,-96.58,1003.1,30.3,97.9184341430664,2.752803087234497,3.930855035781861,5.864016532897949,1.9206461906433103,0.53315669298172,1.0818169116973877,0.6577792167663574,0.1496244519948959,0.0312461201101541,0.4389579892158508,0.4151013493537903,0.2184309810400009
2024-06-29,AL022024,22.0,2024-06-29 00:00:00,0 days 00:00:00,9.2,-43.1,1006.0,35.0,74.07997303488982,74.07997303488982,0.0,0.0,74.07997303488982,,,,,,,,
2024-06-29,AL022024,22.0,2024-06-29 06:00:00,0 days 06:00:00,9.45,-44.73,999.4,47.7,73.71044158935547,61.78884506225586,47.0952033996582,31.72149658203125,52.48693084716797,18.22679710388184,13.138455390930176,8.660860061645508,13.518259048461914,0.2696644961833954,0.0,0.0,0.0
2024-06-29,AL022024,22.0,2024-06-29 12:00:00,0 days 12:00:00,10.23,-45.99,1003.4,42.6,43.00053405761719,46.50608444213867,41.787784576416016,29.34920883178711,34.664756774902344,0.3039905428886413,0.0,0.0,0.0,0.0,0.0,0.0,0.0820161178708076
2024-06-29,AL022024,22.0,2024-06-29 18:00:00,0 days 18:00:00,10.34,-47.73,994.9,54.7,53.11355209350586,91.82672119140624,79.65459442138672,57.8138427734375,71.92221069335938,17.74644660949707,13.12460231781006,8.639327049255371,12.017206192016602,0.1168325766921043,0.0,0.0,0.0
2024-06-29,AL022024,22.0,2024-06-30 00:00:00,1 days 00:00:00,10.5,-50.08,1004.6,46.3,51.55828857421875,57.0632438659668,41.576148986816406,24.90374755859375,42.08747482299805,2.155618190765381,0.1843295693397522,0.0,1.1690857410430908,0.1639173179864883,0.0,0.0,0.0443991236388683
2024-06-29,AL022024,22.0,2024-06-30 06:00:00,1 days 06:00:00,10.89,-51.82,998.6,56.9,49.78033828735352,87.61292266845703,65.15326690673828,43.09111785888672,74.33760070800781,37.83655548095703,28.28751945495605,20.28575325012207,29.018022537231445,5.495086193084717,3.573858976364136,2.209935426712036,3.9583935737609854
2024-06-29,AL022024,22.0,2024-06-30 12:00:00,1 days 12:00:00,11.03,-53.39,1000.4,51.7,51.2951774597168,97.68251037597656,77.798828125,52.35210800170898,81.0648422241211,21.60737609863281,14.657078742980955,9.750864028930664,15.0617036819458,0.6068630218505859,0.0,0.0,0.0
2024-06-29,AL022024,22.0,2024-06-30 18:00:00,1 days 18:00:00,11.22,-55.51,999.0,52.9,50.99521255493164,106.48973846435548,82.68790435791016,52.19894409179688,87.62969970703125,34.70467758178711,25.85730743408203,17.257471084594727,25.5151309967041,1.5374422073364258,0.2594647705554962,0.0,0.3831715583801269
2024-06-29,AL022024,22.0,2024-07-01 00:00:00,2 days 00:00:00,11.32,-57.47,995.6,58.1,48.8768196105957,99.26335144042967,75.77996826171875,49.95052719116211,85.22831726074219,40.71841812133789,31.735107421875,23.257272720336918,32.2272834777832,7.781186103820801,5.627096652984619,3.904731273651123,6.246065616607666
2024-06-29,AL022024,22.0,2024-07-01 06:00:00,2 days 06:00:00,11.46,-58.28,1001.0,49.3,33.561805725097656,56.81145477294922,45.556884765625,29.44835662841797,41.38196563720703,4.7700042724609375,2.255400896072388,0.6846168637275696,2.9954254627227783,0.0,0.0,0.0,0.0
2024-06-29,AL022024,22.0,2024-07-01 12:00:00,2 days 12:00:00,12.12,-60.49,997.2,57.4,46.33376693725586,99.0923843383789,66.58152770996094,36.663360595703125,77.97537231445312,35.69125747680664,25.799240112304688,16.293119430541992,26.85519027709961,2.267880439758301,0.6201192140579224,0.0,0.9321861863136292
2024-06-29,AL022024,22.0,2024-07-01 18:00:00,2 days 18:00:00,12.66,-62.35,999.2,54.7,61.423465728759766,165.4674530029297,131.02378845214844,83.28006744384766,131.01206970214844,40.66275024414063,29.337764739990234,17.9449520111084,29.38926315307617,1.9989075660705569,0.3154932260513305,0.0,0.6992495656013489
2024-06-29,AL022024,22.0,2024-07-02 00:00:00,3 days 00:00:00,13.12,-64.38,999.4,56.2,48.986793518066406,152.65252685546875,126.27449035644533,85.41043090820312,116.3336410522461,12.30846881866455,7.371098041534424,2.316000938415528,8.177757263183594,0.4746465981006622,0.0,0.0,0.2162762433290481
2024-06-29,AL022024,22.0,2024-07-02 06:00:00,3 days 06:00:00,13.71,-66.7,996.5,57.3,81.3344497680664,243.91482543945312,190.77297973632807,128.6239776611328,206.9475555419922,120.07793426513672,100.18436431884766,76.41130828857422,99.32179260253906,19.767717361450195,15.88319206237793,11.607559204101562,16.441404342651367
2024-06-29,AL022024,22.0,2024-07-02 12:00:00,3 days 12:00:00,14.42,-68.49,994.5,63.3,39.55525970458984,148.84896850585938,118.8881607055664,75.61068725585938,112.76464080810548,22.73573875427246,14.679204940795898,6.709187984466553,15.040857315063477,0.6508026719093323,0.0,0.0,0.1581926941871643
2024-06-29,AL022024,22.0,2024-07-02 18:00:00,3 days 18:00:00,15.34,-70.88,992.5,61.7,59.15425109863281,172.3509521484375,134.88160705566406,85.26821899414062,138.0915985107422,62.20685577392578,47.80990982055664,32.94231414794922,47.75433349609375,8.421637535095215,6.044885635375977,3.301121234893799,6.152276992797852
2024-06-29,AL022024,22.0,2024-07-03 00:00:00,4 days 00:00:00,16.46,-72.41,993.0,62.3,36.198848724365234,76.20710754394531,69.34663391113281,39.57621383666992,54.20896911621094,21.653366088867188,15.594489097595217,10.088421821594238,14.978456497192385,0.7943052053451538,0.0,0.0,0.269822895526886
2024-06-29,AL022024,22.0,2024-07-03 06:00:00,4 days 06:00:00,16.81,-74.91,994.0,58.0,42.33412170410156,125.2227554321289,99.63207244873048,66.25590515136719,108.00301361083984,33.04526138305664,23.317291259765625,17.811317443847656,27.991085052490234,1.4945464134216309,0.2012902200222015,0.0,1.1632086038589478
2024-06-29,AL022024,22.0,2024-07-03 12:00:00,4 days 12:00:00,16.98,-76.85,993.8,56.6,94.01526641845705,166.9066619873047,130.9932403564453,85.36236572265625,137.53944396972656,55.76222610473633,42.668739318847656,29.16191291809082,41.707916259765625,3.4993138313293457,1.4425690174102783,0.0,1.5067356824874878
2024-06-29,AL022024,22.0,2024-07-03 18:00:00,4 days 18:00:00,17.0,-78.35,997.2,55.7,51.10021209716797,117.20105743408205,86.62623596191406,47.11909103393555,92.21266174316406,52.48429870605469,40.98820495605469,28.078527450561523,40.70545959472656,7.129393577575684,5.261000156402588,2.7390735149383545,5.2115020751953125
2024-06-29,AL022024,22.0,2024-07-04 00:00:00,5 days 00:00:00,17.23,-79.03,992.1,59.8,75.58961486816406,133.95089721679688,98.61526489257812,59.82301712036133,106.51546478271484,51.78672409057617,40.0201416015625,27.934314727783203,41.18720245361328,9.674946784973145,7.247391700744629,4.94921875,7.685526371002197
2024-06-29,AL022024,22.0,2024-07-04 06:00:00,5 days 06:00:00,16.97,-80.32,989.5,65.9,54.07762145996094,159.1863555908203,120.78858184814452,79.4393310546875,130.87066650390625,60.06854248046875,46.19784927368164,33.653350830078125,48.29623794555664,10.80199909210205,7.811227798461914,5.4504923820495605,8.266312599182129
2024-06-29,AL022024,22.0,2024-07-04 12:00:00,5 days 12:00:00,16.74,-82.07,996.3,49.9,81.05059814453125,124.02873992919922,93.54206085205078,54.9228515625,98.84298706054688,41.82563018798828,31.27438735961914,21.193618774414062,31.513330459594727,1.496105670928955,0.1804628074169159,0.0,0.4971243441104889
2024-06-29,AL022024,22.0,2024-07-04 18:00:00,5 days 18:00:00,17.2,-83.07,999.0,51.0,93.3765640258789,223.694091796875,195.39010620117188,142.6329345703125,177.39874267578125,15.990272521972656,11.162102699279783,6.031310081481934,11.414015769958496,0.3036747574806213,0.0,0.0,0.1818755269050598
2024-06-29,AL022024,22.0,2024-07-05 00:00:00,6 days 00:00:00,17.17,-84.41,997.3,49.8,43.88713836669922,96.6427764892578,80.44037628173828,50.98171615600586,68.81907653808594,2.424919843673706,0.0,0.0,1.024673342704773,0.3053500652313232,0.0,0.0,0.3453244268894195
2024-06-29,AL022024,22.0,2024-07-05 06:00:00,6 days 06:00:00,17.32,-85.18,995.6,56.3,34.1375617980957,135.25521850585938,111.01065826416016,76.42728424072266,107.26143646240234,21.17905044555664,14.411334991455078,7.911595821380615,15.448234558105469,0.4842176139354706,0.0,0.0,0.0
2024-06-29,AL022024,22.0,2024-07-05 12:00:00,6 days 12:00:00,16.97,-85.97,996.2,53.1,35.20420837402344,55.424766540527344,47.93938446044922,30.06839942932129,41.96907424926758,7.354835987091064,4.478584289550781,1.800267457962036,4.627303600311279,0.0654257610440254,0.0,0.0,0.0
2024-06-29,AL022024,22.0,2024-07-05 18:00:00,6 days 18:00:00,17.07,-87.38,1000.2,46.2,59.79591369628906,110.90808868408205,98.36139678955078,70.64981842041016,85.11808013916016,1.7327518463134766,0.5379000902175903,0.0,0.5070312023162842,0.0968165770173072,0.1259279549121856,0.0,0.0121552282944321
2024-06-29,AL022024,22.0,2024-07-06 00:00:00,7 days 00:00:00,16.89,-87.76,1000.0,41.3,78.662841796875,94.94739532470705,84.13716888427734,56.489070892333984,73.18016052246094,4.699383735656738,3.8433430194854736,1.810611724853516,2.8601624965667725,0.0,0.1643660813570022,0.0610507279634475,0.0
2024-06-29,AL022024,22.0,2024-07-06 06:00:00,7 days 06:00:00,16.75,-88.11,999.4,44.0,51.46500015258789,67.28145599365234,57.27790832519531,39.68151092529297,54.42692947387695,1.8793678283691408,0.4073279201984405,0.1429459452629089,1.2676693201065063,0.3362427353858948,0.1683493256568908,0.2119744569063186,0.2767389714717865
2024-06-29,AL022024,22.0,2024-07-06 12:00:00,7 days 12:00:00,17.51,-88.47,1002.7,33.0,98.76931762695312,6.642191886901856,4.040681838989258,0.0,2.350904941558838,1.0348173379898071,0.4794640839099884,0.0,0.3872086107730865,0.2867086827754974,0.0244726911187171,0.0,0.0
2024-06-29,AL022024,22.0,2024-07-06 18:00:00,7 days 18:00:00,18.0,-88.6,1000.5,39.1,83.99327087402344,75.5978775024414,63.15622329711914,42.37334442138672,56.35180282592773,2.864378929138184,1.5437369346618652,0.0,1.2866357564926147,0.1234068796038627,0.0,0.0,0.0577916279435157
2024-06-29,AL022024,22.0,2024-07-07 00:00:00,8 days 00:00:00,17.89,-88.79,1001.1,36.4,72.6667709350586,6.683186531066895,4.106052875518799,0.0,3.249234676361084,0.9693847298622132,1.042649507522583,0.4736353158950805,0.7510897517204285,0.0,0.0,0.0338174104690551,0.0036182024050503
2024-06-29,AL022024,22.0,2024-07-07 06:00:00,8 days 06:00:00,18.78,-89.43,1002.1,35.2,92.44104766845705,21.9411563873291,18.736047744750977,7.85416316986084,15.646013259887695,1.1640043258666992,0.5507553815841675,0.0,0.8115264773368835,0.0914179161190986,0.0,0.0627322271466255,0.0719471499323844
2024-06-29,AL022024,22.0,2024-07-07 12:00:00,8 days 12:00:00,19.17,-89.96,1006.5,26.4,98.12762451171876,18.123165130615234,14.06778621673584,5.71983003616333,11.869330406188965,0.0966387018561363,0.4725883603096008,0.2006529718637466,0.0,0.0,0.0062212469056248,0.0558979250490665,0.0
2024-06-29,AL022024,22.0,2024-07-07 18:00:00,8 days 18:00:00,19.4,-90.54,1002.0,36.2,102.68484497070312,17.39971160888672,14.093159675598145,5.116073131561279,12.118924140930176,1.4623342752456665,1.3020659685134888,0.9410701394081116,0.8086811900138855,0.1196473464369773,0.0676167011260986,0.2490278780460357,0.0641880556941032
2024-06-29,AL022024,22.0,2024-07-08 00:00:00,9 days 00:00:00,19.82,-90.97,1002.3,40.2,49.7349967956543,111.79354858398438,98.3105010986328,69.60377502441406,86.90664672851562,9.593286514282228,7.141154766082764,3.90597414970398,6.714385509490967,0.0336923375725746,0.0,0.0,0.0656747594475746
2024-06-29,AL022024,22.0,2024-07-08 06:00:00,9 days 06:00:00,19.6,-91.43,997.2,49.0,54.8155517578125,51.09919738769531,38.59529113769531,22.876996994018555,41.56540298461914,10.62388801574707,6.976231098175049,4.705517768859863,7.7656636238098145,0.2666196227073669,0.0,0.0,0.0436061508953571
2024-06-29,AL022024,22.0,2024-07-08 12:00:00,9 days 12:00:00,20.14,-92.05,999.4,43.0,85.14781951904297,47.33126068115234,37.0538444519043,19.7044734954834,33.0963134765625,1.5522750616073608,0.1162345260381698,0.0,0.5206805467605591,0.270341008901596,0.066430389881134,0.0,0.2496719360351562
2024-06-29,AL022024,22.0,2024-07-08 18:00:00,9 days 18:00:00,20.82,-92.63,991.2,60.2,42.821407318115234,106.94841766357422,84.12869262695312,56.31834411621094,87.94203186035156,44.96657180786133,35.56343078613281,25.514738082885746,34.33406448364258,6.97969913482666,5.229347229003906,3.3684329986572266,5.117061138153076
2024-06-29,AL022024,22.0,2024-07-09 00:00:00,10 days 00:00:00,21.04,-93.32,989.8,62.9,53.86364364624024,108.8042984008789,85.1749038696289,61.54317474365234,90.22171020507812,39.69482421875,31.03517341613769,21.7831974029541,29.871091842651367,4.641014575958252,3.067610740661621,1.8046464920043943,3.14880919456482
2024-06-29,AL022024,22.0,2024-07-09 06:00:00,10 days 06:00:00,21.74,-93.88,989.5,67.1,52.35283279418945,109.4964370727539,84.07706451416016,52.561126708984375,90.03684997558594,32.87714767456055,23.404024124145508,15.433100700378418,24.46850204467773,3.354860305786133,1.6632407903671265,0.4546805918216705,2.2344024181365967
2024-06-29,AL022024,22.0,2024-07-09 12:00:00,10 days 12:00:00,22.12,-94.3,992.0,62.5,31.43825912475586,126.19488525390624,100.84102630615234,67.29150390625,100.95892333984376,42.12898635864258,33.05592727661133,21.459129333496094,31.052223205566406,4.619304656982422,3.2442147731781006,1.5200315713882446,3.088896512985229
2024-06-29,AL022024,22.0,2024-07-09 18:00:00,10 days 18:00:00,23.01,-94.6,986.8,71.5,48.200008392333984,148.0989990234375,127.37676239013672,83.0343246459961,121.1760482788086,63.80606460571289,53.47543716430664,40.74953842163086,50.72990798950195,21.87799072265625,19.00436210632324,15.02964973449707,18.50057983398437
2024-06-29,AL022024,22.0,2024-07-10 00:00:00,11 days 00:00:00,24.01,-95.07,977.8,83.1,26.48579978942871,167.8081817626953,150.7001190185547,104.55921173095705,136.99635314941406,72.5347671508789,62.541141510009766,48.42633438110352,60.12345123291016,31.755348205566406,27.97907447814941,23.153369903564453,27.25473976135254
2024-06-29,AL022024,22.0,2024-07-10 06:00:00,11 days 06:00:00,25.28,-95.4,965.2,99.1,20.630001068115234,156.3697509765625,133.18556213378906,92.45674896240234,127.60704803466795,69.9427261352539,60.242225646972656,47.282039642333984,59.13705825805664,35.61978912353516,31.82108497619629,26.183666229248047,31.039995193481445
2024-06-29,AL022024,22.0,2024-07-10 12:00:00,11 days 12:00:00,26.34,-95.84,976.9,85.2,22.62513732910156,146.42356872558594,134.3303985595703,87.02266693115234,115.25139617919922,75.63947296142578,68.30701446533203,53.21089172363281,63.24214553833008,39.69965744018555,36.06153869628906,29.59910774230957,34.482852935791016
2024-06-29,AL022024,22.0,2024-07-10 18:00:00,11 days 18:00:00,27.53,-95.89,966.1,96.0,33.677452087402344,181.3653564453125,161.18695068359375,105.1432113647461,145.6498260498047,75.7960205078125,66.48099517822266,51.69157409667969,63.86817169189453,38.62869644165039,34.75539016723633,28.278079986572266,33.528316497802734
2024-06-29,AL022024,22.0,2024-07-11 00:00:00,12 days 00:00:00,28.81,-96.27,975.3,81.0,24.304977416992188,145.37030029296875,129.72000122070312,79.6238784790039,108.3944854736328,58.60757064819336,52.46845245361328,37.37174987792969,46.31306076049805,22.859006881713867,20.357364654541016,15.7055082321167,18.956275939941406
2024-06-29,AL022024,22.0,2024-07-11 06:00:00,12 days 06:00:00,30.1,-96.14,992.9,53.7,43.63412857055664,116.87135314941406,103.28192138671876,61.4991455078125,87.4077377319336,36.65781784057617,31.07880401611328,20.904861450195312,26.742408752441406,3.170353889465332,2.014496326446533,0.3866477906703949,1.501388430595398
2024-06-29,AL022024,22.0,2024-07-11 12:00:00,12 days 12:00:00,31.27,-96.99,998.0,34.7,94.29859924316406,31.536134719848636,29.96725082397461,11.87289810180664,18.061628341674805,2.322502851486206,1.7051990032196045,0.0,1.0771242380142212,0.1506402641534805,0.0,0.0,0.0
2024-06-29,AL022024,22.0,2024-07-11 18:00:00,12 days 18:00:00,31.93,-97.27,1000.0,28.4,96.39175415039062,11.505756378173828,9.688486099243164,2.5752084255218506,5.628796100616455,0.799572765827179,0.8517640233039856,0.0,0.6689246296882629,0.1535324603319168,0.0,0.0751256868243217,0.2512373328208923
2024-06-29,AL022024,22.0,2024-07-12 00:00:00,13 days 00:00:00,32.12,-97.3,1003.2,26.8,59.011993408203125,0.0,2.9790470600128174,2.138629913330078,0.0,0.1007906943559646,0.5884609222412109,0.7480984926223755,0.4943114221096039,0.0,0.1176615729928016,0.0,0.0158680770546197
2024-06-29,AL022024,23.0,2024-06-29 00:00:00,0 days 00:00:00,9.2,-43.1,1006.0,35.0,74.07997303488982,74.07997303488982,0.0,0.0,74.07997303488982,,,,,,,,
2024-06-29,AL022024,23.0,2024-06-29 06:00:00,0 days 06:00:00,9.21,-45.09,997.4,53.2,57.058143615722656,101.8577117919922,77.83629608154297,51.12602615356445,87.29905700683594,39.81214141845703,30.025314331054688,20.87932586669922,30.79532623291016,4.3993821144104,2.4691123962402344,0.9553969502449036,3.0400924682617188
2024-06-29,AL022024,23.0,2024-06-29 12:00:00,0 days 12:00:00,9.76,-46.04,996.6,55.2,27.865488052368164,51.712982177734375,40.229103088378906,26.680583953857425,42.34811401367188,12.15418529510498,8.058854103088379,4.831432819366455,8.665129661560059,0.2635509967803955,0.0,0.0,0.20416359603405
2024-06-29,AL022024,23.0,2024-06-29 18:00:00,0 days 18:00:00,10.29,-48.36,1003.1,44.6,41.69441604614258,82.74576568603516,68.68728637695312,49.07683563232422,64.25494384765625,1.220084309577942,0.0,0.0,0.6349761486053467,0.0228505712002515,0.0713998302817344,0.0,0.162910059094429
2024-06-29,AL022024,23.0,2024-06-30 00:00:00,1 days 00:00:00,10.16,-50.39,1004.8,43.6,42.26171112060547,44.20769500732422,32.108741760253906,21.11885452270508,34.45232009887695,0.9253122210502625,0.0,0.0,0.4492485523223877,0.0596458427608013,0.0,0.0,0.0882849991321563
2024-06-29,AL022024,23.0,2024-06-30 06:00:00,1 days 06:00:00,10.37,-52.37,998.4,55.9,55.68014144897461,80.37531280517578,61.1256103515625,36.82724380493164,67.02436065673828,21.962417602539062,14.98297882080078,9.049589157104492,15.87529182434082,0.9341597557067872,0.0,0.0,0.2131176888942718
2024-06-29,AL022024,23.0,2024-06-30 12:00:00,1 days 12:00:00,10.66,-54.39,996.2,57.5,40.58339691162109,93.19036865234376,71.72381591796875,47.87140274047852,80.0099105834961,37.00273895263672,28.11434936523437,20.4506778717041,28.86637115478516,6.405200004577637,4.645924091339111,3.054144382476806,5.232342720031738
2024-06-29,AL022024,23.0,2024-06-30 18:00:00,1 days 18:00:00,11.08,-56.28,994.9,57.3,33.838462829589844,126.45494079589844,99.2740249633789,66.2274398803711,110.4378890991211,67.62798309326172,54.14555740356445,41.4177360534668,54.86492919921875,18.8902587890625,15.323298454284668,11.61198616027832,15.621171951293944
2024-06-29,AL022024,23.0,2024-07-01 00:00:00,2 days 00:00:00,11.44,-58.37,993.2,61.1,50.05600357055664,75.48932647705078,53.09823989868164,34.43668746948242,64.95243072509766,28.40175437927246,20.56499290466309,14.250595092773438,21.636499404907227,3.279177188873291,1.5480419397354126,0.491846352815628,2.176837205886841
2024-06-29,AL022024,23.0,2024-07-01 06:00:00,2 days 06:00:00,11.8,-60.04,994.1,64.4,30.59348487854004,157.7072296142578,121.34103393554688,80.00653839111328,125.33544921875,50.71368408203125,38.10441970825195,25.08108711242676,38.52023315429688,5.063275337219238,2.9252407550811768,1.0449548959732056,3.37255859375
2024-06-29,AL022024,23.0,2024-07-01 12:00:00,2 days 12:00:00,12.01,-61.97,992.7,63.6,50.619022369384766,124.29045867919922,93.12139129638672,57.83096694946289,101.6898422241211,44.26046752929688,32.60783004760742,22.85067176818848,34.680809020996094,8.535316467285156,6.014788627624512,3.9688801765441895,6.912581443786621
2024-06-29,AL022024,23.0,2024-07-01 18:00:00,2 days 18:00:00,12.65,-63.6,994.3,60.5,48.44107437133789,107.17406463623048,78.99898529052734,41.616485595703125,82.52152252197266,32.224002838134766,22.67975807189941,13.162333488464355,22.801380157470703,2.1811723709106445,0.4891518056392669,0.0,0.9119828939437866
2024-06-29,AL022024,23.0,2024-07-02 00:00:00,3 days 00:00:00,13.35,-65.41,985.4,76.1,31.55870246887207,144.1378631591797,113.12256622314452,80.61840057373047,117.58037567138672,54.3740348815918,43.92657852172852,32.10285186767578,44.6612434387207,19.20357894897461,15.783941268920898,13.093194961547852,16.225038528442383
2024-06-29,AL022024,23.0,2024-07-02 06:00:00,3 days 06:00:00,13.93,-67.15,986.5,74.5,43.1675910949707,186.8896942138672,147.04788208007812,95.90630340576172,157.08628845214844,99.19251251220705,82.24877166748047,66.8267593383789,86.05729675292969,47.48660659790039,41.13319778442383,34.45854187011719,41.03014755249024
2024-06-29,AL022024,23.0,2024-07-02 12:00:00,3 days 12:00:00,14.51,-68.92,987.6,72.6,45.76347732543945,206.4784240722656,163.14218139648438,103.3846206665039,170.6116485595703,95.7817840576172,77.61652374267578,60.49594879150391,80.25355529785156,40.110145568847656,34.37034225463867,27.84101867675781,34.23328399658203
2024-06-29,AL022024,23.0,2024-07-02 18:00:00,3 days 18:00:00,15.05,-70.73,979.6,84.8,22.379514694213867,186.06678771972656,151.08128356933594,100.28468322753906,151.9036102294922,80.01471710205078,64.53594970703125,49.930118560791016,66.09102630615234,31.66565704345703,27.18347549438477,22.30457878112793,27.12999725341797
2024-06-29,AL022024,23.0,2024-07-03 00:00:00,4 days 00:00:00,15.58,-72.89,972.6,91.6,19.396381378173828,199.2494354248047,159.9329071044922,113.6483383178711,169.4769744873047,80.28832244873047,63.9740104675293,50.05460357666016,68.01669311523438,33.97651672363281,29.137527465820312,23.816219329833984,29.71005249023437
2024-06-29,AL022024,23.0,2024-07-03 06:00:00,4 days 06:00:00,16.28,-75.73,982.3,77.8,21.71717834472656,150.5918426513672,116.2291259765625,79.9615478515625,129.65426635742188,73.53643798828125,58.46002960205078,46.25294876098633,63.28854370117188,31.199281692504883,26.370792388916016,21.586320877075195,27.384727478027344
2024-06-29,AL022024,23.0,2024-07-03 12:00:00,4 days 12:00:00,16.24,-77.43,987.2,70.4,62.74126052856445,143.19921875,103.247314453125,64.94557189941406,121.77037048339844,59.48004913330078,44.28168869018555,31.9896240234375,48.68387985229492,18.770187377929688,14.472700119018556,10.906400680541992,15.884782791137695
2024-06-29,AL022024,23.0,2024-07-03 18:00:00,4 days 18:00:00,16.82,-79.28,985.9,72.0,47.188133239746094,162.19528198242188,120.10150909423828,76.58975982666016,135.04148864746094,67.90870666503906,51.49452590942383,38.29349136352539,57.181522369384766,24.648609161376957,19.774742126464844,15.632225036621094,21.523534774780277
2024-06-29,AL022024,23.0,2024-07-04 00:00:00,5 days 00:00:00,17.26,-81.12,981.4,83.1,26.93512535095215,125.9974594116211,98.36238861083984,65.61465454101562,107.77647399902344,45.54811096191406,34.149024963378906,25.33859634399414,38.946533203125,17.933082580566406,14.495651245117188,11.451048851013184,15.67592716217041
2024-06-29,AL022024,23.0,2024-07-04 06:00:00,5 days 06:00:00,17.26,-83.63,990.0,66.0,33.38515090942383,138.39402770996094,108.77936553955078,71.01429748535156,114.79627227783205,55.32672500610352,43.352352142333984,31.84084701538086,45.52582550048828,15.724964141845703,12.553298950195312,9.323525428771973,13.205117225646973
2024-06-29,AL022024,23.0,2024-07-04 12:00:00,5 days 12:00:00,17.74,-85.27,983.2,75.2,61.497520446777344,116.41268157958984,87.04434967041016,56.64904022216797,96.04873657226562,47.818119049072266,35.523197174072266,24.257280349731445,38.76398086547852,17.181421279907227,13.173284530639648,10.446157455444336,14.586270332336426
2024-06-29,AL022024,23.0,2024-07-04 18:00:00,5 days 18:00:00,17.85,-87.22,986.6,68.6,58.211238861083984,144.77178955078125,108.08474731445312,67.95708465576172,118.79309844970705,57.76045227050781,42.282005310058594,28.912109375,45.33939743041992,11.95478630065918,8.512187004089355,5.653623580932617,9.640134811401367
2024-06-29,AL022024,23.0,2024-07-05 00:00:00,6 days 00:00:00,17.79,-89.18,983.1,73.8,25.788551330566406,141.09835815429688,116.78780364990234,76.38771057128906,114.59394073486328,49.50178527832031,40.25322723388672,30.088138580322266,40.65616607666016,14.011078834533691,11.119722366333008,8.59897518157959,11.387725830078123
2024-06-29,AL022024,23.0,2024-07-05 06:00:00,6 days 06:00:00,18.27,-90.46,999.1,46.2,84.06930541992188,95.24454498291016,76.66731262207031,46.19975662231445,74.16873931884766,10.802642822265623,6.2516021728515625,2.1621649265289307,7.789018630981445,0.8405652642250061,0.0,0.0,0.5528357625007629
2024-06-29,AL022024,23.0,2024-07-05 12:00:00,6 days 12:00:00,18.61,-92.08,995.2,51.6,60.2549057006836,97.01561737060548,74.5899658203125,47.28682327270508,75.80812072753906,21.64408493041992,15.062349319458008,9.296795845031738,15.408761024475098,1.1269574165344238,0.1039306819438934,0.0,0.4091586470603943
2024-06-29,AL022024,23.0,2024-07-05 18:00:00,6 days 18:00:00,18.81,-93.22,994.9,57.3,27.993244171142575,103.28040313720705,76.45384216308594,50.147254943847656,82.44009399414062,35.641319274902344,26.30153465270996,17.971792221069336,26.17259788513184,2.040311574935913,0.7799893617630005,0.0,0.9084778428077698
2024-06-29,AL022024,23.0,2024-07-06 00:00:00,7 days 00:00:00,18.38,-94.41,999.3,44.3,69.389892578125,119.20437622070312,100.95604705810548,69.43717193603516,93.69126892089844,9.08775520324707,5.8842291831970215,2.7541775703430176,6.146243095397949,0.3441314697265625,0.0542821213603019,0.0,0.1729910522699356
2024-06-29,AL022024,23.0,2024-07-06 06:00:00,7 days 06:00:00,18.23,-95.28,999.7,46.7,37.13299179077149,83.59574890136719,69.87294006347656,51.87501907348633,68.86952209472656,2.7924938201904297,1.1107927560806274,0.632840633392334,1.781894564628601,0.3702247440814972,0.321029782295227,0.1688692271709442,0.3010302484035492
2024-06-29,AL022024,23.0,2024-07-06 12:00:00,7 days 12:00:00,17.87,-96.0,1002.2,37.7,36.57964324951172,10.150361061096191,5.517219543457031,0.9749523997306824,7.634764194488525,0.9749695658683776,0.4578877687454223,0.065180130302906,1.2280486822128296,0.4085298478603363,0.4213243424892425,0.1703353524208068,0.4761197566986084
2024-06-29,AL022024,23.0,2024-07-06 18:00:00,7 days 18:00:00,17.61,-96.72,1001.9,25.3,114.9871597290039,5.430855751037598,6.972130298614502,5.832568645477295,7.344953536987305,1.3800815343856812,0.4690914750099182,1.763046145439148,2.831014394760132,0.0,0.0,0.0,0.1990397274494171
2024-06-29,AL022024,24.0,2024-06-29 00:00:00,0 days 00:00:00,9.2,-43.1,1006.0,35.0,74.07997303488982,74.07997303488982,0.0,0.0,74.07997303488982,,,,,,,,
2024-06-29,AL022024,24.0,2024-06-29 06:00:00,0 days 06:00:00,9.48,-44.72,1002.1,47.7,44.38997650146485,79.1221694946289,62.14689636230469,42.2968864440918,61.987701416015625,8.398324012756348,3.930918216705322,0.8289364576339722,5.704266548156738,0.0659264326095581,0.0,0.0,0.0
2024-06-29,AL022024,24.0,2024-06-29 12:00:00,0 days 12:00:00,9.86,-46.68,994.0,61.6,45.77004623413086,67.19493865966797,48.939300537109375,32.09259414672852,59.42535018920898,26.727161407470703,19.02592658996582,13.112765312194824,20.484575271606445,3.669855356216431,2.0771424770355225,1.0421816110610962,2.7819151878356934
2024-06-29,AL022024,24.0,2024-06-29 18:00:00,0 days 18:00:00,10.27,-48.32,986.3,70.7,39.24319839477539,78.97408294677734,61.12227630615234,44.13750457763672,68.51883697509766,37.30083465576172,28.901649475097656,22.24188232421875,31.03263092041016,14.747673988342283,12.159465789794922,9.784488677978516,12.86690616607666
2024-06-29,AL022024,24.0,2024-06-30 00:00:00,1 days 00:00:00,9.92,-50.51,991.3,64.4,60.569435119628906,70.06129455566406,55.49013900756836,39.549461364746094,61.15757751464844,29.672828674316406,23.439247131347656,19.076007843017575,24.78129196166992,11.295714378356934,9.29008674621582,7.758988857269287,9.772253036499023
2024-06-29,AL022024,24.0,2024-06-30 06:00:00,1 days 06:00:00,10.59,-52.05,995.0,61.8,26.01614189147949,95.02570343017578,69.87061309814453,51.48311233520508,80.77942657470703,39.5396842956543,30.903106689453125,21.769855499267575,31.84314346313477,7.297584056854248,5.791566371917725,3.909444808959961,6.156269550323486
2024-06-29,AL022024,24.0,2024-06-30 12:00:00,1 days 12:00:00,10.94,-54.28,1002.8,49.3,41.70275115966797,109.35105895996094,89.037353515625,59.40729522705078,84.90955352783203,8.428789138793945,4.060948848724365,0.4789262413978576,5.439393520355225,0.2358928769826889,0.0,0.0,0.130147323012352
2024-06-29,AL022024,24.0,2024-06-30 18:00:00,1 days 18:00:00,11.01,-56.3,1000.0,51.5,52.48259735107422,130.68630981445312,107.43937683105467,72.9096450805664,105.66568756103516,18.435062408447266,11.930625915527344,6.826985359191895,12.56438446044922,0.7158344388008118,0.0,0.0,0.2045033127069473
2024-06-29,AL022024,24.0,2024-07-01 00:00:00,2 days 00:00:00,11.56,-58.07,994.7,52.2,70.57991790771484,156.86204528808594,145.00184631347656,113.59000396728516,128.7584228515625,20.865598678588867,16.53146743774414,11.60386085510254,14.60926914215088,0.5778598785400391,0.0,0.0,0.1959564089775085
2024-06-29,AL022024,24.0,2024-07-01 06:00:00,2 days 06:00:00,11.93,-59.73,997.6,54.7,64.47926330566406,115.7684326171875,85.89688110351562,54.501930236816406,95.7415542602539,47.25455093383789,35.19697570800781,25.195899963378903,36.74718475341797,6.587471961975098,4.119906902313232,2.196896314620972,4.70875883102417
2024-06-29,AL022024,24.0,2024-07-01 12:00:00,2 days 12:00:00,12.07,-61.89,996.0,55.7,51.25067901611328,87.60790252685547,60.95481872558594,35.59245681762695,70.38287353515625,32.65634536743164,23.537641525268555,15.57242488861084,23.99598693847656,1.5805439949035645,0.1342654824256897,0.0,0.5459772348403931
2024-06-29,AL022024,24.0,2024-07-01 18:00:00,2 days 18:00:00,12.77,-63.68,981.2,78.9,33.31254577636719,143.40890502929688,111.67790222167967,73.07978057861328,117.48960876464844,64.38654327392578,51.38798141479492,39.58373641967773,54.50847244262695,28.280397415161133,23.50064849853516,19.498201370239254,24.273591995239254
2024-06-29,AL022024,24.0,2024-07-02 00:00:00,3 days 00:00:00,13.2,-65.78,981.8,81.7,39.47368240356445,144.02330017089844,113.85960388183594,76.91697692871094,117.73649597167967,51.83722305297852,39.817867279052734,29.55460548400879,42.417240142822266,20.33572578430176,16.205595016479492,13.243682861328123,17.078914642333984
2024-06-29,AL022024,24.0,2024-07-02 06:00:00,3 days 06:00:00,13.91,-67.43,991.2,66.7,25.534992218017575,170.89671325683594,134.14859008789062,89.26558685302734,137.56336975097656,62.99677658081055,49.43144607543945,35.29420852661133,49.49649429321289,13.82456874847412,10.87982177734375,7.718698978424072,11.10055923461914
2024-06-29,AL022024,24.0,2024-07-02 12:00:00,3 days 12:00:00,14.72,-69.47,978.4,82.6,43.0285758972168,188.4235992431641,148.49600219726562,101.60823822021484,159.573486328125,89.34867095947266,72.94744873046875,58.31199645996094,76.84443664550781,42.472843170166016,36.51803207397461,30.30113983154297,36.75337600708008
2024-06-29,AL022024,24.0,2024-07-02 18:00:00,3 days 18:00:00,15.28,-71.65,975.1,89.7,25.16240692138672,159.10919189453125,120.2758331298828,75.96446990966797,126.64119720458984,56.136348724365234,40.93727493286133,28.91061019897461,45.24080276489258,20.062456130981445,15.868189811706545,12.486193656921388,17.158098220825195
2024-06-29,AL022024,24.0,2024-07-03 00:00:00,4 days 00:00:00,15.73,-74.33,980.4,78.9,47.21924591064453,184.1307373046875,149.68276977539062,102.6971664428711,156.31008911132812,86.41909790039062,71.03520965576172,56.968074798583984,74.10222625732422,39.624141693115234,34.22756576538086,28.10526657104492,34.33430480957031
2024-06-29,AL022024,24.0,2024-07-03 06:00:00,4 days 06:00:00,15.71,-75.54,980.7,77.6,49.74932098388672,180.1466064453125,157.8335418701172,113.02218627929688,143.40118408203125,36.01972198486328,27.28905296325684,17.512256622314453,26.6121883392334,2.8546390533447266,1.3674827814102173,0.2603289783000946,1.7189273834228516
2024-06-29,AL022024,24.0,2024-07-03 12:00:00,4 days 12:00:00,16.41,-77.74,995.4,59.9,42.154727935791016,143.5490264892578,113.67816925048828,76.24363708496094,111.1966781616211,19.92583656311035,12.154070854187012,6.640504360198975,14.385604858398438,0.4466885924339294,0.0,0.0,0.208757609128952
2024-06-29,AL022024,24.0,2024-07-03 18:00:00,4 days 18:00:00,16.6,-79.74,994.3,62.0,70.82730102539062,197.26412963867188,156.31419372558594,100.16178131103516,165.24282836914062,76.85640716552734,58.70488739013672,43.06985855102539,61.89339828491211,16.688114166259766,12.371975898742676,8.57410717010498,13.37103271484375
2024-06-29,AL022024,24.0,2024-07-04 00:00:00,5 days 00:00:00,16.86,-81.68,992.4,60.0,56.653587341308594,182.1504669189453,145.4768829345703,96.86753845214844,145.14181518554688,46.02313232421875,33.739837646484375,21.12122917175293,33.58900451660156,2.312107801437378,0.3952461183071136,0.0,0.836121678352356
2024-06-29,AL022024,24.0,2024-07-04 06:00:00,5 days 06:00:00,16.66,-82.91,991.0,65.0,38.21196365356445,119.2558822631836,90.03951263427734,58.29969787597656,97.64756774902344,34.90800857543945,25.075592041015625,17.040010452270508,27.700937271118164,3.520850896835327,1.5109764337539673,0.1231172382831573,2.457401752471924
2024-06-29,AL022024,24.0,2024-07-04 12:00:00,5 days 12:00:00,17.26,-84.32,984.6,71.6,52.751495361328125,150.01193237304688,115.6414566040039,75.19004821777344,123.09535217285156,69.26815795898438,55.22934341430664,40.04356384277344,57.01011276245117,23.58525848388672,19.33201026916504,15.247679710388184,19.86183357238769
2024-06-29,AL022024,24.0,2024-07-04 18:00:00,5 days 18:00:00,17.04,-85.7,978.6,84.6,22.429399490356445,154.2146759033203,126.37569427490234,89.1545639038086,128.17758178710938,73.13145446777344,62.14469146728516,49.73048782348633,65.28245544433594,42.61167526245117,37.51696014404297,31.881622314453125,37.42436218261719
2024-06-29,AL022024,24.0,2024-07-05 00:00:00,6 days 00:00:00,17.28,-87.17,975.9,85.1,47.34257888793945,125.92871856689452,100.40313720703124,63.916839599609375,104.5812759399414,54.17187881469727,41.57200241088867,31.184633255004883,46.26710891723633,29.313621520996094,24.066072463989254,19.90705299377441,25.151567459106445
2024-06-29,AL022024,24.0,2024-07-05 06:00:00,6 days 06:00:00,17.29,-88.29,976.6,82.7,27.560636520385746,147.88926696777344,116.48509979248048,84.72455596923828,127.7599639892578,62.27337646484375,49.392311096191406,39.65966796875,53.72472381591797,27.526166915893555,23.218307495117188,19.35810852050781,23.972978591918945
2024-06-29,AL022024,24.0,2024-07-05 12:00:00,6 days 12:00:00,17.53,-89.23,983.5,72.2,32.235843658447266,88.7026138305664,66.50267028808594,43.669578552246094,72.42892456054688,32.42878341674805,23.778715133666992,16.50778579711914,25.64222717285156,7.188394546508789,5.057917594909668,3.271679162979126,5.629645347595215
2024-06-29,AL022024,24.0,2024-07-05 18:00:00,6 days 18:00:00,18.0,-90.24,994.4,48.7,51.63941192626953,101.08946990966795,80.7359390258789,55.38501739501953,82.58343505859375,28.86365127563477,21.59132957458496,15.489999771118164,21.5565185546875,1.576912522315979,0.2414361983537674,0.0,0.6542987823486328
2024-06-29,AL022024,24.0,2024-07-06 00:00:00,7 days 00:00:00,18.55,-91.16,995.4,47.1,58.12923049926758,65.80741882324219,50.20059967041016,30.452335357666016,51.12665557861328,14.480639457702637,9.984182357788086,6.020761489868164,10.178308486938477,0.3729095458984375,0.0,0.0,0.0
2024-06-29,AL022024,24.0,2024-07-06 06:00:00,7 days 06:00:00,18.52,-92.46,993.6,58.4,19.19695281982422,85.2021255493164,64.57706451416016,38.7398796081543,66.96499633789062,16.2285213470459,9.96371078491211,4.905832290649414,11.108220100402832,0.9494600892066956,0.0,0.0,0.4061232805252075
2024-06-29,AL022024,24.0,2024-07-06 12:00:00,7 days 12:00:00,18.71,-93.55,998.2,44.9,59.31172943115234,47.561973571777344,39.03973007202149,21.03107070922852,39.30169677734375,6.960119247436523,3.841752290725708,2.273582935333252,6.508655071258545,0.5146653652191162,0.0,0.0,0.434779405593872
2024-06-29,AL022024,24.0,2024-07-06 18:00:00,7 days 18:00:00,18.36,-94.66,998.7,47.1,24.903512954711918,75.7601089477539,58.89680862426758,42.71087265014648,62.29468536376953,7.518575668334961,3.407923698425293,1.9586074352264404,5.248276233673096,0.4878597259521484,0.0424227714538574,0.0,0.5344928503036499
2024-06-29,AL022024,24.0,2024-07-07 00:00:00,8 days 00:00:00,18.45,-95.68,1001.3,39.7,55.442909240722656,90.35456848144533,75.8904037475586,56.640357971191406,77.29349517822266,14.020756721496582,9.769449234008787,6.787367343902588,11.255496978759766,0.593487024307251,0.0,0.0,0.4019772410392761
2024-06-29,AL022024,24.0,2024-07-07 06:00:00,8 days 06:00:00,17.71,-95.46,996.6,49.8,15.887450218200684,33.97086334228516,29.41311454772949,23.02972984313965,33.767391204833984,8.016857147216797,4.574782371520996,4.529354572296143,6.953739643096924,2.670827865600586,1.7736775875091553,1.575508952140808,2.469237804412842
2024-06-29,AL022024,24.0,2024-07-07 12:00:00,8 days 12:00:00,17.66,-96.15,1005.2,30.2,53.13824844360352,0.0,0.0,0.0,0.0,0.0,0.0,0.0,0.0,0.8128343224525452,0.8986021280288696,0.6593745946884155,0.8537476062774658
2024-06-29,AL022024,25.0,2024-06-29 00:00:00,0 days 00:00:00,9.2,-43.1,1006.0,35.0,74.07997303488982,74.07997303488982,0.0,0.0,74.07997303488982,,,,,,,,
2024-06-29,AL022024,25.0,2024-06-29 06:00:00,0 days 06:00:00,9.44,-44.73,1002.2,46.0,36.24457931518555,54.08794784545898,40.14825820922852,26.747777938842773,42.411163330078125,2.687701463699341,0.0,0.0,1.7522425651550293,0.0,0.0,0.0,0.0
2024-06-29,AL022024,25.0,2024-06-29 12:00:00,0 days 12:00:00,9.6,-46.25,985.6,68.9,54.45331954956055,130.08322143554688,111.7015380859375,93.22897338867188,110.09236907958984,28.154502868652344,20.9229793548584,14.694881439208984,21.60480499267578,0.4197603166103363,0.0,0.0,0.497393250465393
2024-06-29,AL022024,25.0,2024-06-29 18:00:00,0 days 18:00:00,10.03,-48.51,989.9,68.3,22.77395820617676,104.45841979980467,82.20852661132812,64.48200225830078,90.1480941772461,43.48674011230469,34.565826416015625,26.33003044128418,36.78329849243164,16.912874221801758,14.28176498413086,11.660396575927734,15.04535675048828
2024-06-29,AL022024,25.0,2024-06-30 00:00:00,1 days 00:00:00,10.17,-50.2,993.4,64.1,45.93410110473633,116.51696014404295,97.60857391357422,69.73407745361328,103.86438751220705,49.80653381347656,39.85660552978516,31.345104217529297,41.391876220703125,16.96503448486328,13.97689151763916,11.428670883178713,14.57403564453125
2024-06-29,AL022024,25.0,2024-06-30 06:00:00,1 days 06:00:00,10.25,-52.07,988.6,73.0,27.27851676940918,109.05252075195312,86.7045669555664,65.27616882324219,93.37985229492188,47.266632080078125,37.8581428527832,29.076988220214844,40.63579940795898,19.30252265930176,16.439481735229492,13.563506126403809,17.297409057617188
2024-06-29,AL022024,25.0,2024-06-30 12:00:00,1 days 12:00:00,10.5,-53.72,985.1,77.4,31.30007553100586,99.31230926513672,76.2788314819336,53.96702194213867,84.79702758789062,41.75289916992188,32.201011657714844,24.41506004333496,35.34961700439453,16.882022857666016,13.527100563049316,11.24084758758545,14.725018501281738
2024-06-29,AL022024,25.0,2024-06-30 18:00:00,1 days 18:00:00,10.95,-55.08,986.2,74.9,19.32561683654785,100.82103729248048,76.57079315185547,54.467506408691406,81.8905258178711,37.4490852355957,28.02261734008789,20.398849487304688,30.74699211120605,13.786236763000488,10.98435401916504,9.04408836364746,11.83480739593506
2024-06-29,AL022024,25.0,2024-07-01 00:00:00,2 days 00:00:00,11.01,-57.21,991.1,68.3,32.28319549560547,110.75904083251952,85.62940979003906,60.08715057373047,90.59927368164062,43.933441162109375,34.482913970947266,25.21003150939941,36.13447570800781,15.96414852142334,12.857977867126465,10.568793296813965,13.60960578918457
2024-06-29,AL022024,25.0,2024-07-01 06:00:00,2 days 06:00:00,11.29,-59.19,991.3,65.3,51.46590805053711,114.0391845703125,85.61865997314453,53.53662109375,93.37725830078124,49.5403938293457,38.06417846679688,27.45904922485352,39.96500015258789,13.51199436187744,10.31324863433838,7.757131576538086,10.997886657714844
2024-06-29,AL022024,25.0,2024-07-01 12:00:00,2 days 12:00:00,11.85,-61.04,983.7,78.3,27.56168937683105,127.50725555419922,97.5937042236328,68.24037170410156,105.78026580810548,49.29506301879883,37.65039443969727,28.28987693786621,41.29151153564453,20.08658599853516,16.28970718383789,13.528363227844238,17.635940551757812
2024-06-29,AL022024,25.0,2024-07-01 18:00:00,2 days 18:00:00,12.44,-62.42,972.7,87.8,31.462581634521484,180.3277282714844,163.2219696044922,128.22457885742188,152.12063598632812,75.25267028808594,64.67719268798828,52.64752197265625,62.00260162353516,26.9566593170166,23.465301513671875,19.93097686767578,23.071186065673828
2024-06-29,AL022024,25.0,2024-07-02 00:00:00,3 days 00:00:00,12.89,-64.34,988.8,72.5,37.28532028198242,168.39205932617188,130.60760498046875,90.861083984375,137.8525390625,81.65834045410156,67.53705596923828,52.37395095825195,70.79175567626953,37.89010238647461,32.755455017089844,27.507966995239254,33.10749435424805
2024-06-29,AL022024,25.0,2024-07-02 06:00:00,3 days 06:00:00,13.39,-66.12,993.5,68.2,39.30420303344727,152.67503356933594,115.19621276855467,75.8954849243164,120.56111907958984,56.398040771484375,42.08078002929688,28.7987117767334,43.16409683227539,8.6530179977417,5.505680084228516,3.494677782058716,6.165914535522461
2024-06-29,AL022024,25.0,2024-07-02 12:00:00,3 days 12:00:00,13.6,-68.0,981.3,83.0,25.6882438659668,157.35438537597656,128.52256774902344,82.75084686279297,125.21781158447266,65.35011291503906,52.48793029785156,38.872802734375,53.595821380615234,27.542709350585938,23.041650772094727,19.12650680541992,23.69399070739746
2024-06-29,AL022024,25.0,2024-07-02 18:00:00,3 days 18:00:00,14.22,-69.89,975.5,88.4,11.615732192993164,166.96096801757812,133.248779296875,87.36688232421875,134.00961303710938,64.34320068359375,49.16155624389648,36.05931854248047,52.40299606323242,26.193328857421875,21.72240447998047,17.93001937866211,22.549623489379883
2024-06-29,AL022024,25.0,2024-07-03 00:00:00,4 days 00:00:00,14.74,-71.73,979.6,82.6,33.75947952270508,196.641845703125,161.5389862060547,106.02156829833984,163.41253662109375,88.02246856689453,69.87026977539062,54.93837738037109,74.46002197265625,43.721710205078125,37.26491165161133,31.30890655517578,37.51450729370117
2024-06-29,AL022024,25.0,2024-07-03 06:00:00,4 days 06:00:00,15.11,-74.12,988.6,69.0,57.70945739746094,252.89833068847656,198.558349609375,141.487548828125,218.0436248779297,122.10704040527344,100.21525573730467,78.64607238769531,103.97908020019533,41.08845901489258,35.68338394165039,29.228246688842773,35.63004302978516
2024-06-29,AL022024,25.0,2024-07-03 12:00:00,4 days 12:00:00,15.48,-76.67,987.9,72.0,41.92881774902344,167.60736083984375,131.42507934570312,87.04779815673828,134.47108459472656,35.770172119140625,23.934877395629883,12.943143844604492,25.731863021850582,2.163302421569824,0.2686672210693359,0.0,1.211234450340271
2024-06-29,AL022024,25.0,2024-07-03 18:00:00,4 days 18:00:00,16.06,-78.13,988.7,68.0,18.53620338439941,116.32449340820312,95.43861389160156,71.29502868652344,98.8898696899414,48.680885314941406,39.2248649597168,31.7170467376709,41.29267883300781,17.623456954956055,15.403149604797363,12.405817031860352,15.607711791992188
2024-06-29,AL022024,25.0,2024-07-04 00:00:00,5 days 00:00:00,16.02,-79.93,996.7,55.7,41.12382125854492,198.764892578125,172.56976318359375,125.61438751220705,155.49285888671875,11.09475326538086,5.22971248626709,0.4417742490768432,7.0100812911987305,0.1902436763048172,0.0,0.0,0.2484351098537445
2024-06-29,AL022024,25.0,2024-07-04 06:00:00,5 days 06:00:00,15.74,-82.16,1001.5,50.3,107.85568237304688,213.4931488037109,182.3507537841797,129.40292358398438,169.5306396484375,8.295345306396484,3.088913679122925,0.0,6.184162139892578,0.5667957663536072,0.0,0.0,0.5521240830421448
2024-06-29,AL022024,25.0,2024-07-04 12:00:00,5 days 12:00:00,15.74,-83.54,996.7,54.3,36.13139724731445,103.0531005859375,74.54846954345703,44.14952087402344,80.92328643798828,37.19558334350586,27.656408309936523,17.656658172607422,27.915132522583008,3.138577699661255,1.5525803565979004,0.3267261087894439,1.8809372186660769
2024-06-29,AL022024,25.0,2024-07-04 18:00:00,5 days 18:00:00,15.86,-85.1,993.9,57.5,50.20744323730469,157.62448120117188,129.17880249023438,87.9327163696289,123.20458221435548,20.563838958740234,13.324697494506836,7.111131191253662,14.68846035003662,0.5114549994468689,0.0,0.0,0.0628560408949852
2024-06-29,AL022024,25.0,2024-07-05 00:00:00,6 days 00:00:00,16.22,-86.38,989.7,59.6,59.7818489074707,118.30889892578124,94.4835968017578,62.45734024047852,95.5027084350586,39.84536743164063,30.64324760437012,20.73498916625977,30.333904266357425,4.877724170684815,3.026431083679199,1.7198169231414795,3.139092445373535
2024-06-29,AL022024,25.0,2024-07-05 06:00:00,6 days 06:00:00,16.23,-87.74,993.4,57.7,28.84598731994629,110.22686767578124,88.03250885009766,59.59990692138672,87.8815689086914,25.02170181274414,18.233692169189453,11.109123229980469,17.907644271850586,1.437857151031494,0.3758024573326111,0.0,0.4468156397342682
2024-06-29,AL022024,25.0,2024-07-05 12:00:00,6 days 12:00:00,16.1,-88.88,992.5,53.6,50.49613952636719,90.30335998535156,69.42591094970703,48.88079071044922,76.54840850830078,21.7945613861084,14.43051815032959,8.642863273620605,15.75979232788086,2.302849531173706,0.9363859295845032,0.1745159327983856,1.1426196098327637
2024-06-29,AL022024,25.0,2024-07-05 18:00:00,6 days 18:00:00,15.91,-90.0,999.8,35.4,72.25869750976562,7.0053815841674805,2.247933149337769,0.5399000644683838,2.72383189201355,3.195535659790039,1.706870436668396,0.0504478216171264,1.6140174865722656,0.3203168511390686,0.0077849454246461,0.0,0.1899488270282745
2024-06-29,AL022024,25.0,2024-07-06 00:00:00,7 days 00:00:00,16.29,-90.77,1003.8,24.8,71.89375305175781,3.803398609161377,5.152324676513672,6.693260669708252,2.1094789505004883,0.9546615481376648,1.613885521888733,0.0779373943805694,0.1710548549890518,0.0,0.0,0.0085717141628265,0.0
2024-06-29,AL022024,26.0,2024-06-29 00:00:00,0 days 00:00:00,9.2,-43.1,1006.0,35.0,74.07997303488982,74.07997303488982,0.0,0.0,74.07997303488982,,,,,,,,
2024-06-29,AL022024,26.0,2024-06-29 06:00:00,0 days 06:00:00,9.33,-44.63,1000.1,46.6,56.82013702392578,49.484317779541016,41.09867858886719,31.797487258911133,42.192161560058594,4.612272262573242,3.6224658489227295,2.9590139389038086,3.6832642555236816,0.0,0.0,0.0,0.0
2024-06-29,AL022024,26.0,2024-06-29 12:00:00,0 days 12:00:00,9.91,-46.67,982.4,79.6,21.9783935546875,102.6162109375,74.44451904296875,49.16424179077149,86.9389877319336,49.52995681762695,38.701393127441406,28.29503631591797,42.019962310791016,24.231380462646484,19.77361869812012,15.86720371246338,20.880090713500977
2024-06-29,AL022024,26.0,2024-06-29 18:00:00,0 days 18:00:00,9.95,-48.39,967.3,98.7,32.654788970947266,105.52147674560548,83.69983673095703,62.29150772094727,92.43285369873048,52.52582550048828,42.3044319152832,34.152400970458984,46.760047912597656,29.02688407897949,24.643917083740234,20.71358871459961,26.02366065979004
2024-06-29,AL022024,26.0,2024-06-30 00:00:00,1 days 00:00:00,10.23,-49.71,983.9,75.0,38.16585540771485,96.68521118164062,79.53083038330078,60.722145080566406,89.59686279296875,41.6657600402832,31.79048728942871,23.623987197875977,34.74986267089844,8.640509605407715,5.753124237060547,4.636886596679688,8.004271507263184
2024-06-29,AL022024,26.0,2024-06-30 06:00:00,1 days 06:00:00,10.58,-51.5,986.7,72.4,45.068206787109375,136.79666137695312,110.18338012695312,74.78248596191406,117.71963500976562,66.24308776855469,55.792091369628906,43.5757064819336,56.72283554077149,35.32209014892578,30.721694946289062,25.10714530944824,30.329864501953125
2024-06-29,AL022024,26.0,2024-06-30 12:00:00,1 days 12:00:00,11.05,-53.21,975.1,89.4,16.62923812866211,136.044921875,106.1341552734375,74.04459381103516,116.70560455322266,67.4241943359375,53.40303421020508,41.16036605834961,58.04423904418945,40.704986572265625,34.608882904052734,27.858570098876957,34.853477478027344
2024-06-29,AL022024,26.0,2024-06-30 18:00:00,1 days 18:00:00,11.43,-54.8,976.5,87.1,39.47828674316406,134.43118286132812,99.50652313232422,61.39617538452149,108.3106460571289,63.94963073730469,49.35353469848633,35.138179779052734,53.39278030395508,31.40317726135254,25.96651077270508,20.365039825439453,26.82787322998047
2024-06-29,AL022024,26.0,2024-07-01 00:00:00,2 days 00:00:00,11.68,-56.78,957.2,112.3,14.074858665466309,151.65615844726562,121.07144165039062,85.32915496826172,131.34422302246094,75.66487121582031,60.94485855102539,48.45417022705078,67.14080047607422,48.18082809448242,41.25458908081055,34.02986526489258,42.22932815551758
2024-06-29,AL022024,26.0,2024-07-01 06:00:00,2 days 06:00:00,12.04,-58.13,958.4,111.3,45.31342315673828,191.2859039306641,160.8449249267578,114.15440368652344,164.7069854736328,95.79386138916016,79.0426025390625,63.10767364501953,83.18199920654297,46.79712677001953,40.29719924926758,33.3452033996582,41.28067779541016
2024-06-29,AL022024,26.0,2024-07-01 12:00:00,2 days 12:00:00,12.36,-60.27,958.7,108.9,24.732074737548828,178.07936096191406,135.7549285888672,88.05962371826172,148.46493530273438,89.21337127685547,70.17046356201172,52.435794830322266,76.93827819824219,49.40449905395508,41.38476943969727,32.92369079589844,42.29959487915039
2024-06-29,AL022024,26.0,2024-07-01 18:00:00,2 days 18:00:00,12.91,-61.64,958.3,107.5,24.8408203125,144.43759155273438,106.49461364746094,70.30462646484375,118.91051483154295,68.06007385253906,51.89642333984375,38.76670455932617,58.51654052734375,34.925167083740234,28.747360229492188,23.053194046020508,30.25766372680664
2024-06-29,AL022024,26.0,2024-07-02 00:00:00,3 days 00:00:00,13.39,-63.12,962.1,103.9,25.24970245361328,159.79345703125,120.12813568115234,75.68675231933594,132.9990692138672,79.63948822021484,62.32566452026367,45.89369201660156,68.08287048339844,39.54775619506836,32.620052337646484,26.22480010986328,34.2036247253418
2024-06-29,AL022024,26.0,2024-07-02 06:00:00,3 days 06:00:00,13.79,-64.35,972.2,91.7,16.68865394592285,149.33140563964844,124.09197235107422,84.52537536621094,129.12290954589844,73.85323333740234,59.971290588378906,46.07501983642578,64.1552963256836,36.25228118896485,31.151020050048828,25.29184341430664,31.70033073425293
2024-06-29,AL022024,26.0,2024-07-02 12:00:00,3 days 12:00:00,14.9,-66.88,990.4,65.6,28.384849548339844,88.82194519042969,64.38251495361328,28.85560607910156,65.27527618408203,29.168657302856445,20.57152557373047,13.25885009765625,22.623199462890625,8.714529991149902,6.128817081451416,4.485142230987549,7.012013912200928
2024-06-29,AL022024,26.0,2024-07-02 18:00:00,3 days 18:00:00,16.05,-68.96,997.1,58.9,54.808929443359375,121.15762329101562,90.93240356445312,50.54090881347656,91.02880096435548,41.52478790283203,31.46393394470215,20.040746688842773,31.73299598693848,6.059341430664063,3.602550745010376,1.9397228956222532,4.458484649658203
2024-06-29,AL022024,26.0,2024-07-03 00:00:00,4 days 00:00:00,16.73,-71.43,998.2,55.6,34.14902877807617,153.16317749023438,130.14207458496094,81.66673278808594,122.7705078125,61.73287963867188,51.35442352294922,34.40636444091797,47.73984909057617,3.369962215423584,1.4784590005874634,0.0241282787173986,2.206052541732788
2024-06-29,AL022024,26.0,2024-07-03 06:00:00,4 days 06:00:00,16.9,-73.22,990.0,66.9,28.324546813964844,160.82150268554688,128.32162475585938,79.26697540283203,127.34852600097656,72.617431640625,60.32009506225586,44.66419219970703,60.6596908569336,32.3319091796875,27.60668563842773,21.687700271606445,27.069265365600582
2024-06-29,AL022024,26.0,2024-07-03 12:00:00,4 days 12:00:00,17.26,-74.89,991.8,64.4,55.00204086303711,171.13278198242188,134.99569702148438,82.52645111083984,136.2857666015625,79.47431945800781,66.3056411743164,48.40933990478516,66.04800415039062,32.58731460571289,27.780641555786133,21.593263626098636,27.220802307128903
2024-06-29,AL022024,26.0,2024-07-03 18:00:00,4 days 18:00:00,18.07,-76.6,999.5,56.9,67.48880004882812,159.81443786621094,123.12229919433594,77.84954071044922,125.8149185180664,55.46046447753906,44.14771270751953,30.521358489990234,44.09040451049805,7.473965644836426,4.651076316833496,2.829660654067993,5.736942291259766
2024-06-29,AL022024,26.0,2024-07-04 00:00:00,5 days 00:00:00,18.2,-78.78,1000.0,52.1,63.566165924072266,154.01622009277344,124.20406341552734,71.81433868408203,116.11636352539062,18.77096366882324,13.727867126464844,8.804043769836426,13.514941215515137,0.2367787361145019,0.0,0.0,0.2031153589487075
2024-06-29,AL022024,26.0,2024-07-04 06:00:00,5 days 06:00:00,18.44,-80.74,1000.9,49.5,38.66347503662109,112.69298553466795,93.99392700195312,65.71186828613281,93.18814086914062,35.17045593261719,29.74703025817871,21.611032485961918,27.90960502624512,0.6310893297195435,0.0528477802872657,0.0,0.3623551726341247
2024-06-29,AL022024,26.0,2024-07-04 12:00:00,5 days 12:00:00,19.1,-82.85,1002.8,46.6,73.41815185546875,91.07564544677734,69.78661346435547,34.15977478027344,62.38111114501953,2.6858999729156494,0.4204351305961609,0.0,0.826619029045105,0.0771598443388938,0.0846004411578178,0.0,0.0
2024-06-29,AL022024,26.0,2024-07-04 18:00:00,5 days 18:00:00,19.27,-84.87,1003.5,45.2,56.83523178100586,115.17610168457033,102.5008773803711,66.53370666503906,89.91349029541016,24.23771858215332,21.4606990814209,15.478811264038086,18.653940200805664,0.0,0.0,0.0,0.0
2024-06-29,AL022024,26.0,2024-07-05 00:00:00,6 days 00:00:00,19.31,-86.45,1000.0,50.5,35.43155288696289,135.98863220214844,115.73761749267578,79.19380187988281,111.92394256591795,55.84546661376953,48.34955978393555,34.249122619628906,44.31333923339844,2.978837490081787,1.643429398536682,0.6740385293960571,2.0916836261749268
2024-06-29,AL022024,26.0,2024-07-05 06:00:00,6 days 06:00:00,19.65,-87.48,998.1,49.5,75.09683227539062,78.3947982788086,63.973026275634766,38.17529296875,60.56142044067383,15.039549827575684,12.403210639953612,9.657023429870604,12.495102882385254,3.5214736461639404,2.6930978298187256,2.4152867794036865,2.7740275859832764
2024-06-29,AL022024,26.0,2024-07-05 12:00:00,6 days 12:00:00,20.0,-89.73,1004.7,30.9,52.96411895751953,10.887035369873049,9.117437362670898,5.522457122802734,7.782731533050537,0.5505914092063904,0.5456192493438721,0.4787315428256988,0.6459225416183472,0.0,0.0,0.0251094419509172,0.0
2024-06-29,AL022024,26.0,2024-07-05 18:00:00,6 days 18:00:00,20.71,-91.21,1006.2,28.5,103.04219818115234,6.766796112060547,2.860400438308716,0.0,2.9073565006256104,0.0,0.049281757324934,0.0297106318175792,0.0,0.0,0.148737370967865,0.2177689224481582,0.0792451798915863
2024-06-29,AL022024,26.0,2024-07-06 00:00:00,7 days 00:00:00,21.01,-92.5,1003.3,38.3,43.46261596679688,28.749252319335938,22.657075881958008,10.768399238586426,18.551973342895508,3.027831792831421,2.527671337127685,1.6123136281967163,2.05901837348938,0.0113838203251361,0.0307800006121397,0.0,0.1219205632805824
2024-06-29,AL022024,26.0,2024-07-06 06:00:00,7 days 06:00:00,21.43,-93.46,1004.9,36.5,58.13471221923828,18.98357963562012,11.938851356506348,2.1503031253814697,8.088445663452148,0.427617609500885,0.1257690489292144,0.0,0.2489681541919708,0.1428734511137008,0.0800207555294036,0.0602987483143806,0.0605129264295101
2024-06-29,AL022024,26.0,2024-07-06 12:00:00,7 days 12:00:00,22.63,-94.15,998.7,50.8,37.44913101196289,68.19619750976562,52.30071258544922,28.12188148498535,51.81107711791992,21.466588973999023,17.059640884399414,10.699151992797852,16.475337982177734,0.480008602142334,0.0993308201432228,0.0,0.1609973460435867
2024-06-29,AL022024,26.0,2024-07-06 18:00:00,7 days 18:00:00,21.91,-95.03,1002.3,46.9,67.38709259033203,81.90721893310547,60.19075393676758,28.65753746032715,54.0610237121582,0.8971797227859497,0.3260782063007355,0.0,0.0,0.0,0.0,0.0,0.0
2024-06-29,AL022024,26.0,2024-07-07 00:00:00,8 days 00:00:00,22.29,-95.52,999.3,50.3,30.950345993041992,65.3390884399414,53.57910537719727,36.79937362670898,51.13802719116211,20.03518486022949,17.292625427246094,12.094066619873049,15.846429824829102,0.1540551781654358,0.0,0.0,0.1959897726774215
2024-06-29,AL022024,26.0,2024-07-07 06:00:00,8 days 06:00:00,22.14,-96.0,1003.1,42.1,85.10530090332031,66.51273345947266,49.238765716552734,25.54363250732422,48.13551330566406,1.2676985263824463,0.5201961398124695,0.1431479454040527,0.6500188112258911,0.0857516154646873,0.2849878668785095,0.3120993971824646,0.1705769002437591
2024-06-29,AL022024,26.0,2024-07-07 12:00:00,8 days 12:00:00,22.18,-96.98,1006.6,30.5,38.68711853027344,4.917629241943359,0.4465950131416321,0.0,1.774630069732666,0.0,0.1074644550681114,0.0388348214328289,0.2630252242088318,0.1563175022602081,0.2450469136238098,0.2774709165096283,0.1625294536352157
2024-06-29,AL022024,26.0,2024-07-07 18:00:00,8 days 18:00:00,21.53,-97.29,1004.1,35.1,74.4816665649414,86.11064910888672,72.9947738647461,48.95939254760742,66.03217315673828,0.4623949527740478,0.4801447689533233,0.5817639827728271,0.0879809185862541,0.0435967221856117,0.4651667475700378,0.3965553641319275,0.1560354828834533
2024-06-29,AL022024,27.0,2024-06-29 00:00:00,0 days 00:00:00,9.2,-43.1,1006.0,35.0,74.07997303488982,74.07997303488982,0.0,0.0,74.07997303488982,,,,,,,,
2024-06-29,AL022024,27.0,2024-06-29 06:00:00,0 days 06:00:00,9.78,-44.79,1000.7,48.3,31.299972534179688,81.0859146118164,67.19661712646484,48.01521301269531,67.52144622802734,13.14206314086914,10.641362190246582,7.8723883628845215,10.284049034118652,0.1818446069955825,0.0,0.0,0.1317625790834427
2024-06-29,AL022024,27.0,2024-06-29 12:00:00,0 days 12:00:00,10.01,-46.26,997.7,57.4,34.48299026489258,78.2881851196289,62.49651336669922,45.9648666381836,68.90229797363281,28.147724151611328,22.595203399658203,16.448070526123047,22.9708309173584,2.796350717544556,1.420333981513977,0.8665628433227539,2.233383178710937
2024-06-29,AL022024,27.0,2024-06-29 18:00:00,0 days 18:00:00,10.45,-48.43,989.3,68.9,33.88556671142578,135.78892517089844,103.8200454711914,68.66083526611328,111.7945556640625,64.67720031738281,51.69224548339844,37.85431289672852,53.45869827270508,29.83653450012207,24.908605575561523,19.359516143798828,25.196779251098636
2024-06-29,AL022024,27.0,2024-06-30 00:00:00,1 days 00:00:00,10.53,-49.65,969.2,98.1,25.16598892211914,137.57366943359375,126.78181457519533,95.03436279296876,118.92213439941406,73.89969635009766,63.90398788452149,52.0022087097168,64.01252746582031,39.30574035644531,34.867706298828125,29.108375549316406,34.459171295166016
2024-06-29,AL022024,27.0,2024-06-30 06:00:00,1 days 06:00:00,11.07,-51.68,984.4,78.5,15.461437225341797,119.52256774902344,91.32878875732422,67.6978988647461,105.40624237060548,52.10375213623047,42.93909454345703,34.29716873168945,45.23447036743164,25.42996025085449,21.48846435546875,17.984155654907227,22.180496215820312
2024-06-29,AL022024,27.0,2024-06-30 12:00:00,1 days 12:00:00,11.35,-53.59,976.4,90.1,34.13465118408203,113.0491943359375,86.81871032714844,58.02669143676758,93.86517333984376,51.812042236328125,38.34119415283203,27.593162536621094,43.59436798095703,27.08255958557129,21.967382431030277,17.45045280456543,23.508037567138672
2024-06-29,AL022024,27.0,2024-06-30 18:00:00,1 days 18:00:00,11.68,-55.14,984.2,77.9,10.600472450256348,104.8412094116211,78.2903823852539,43.73311614990234,81.99052429199219,48.67942428588867,36.161720275878906,24.33959579467773,39.44306182861328,22.668685913085938,18.36174201965332,14.112147331237791,19.23263168334961
2024-06-29,AL022024,27.0,2024-07-01 00:00:00,2 days 00:00:00,11.82,-56.75,977.4,86.2,37.58990097045898,91.3073501586914,67.47903442382812,42.58723831176758,76.62615966796875,40.5503044128418,29.872671127319336,22.25385856628418,35.04526901245117,21.44384765625,17.245349884033203,13.959518432617188,18.783451080322266
2024-06-29,AL022024,27.0,2024-07-01 06:00:00,2 days 06:00:00,12.3,-58.56,985.8,74.5,41.4233512878418,100.57161712646484,69.3658218383789,37.912540435791016,77.2664566040039,39.11936569213867,28.589584350585938,19.394630432128903,32.114280700683594,15.529643058776855,11.900477409362791,9.100425720214844,13.187474250793455
2024-06-29,AL022024,27.0,2024-07-01 12:00:00,2 days 12:00:00,12.76,-60.23,980.1,82.5,23.981481552124023,127.40862274169922,89.75409698486328,53.554683685302734,99.7804718017578,57.25025939941406,43.196590423583984,30.148120880126957,47.4280891418457,27.087026596069336,21.690906524658203,16.815776824951172,22.845142364501957
2024-06-29,AL022024,27.0,2024-07-01 18:00:00,2 days 18:00:00,13.3,-61.47,981.6,76.4,19.59968376159668,124.01253509521484,95.2689971923828,55.75203323364258,96.1231918334961,54.69453811645508,41.43288803100586,28.21835708618164,44.67848587036133,26.12213134765625,21.02280807495117,16.15447425842285,21.828025817871094
2024-06-29,AL022024,27.0,2024-07-02 00:00:00,3 days 00:00:00,14.19,-62.85,971.9,89.6,26.43831825256348,160.309814453125,137.49606323242188,105.983642578125,147.17996215820312,84.87004852294922,71.55207061767578,57.41959762573242,73.24530029296875,32.29981994628906,27.98461532592773,23.31587791442871,28.838293075561523
2024-06-29,AL022024,27.0,2024-07-02 06:00:00,3 days 06:00:00,15.03,-64.48,983.7,76.4,58.86641693115234,188.4587860107422,157.49488830566406,105.31285095214844,154.85848999023438,87.96987915039062,74.8482666015625,56.987789154052734,72.59188079833984,31.0642032623291,27.21904754638672,21.765981674194336,26.56641387939453
2024-06-29,AL022024,27.0,2024-07-02 12:00:00,3 days 12:00:00,16.34,-66.78,994.8,64.0,40.87092590332031,135.24818420410156,101.1235122680664,42.98735046386719,99.89059448242188,56.11381149291992,40.524658203125,21.84998893737793,41.90005111694336,10.011290550231934,6.0095319747924805,2.840050220489502,7.523149013519287
2024-06-29,AL022024,27.0,2024-07-02 18:00:00,3 days 18:00:00,17.33,-68.85,994.6,64.8,55.5760498046875,197.31935119628903,147.90380859375,67.99988555908203,145.0917205810547,85.22175598144531,64.25384521484375,37.30525207519531,65.02342987060547,19.572172164916992,13.651525497436523,8.046382904052734,14.923994064331056
2024-06-29,AL022024,27.0,2024-07-03 00:00:00,4 days 00:00:00,17.93,-70.56,998.6,55.1,65.20021057128906,150.99005126953125,113.18163299560548,61.07716369628906,116.4808578491211,64.3330078125,50.76577758789063,34.76630401611328,51.50041198730469,18.24418067932129,13.707947731018066,10.126081466674805,14.50768756866455
2024-06-29,AL022024,27.0,2024-07-03 06:00:00,4 days 06:00:00,18.26,-72.08,999.3,48.7,47.05134582519531,149.47744750976562,124.43760681152344,87.54901123046875,123.45524597167967,31.06865119934082,24.502782821655277,17.114736557006836,24.47072982788086,0.8082853555679321,0.006744785234332,0.0,0.646126389503479
2024-06-29,AL022024,27.0,2024-07-03 12:00:00,4 days 12:00:00,18.64,-73.87,1004.5,40.5,81.02771759033203,62.35763168334961,46.65959930419922,22.591983795166016,44.3659782409668,2.3089828491210938,0.6884911060333252,0.1706372499465942,1.3451764583587646,0.1128429323434829,0.0,0.0,0.0929954722523689
2024-06-29,AL022024,27.0,2024-07-03 18:00:00,4 days 18:00:00,19.75,-75.6,1001.0,45.9,41.59955978393555,118.55213165283205,98.44889068603516,61.80473327636719,89.91767120361328,13.189801216125488,9.87479019165039,5.93981409072876,9.257781982421877,0.2576099038124084,0.0,0.0,0.0855766981840133
2024-06-29,AL022024,27.0,2024-07-04 00:00:00,5 days 00:00:00,20.0,-78.16,1007.6,31.1,68.69194793701172,11.464725494384766,6.511878967285156,0.781255304813385,5.594491004943848,0.1352989226579666,0.3163921535015106,0.1522234231233596,0.3598661422729492,0.0,0.136898472905159,0.189253345131874,0.1698661744594574
2024-06-29,AL022024,27.0,2024-07-04 06:00:00,5 days 06:00:00,19.83,-80.26,1006.2,33.3,131.73623657226562,66.16072845458984,54.48060989379883,25.44901466369629,45.06556701660156,0.0,0.0,0.0,0.0,0.0,0.0412389822304248,0.0634305998682975,0.0
2024-06-29,AL022024,27.0,2024-07-04 12:00:00,5 days 12:00:00,20.44,-82.28,1005.2,34.3,116.11197662353516,30.31097221374512,22.561857223510746,11.148168563842772,16.558542251586914,0.0,0.0,0.0,0.0,0.2159194648265838,0.0445597916841506,0.0,0.0587820261716842
2024-06-29,AL022024,27.0,2024-07-04 18:00:00,5 days 18:00:00,19.91,-84.08,1005.1,29.5,92.27208709716795,3.838068008422852,4.629584789276123,0.9480286240577698,0.7906349897384644,0.0835112556815147,0.4277056455612182,0.4510793685913086,0.0,0.1401667594909668,0.1899303495883941,0.0621017515659332,0.0054667606018483
2024-06-29,AL022024,27.0,2024-07-05 00:00:00,6 days 00:00:00,19.79,-85.07,1005.1,34.2,56.98976516723633,11.403081893920898,5.935032844543457,0.0,3.8016340732574463,0.2413118928670883,0.0,0.0,0.2449963539838791,0.0,0.0,0.0,0.0
2024-06-29,AL022024,27.0,2024-07-05 06:00:00,6 days 06:00:00,19.48,-86.6,1006.1,24.8,119.68629455566406,3.328880548477173,1.1266430616378784,0.0,0.0,0.2843055129051208,0.2702225744724273,0.5089752674102783,0.3910882771015167,0.1690112203359604,0.2256310582160949,0.2120448648929596,0.156471699476242
2024-06-29,AL022024,27.0,2024-07-05 12:00:00,6 days 12:00:00,19.06,-87.51,1007.7,26.4,61.49462127685547,5.072475910186768,4.888843536376953,3.808274745941162,5.145092010498047,0.0325831249356269,0.904369294643402,0.4188131392002105,0.0,0.1921422034502029,0.293540358543396,0.4442451000213623,0.1323828697204589
2024-06-29,AL022024,28.0,2024-06-29 00:00:00,0 days 00:00:00,9.2,-43.1,1006.0,35.0,74.07997303488982,74.07997303488982,0.0,0.0,74.07997303488982,,,,,,,,
2024-06-29,AL022024,28.0,2024-06-29 06:00:00,0 days 06:00:00,9.56,-44.92,998.5,53.5,28.30269432067871,63.86882400512695,45.72814178466797,30.309724807739254,53.40084457397461,5.333126544952393,2.689936399459839,1.1027703285217283,3.783659934997559,0.0708196461200714,0.0,0.0,0.1623662859201431
2024-06-29,AL022024,28.0,2024-06-29 12:00:00,0 days 12:00:00,9.99,-45.9,997.0,56.3,55.34282302856445,67.22004699707031,54.1612548828125,40.84023284912109,59.429447174072266,20.92166519165039,15.994498252868652,11.482722282409668,16.85856056213379,2.301673889160156,1.2319594621658323,0.8724104166030884,2.0158450603485107
2024-06-29,AL022024,28.0,2024-06-29 18:00:00,0 days 18:00:00,10.17,-47.65,987.9,69.5,29.18561172485352,85.48702239990234,71.71141052246094,59.71273040771485,78.49771118164062,30.44847297668457,25.43673515319824,19.888919830322266,25.26595115661621,4.3392744064331055,3.1449880599975586,2.74873685836792,4.061444282531738
2024-06-29,AL022024,28.0,2024-06-30 00:00:00,1 days 00:00:00,10.15,-49.82,986.1,75.8,41.29095077514648,118.05873107910156,91.83952331542967,65.05522918701172,103.48861694335938,54.7005500793457,44.19600296020508,33.54045104980469,46.68950271606445,24.15216445922852,19.888134002685547,16.14121437072754,20.82830047607422
2024-06-29,AL022024,28.0,2024-06-30 06:00:00,1 days 06:00:00,10.06,-51.6,973.8,92.3,13.59097385406494,93.3677215576172,74.35376739501953,53.211570739746094,80.37997436523438,42.543548583984375,33.97714614868164,26.521390914916992,37.63981628417969,23.89381980895996,19.884735107421875,16.693849563598633,21.35521697998047
2024-06-29,AL022024,28.0,2024-06-30 12:00:00,1 days 12:00:00,10.34,-52.99,962.3,107.0,17.0523738861084,102.0217742919922,77.31198120117188,53.68618774414063,88.98390197753906,50.38934326171875,38.15488052368164,29.59071350097656,44.4373893737793,28.22672271728516,22.921253204345703,19.24554252624512,25.196199417114254
2024-06-29,AL022024,28.0,2024-06-30 18:00:00,1 days 18:00:00,10.63,-54.6,968.5,95.8,24.14633560180664,106.40448760986328,82.5102310180664,61.19002151489258,90.25611877441406,50.63330459594727,41.451805114746094,33.61378479003906,44.606842041015625,25.92074012756348,22.04275703430176,18.595834732055664,23.16642951965332
2024-06-29,AL022024,28.0,2024-07-01 00:00:00,2 days 00:00:00,10.9,-55.71,970.1,96.6,36.735538482666016,144.16453552246094,120.37198638916016,78.79105377197266,129.21566772460938,75.68375396728516,60.368934631347656,46.08318328857422,66.37542724609375,41.70572280883789,36.53377151489258,29.939537048339844,37.35245132446289
2024-06-29,AL022024,28.0,2024-07-01 06:00:00,2 days 06:00:00,11.25,-57.77,975.7,89.3,24.608966827392575,197.6865234375,149.95204162597656,88.19318389892578,161.19715881347656,94.95848846435548,75.45830535888672,53.87784957885742,79.63614654541016,52.33528518676758,44.77824401855469,35.193458557128906,44.70357894897461
2024-06-29,AL022024,28.0,2024-07-01 12:00:00,2 days 12:00:00,11.59,-59.23,961.3,105.3,25.040632247924805,167.22894287109375,132.14837646484375,87.5379638671875,142.2898406982422,84.84785461425781,66.7181625366211,51.1381950378418,73.67010498046875,48.45323181152344,41.3397216796875,33.67951583862305,42.50789260864258
2024-06-29,AL022024,28.0,2024-07-01 18:00:00,2 days 18:00:00,12.42,-60.8,963.0,105.5,15.83567714691162,182.47174072265625,142.595458984375,89.37605285644531,149.57305908203125,91.88195037841795,71.7853775024414,51.4194450378418,77.10723114013672,40.1470832824707,32.9952278137207,25.9766788482666,34.648921966552734
2024-06-29,AL022024,28.0,2024-07-02 00:00:00,3 days 00:00:00,12.84,-62.28,959.8,107.4,38.28335571289063,153.8971710205078,130.89259338378906,88.0494155883789,134.62109375,82.00910949707031,66.7112808227539,51.85685348510742,70.42646026611328,36.8701400756836,31.320070266723636,25.768688201904297,32.385868072509766
2024-06-29,AL022024,28.0,2024-07-02 06:00:00,3 days 06:00:00,13.66,-64.9,981.1,81.1,42.10165786743164,179.9189910888672,132.4732208251953,64.43525695800781,140.05828857421875,83.20976257324219,63.0817756652832,41.36817169189453,67.41983032226562,35.54666519165039,28.67136573791504,21.418624877929688,29.71019744873047
2024-06-29,AL022024,28.0,2024-07-02 12:00:00,3 days 12:00:00,14.41,-66.99,988.7,69.7,41.89436340332031,207.6108856201172,165.53680419921875,86.53379821777344,160.51129150390625,100.22740173339844,78.65017700195312,49.86809158325195,78.15485382080078,29.599180221557617,23.41234588623047,16.336139678955078,24.086694717407227
2024-06-29,AL022024,28.0,2024-07-02 18:00:00,3 days 18:00:00,15.0,-69.11,992.8,65.3,76.94158172607422,244.6175079345703,197.37342834472656,125.77245330810548,194.82241821289065,108.26651000976562,89.81541442871094,63.4667854309082,86.9566421508789,26.62889671325684,21.414451599121094,15.904417037963867,21.785812377929688
2024-06-29,AL022024,28.0,2024-07-03 00:00:00,4 days 00:00:00,15.52,-71.02,985.2,71.4,48.943992614746094,260.4223327636719,230.56858825683597,175.44908142089844,221.2381896972656,123.51093292236328,109.11934661865234,84.47013092041016,102.04163360595705,29.49910545349121,25.69880485534668,20.62084579467773,24.967098236083984
2024-06-29,AL022024,28.0,2024-07-03 06:00:00,4 days 06:00:00,16.06,-73.87,993.8,59.4,47.84990692138672,207.24327087402344,165.13902282714844,107.78326416015624,168.3765411376953,97.1617202758789,80.95624542236328,56.39494323730469,78.37734985351562,22.87782287597656,18.1840934753418,13.18341064453125,18.49427032470703
2024-06-29,AL022024,28.0,2024-07-03 12:00:00,4 days 12:00:00,15.92,-76.41,994.4,59.9,41.54913330078125,244.87603759765625,206.94876098632807,138.3861846923828,201.14886474609372,103.78939819335938,86.9560775756836,59.68526840209961,81.6309585571289,5.279225826263428,2.292911529541016,0.0,3.2598307132720947
2024-06-29,AL022024,28.0,2024-07-03 18:00:00,4 days 18:00:00,16.09,-78.37,997.0,57.9,67.3001708984375,184.5902862548828,148.6951446533203,85.16879272460938,139.72274780273438,31.01553726196289,22.35015106201172,13.245989799499512,23.29496192932129,1.216067671775818,0.0442094728350639,0.0,0.3805771172046661
2024-06-29,AL022024,28.0,2024-07-04 00:00:00,5 days 00:00:00,15.98,-80.08,994.4,64.8,62.98160934448242,149.80735778808594,114.77709197998048,59.34513092041016,109.97045135498048,32.42422103881836,23.09273147583008,13.898637771606444,24.539979934692383,1.9541558027267456,0.351707398891449,0.0,1.2143096923828125
2024-06-29,AL022024,28.0,2024-07-04 06:00:00,5 days 06:00:00,16.22,-81.48,993.0,61.6,62.71982955932617,193.49696350097656,157.1396484375,105.63138580322266,159.0377197265625,62.53194808959961,50.202903747558594,34.13886260986328,48.581153869628906,2.626427173614502,0.7486602067947388,0.0,1.7555009126663208
2024-06-29,AL022024,28.0,2024-07-04 12:00:00,5 days 12:00:00,16.55,-83.04,988.3,71.3,40.33437728881836,138.80953979492188,97.09230041503906,51.14442443847656,105.8584213256836,57.13243103027344,42.43435287475586,26.864959716796875,44.91950988769531,21.33824920654297,16.595264434814453,12.143844604492188,17.606597900390625
2024-06-29,AL022024,28.0,2024-07-04 18:00:00,5 days 18:00:00,16.81,-84.71,989.0,68.2,60.09881210327149,188.6519775390625,148.39688110351562,91.0480728149414,150.17178344726562,78.5890121459961,62.119266510009766,42.13167572021485,62.68284225463867,19.52764892578125,14.737090110778809,10.27972412109375,15.667684555053713
2024-06-29,AL022024,28.0,2024-07-05 00:00:00,6 days 00:00:00,17.42,-86.41,976.9,84.1,34.366432189941406,176.86305236816406,137.76344299316406,75.53881072998047,139.1815948486328,82.53937530517578,64.44959259033203,43.881256103515625,66.59615325927734,38.10184097290039,31.691972732543945,24.324687957763672,31.97112274169922
2024-06-29,AL022024,28.0,2024-07-05 06:00:00,6 days 06:00:00,17.86,-87.96,965.3,94.4,19.86856842041016,159.88438415527344,125.58231353759766,81.6319351196289,131.3306121826172,75.73949432373047,59.2846908569336,44.084415435791016,65.26105499267578,39.90450668334961,33.0098991394043,26.6546688079834,34.24764633178711
2024-06-29,AL022024,28.0,2024-07-05 12:00:00,6 days 12:00:00,17.98,-89.27,983.4,66.6,35.01615905761719,114.5804214477539,93.19406127929688,69.1314697265625,92.32573699951172,51.492225646972656,44.1353759765625,34.81431579589844,43.154693603515625,17.572248458862305,14.274309158325195,11.98386287689209,14.846065521240234
2024-06-29,AL022024,28.0,2024-07-05 18:00:00,6 days 18:00:00,18.58,-91.11,993.8,51.7,58.22623062133789,80.12639617919922,64.01258850097656,38.74365997314453,59.27958679199219,9.496718406677246,6.401389598846436,3.5879781246185303,6.915637969970703,0.3741590678691864,0.0045655844733119,0.0,0.3731742799282074
2024-06-29,AL022024,28.0,2024-07-06 00:00:00,7 days 00:00:00,18.97,-92.05,990.7,57.6,25.67652702331543,135.6026611328125,116.41261291503906,85.28722381591797,111.2919464111328,46.20225524902344,39.025577545166016,27.47136878967285,35.90314483642578,0.8889566659927368,0.0888533443212509,0.0,0.5141507983207703
2024-06-29,AL022024,28.0,2024-07-06 06:00:00,7 days 06:00:00,19.26,-93.42,989.2,65.7,25.49845314025879,137.79971313476562,110.61675262451172,71.73932647705078,115.76973724365234,65.13607788085938,52.45167541503906,37.876014709472656,54.42253112792969,26.405771255493164,21.910303115844727,16.94306182861328,21.92784118652344
2024-06-29,AL022024,28.0,2024-07-06 12:00:00,7 days 12:00:00,19.0,-94.4,982.7,73.6,24.875219345092773,145.39089965820312,118.20188903808594,78.5531997680664,119.10334777832033,68.61346435546875,55.53879165649414,40.28314208984375,56.43559646606445,27.795246124267575,22.91938781738281,17.95440673828125,23.19510269165039
2024-06-29,AL022024,28.0,2024-07-06 18:00:00,7 days 18:00:00,18.65,-95.07,978.4,77.5,20.247638702392575,145.19711303710938,119.01619720458984,93.93962860107422,126.00001525878906,68.77330017089844,58.243350982666016,47.48313903808594,60.3351936340332,30.811107635498047,26.68740463256836,21.710397720336918,26.3828239440918
2024-06-29,AL022024,28.0,2024-07-07 00:00:00,8 days 00:00:00,18.38,-95.43,985.8,66.0,25.094682693481445,119.51087188720705,96.2155303955078,72.53315734863281,100.9478759765625,57.291748046875,48.570068359375,39.13180541992188,49.38077545166016,26.625385284423828,23.57734680175781,19.44038963317871,22.91052627563477
2024-06-29,AL022024,28.0,2024-07-07 06:00:00,8 days 06:00:00,17.87,-96.24,999.0,40.6,55.87107467651367,24.534618377685547,16.52581787109375,13.14675998687744,21.534650802612305,0.7804149389266968,1.683193325996399,2.4725472927093506,0.6481900215148926,0.1837914288043975,0.2618391215801239,0.9129093289375304,0.2660447359085083
2024-06-29,AL022024,28.0,2024-07-07 12:00:00,8 days 12:00:00,17.32,-97.66,1005.8,27.1,86.51849365234375,2.583343982696533,0.090910404920578,0.6168869137763977,0.3019609153270721,0.3868554532527923,0.9832112193107604,1.895862102508545,0.0,0.0,0.0921357795596122,0.5383957624435425,0.0
2024-06-29,AL022024,28.0,2024-07-07 18:00:00,8 days 18:00:00,16.08,-99.16,1005.2,28.6,95.79570770263672,5.735614776611328,3.5728468894958496,1.4229613542556765,5.448028087615967,0.0,0.0,0.2937184572219848,0.0,0.1665027439594268,0.3894890248775482,0.4219086170196533,0.1883261203765869
2024-06-29,AL022024,28.0,2024-07-08 00:00:00,9 days 00:00:00,16.91,-101.55,1005.6,29.2,47.56444549560547,1.4232624769210815,5.2725982666015625,3.92056655883789,1.547225832939148,0.0,0.3025771975517273,0.7436035871505737,0.0,0.0096131274476647,0.3079404830932617,0.3534678220748901,0.0
2024-06-29,AL022024,29.0,2024-06-29 00:00:00,0 days 00:00:00,9.2,-43.1,1006.0,35.0,74.07997303488982,74.07997303488982,0.0,0.0,74.07997303488982,,,,,,,,
2024-06-29,AL022024,29.0,2024-06-29 06:00:00,0 days 06:00:00,9.46,-44.82,995.9,59.3,25.75564193725586,75.48262023925781,54.93867492675781,36.97414016723633,63.19407272338867,29.916290283203125,22.930368423461918,16.13043785095215,24.296016693115234,9.781376838684082,7.242483615875244,5.409416198730469,8.091206550598145
2024-06-29,AL022024,29.0,2024-06-29 12:00:00,0 days 12:00:00,10.01,-45.86,998.6,50.5,31.78120422363281,89.09058380126953,72.32403564453125,61.93318557739258,79.8042221069336,31.08906936645508,26.292436599731445,20.62022399902344,26.44171714782715,6.685826301574707,4.910930633544922,3.935960292816162,5.5709309577941895
2024-06-29,AL022024,29.0,2024-06-29 18:00:00,0 days 18:00:00,10.51,-47.59,1004.9,38.0,73.9922103881836,4.350493431091309,2.0347378253936768,0.0,3.156203269958496,0.3202828466892242,0.0,0.0,0.0,0.0115008633583784,0.0,0.0245104823261499,0.0074715712107717
2024-06-29,AL022024,29.0,2024-06-30 00:00:00,1 days 00:00:00,10.72,-49.94,1001.6,51.0,59.54573440551758,84.52914428710938,66.80522155761719,43.62845230102539,69.07521057128906,5.33784818649292,2.4319698810577397,1.0220377445220947,3.670053720474243,0.1310834288597107,0.0,0.0,0.1672089546918869
2024-06-29,AL022024,29.0,2024-06-30 06:00:00,1 days 06:00:00,10.76,-51.38,990.4,66.9,33.56751251220703,99.07553100585938,76.18728637695312,59.36954879760742,86.0926513671875,47.1285400390625,39.23837661743164,31.239246368408203,40.61678314208984,24.450664520263672,20.70760536193848,17.02129364013672,20.9085636138916
2024-06-29,AL022024,29.0,2024-06-30 12:00:00,1 days 12:00:00,10.84,-53.26,989.7,71.9,28.709125518798828,112.49938201904295,82.60478973388672,53.27413940429688,95.58856201171876,51.85389709472656,40.4452018737793,30.587696075439453,43.6673583984375,24.67534065246582,20.38798713684082,16.35322380065918,20.932729721069336
2024-06-29,AL022024,29.0,2024-06-30 18:00:00,1 days 18:00:00,11.05,-55.07,983.7,77.0,20.674734115600582,101.3402862548828,78.66297149658203,55.76811599731445,84.29073333740234,45.98432922363281,36.34825897216797,28.131999969482425,39.67295837402344,27.206642150878903,22.860551834106445,18.50617408752441,23.39031410217285
2024-06-29,AL022024,29.0,2024-07-01 00:00:00,2 days 00:00:00,11.15,-56.93,962.6,104.7,12.670013427734377,96.28014373779295,70.47789001464844,50.55818939208984,82.80810546875,44.7324104309082,34.086326599121094,27.677648544311523,40.603607177734375,27.66722679138184,22.445066452026367,19.06880760192871,25.015214920043945
2024-06-29,AL022024,29.0,2024-07-01 06:00:00,2 days 06:00:00,11.36,-58.53,961.3,106.5,15.6052827835083,92.29513549804688,68.01070404052734,47.48126983642578,78.45349884033203,43.275489807128906,33.321144104003906,26.41180419921875,39.06877517700195,26.011940002441406,21.37805938720703,18.15361785888672,23.683643341064453
2024-06-29,AL022024,29.0,2024-07-01 12:00:00,2 days 12:00:00,11.33,-60.06,961.2,105.0,21.677276611328125,123.3572998046875,98.7317352294922,70.61527252197266,109.39686584472656,64.25318145751953,50.427547454833984,39.79248809814453,56.091896057128906,33.54393005371094,27.790605545043945,23.211793899536133,29.90473175048828
2024-06-29,AL022024,29.0,2024-07-01 18:00:00,2 days 18:00:00,12.33,-61.51,983.0,75.1,22.70648956298828,115.8291473388672,94.52207946777344,65.5091552734375,96.51879119873048,56.41632461547852,44.5250129699707,33.20219802856445,47.28773498535156,25.05094146728516,20.658374786376957,16.36988639831543,21.4284610748291
2024-06-29,AL022024,29.0,2024-07-02 00:00:00,3 days 00:00:00,12.31,-63.55,970.9,90.2,18.56438636779785,131.81263732910156,103.4351577758789,71.55879974365234,109.98214721679688,65.5221939086914,53.926605224609375,41.650997161865234,57.169715881347656,37.2217903137207,31.37413215637207,25.5617618560791,32.16044998168945
2024-06-29,AL022024,29.0,2024-07-02 06:00:00,3 days 06:00:00,12.53,-64.43,973.0,90.5,30.55882835388184,113.0154266357422,87.44522094726562,61.89380645751953,93.42630767822266,56.14168548583984,47.11714553833008,38.76768112182617,50.16276168823242,27.99563980102539,24.278793334960938,20.659652709960938,25.061443328857425
2024-06-29,AL022024,29.0,2024-07-02 12:00:00,3 days 12:00:00,13.43,-67.14,991.5,63.6,51.74492263793945,147.02249145507812,115.98522186279295,72.23657989501953,114.7338409423828,67.463623046875,55.43385696411133,39.630706787109375,54.59524917602539,22.16657829284668,18.169408798217773,14.00100040435791,18.4350643157959
2024-06-29,AL022024,29.0,2024-07-02 18:00:00,3 days 18:00:00,14.2,-69.74,999.2,56.5,57.01154327392578,109.09322357177734,79.29696655273438,45.26374435424805,82.13459014892578,33.92103576660156,25.258808135986328,15.64016819000244,25.691082000732425,4.292147636413574,2.342559099197388,1.0419604778289795,3.1626367568969727
2024-06-29,AL022024,29.0,2024-07-03 00:00:00,4 days 00:00:00,14.69,-71.96,998.0,50.7,38.330814361572266,183.18771362304688,154.99783325195312,113.0373306274414,148.964599609375,32.999969482421875,28.23346328735352,21.05710220336914,26.20870018005371,0.2002707123756408,0.0,0.0,0.2030943036079406
2024-06-29,AL022024,29.0,2024-07-03 06:00:00,4 days 06:00:00,14.91,-74.64,999.1,51.4,64.33015441894531,130.54640197753906,102.0273666381836,55.96922302246094,97.2864990234375,11.134514808654783,6.376377105712891,2.458226442337036,7.645656108856201,0.3420440256595611,0.0,0.0,0.1470193117856979
2024-06-29,AL022024,29.0,2024-07-03 12:00:00,4 days 12:00:00,15.25,-77.0,995.9,57.0,46.73408889770508,113.2820053100586,85.61742401123047,46.04395294189453,87.49064636230469,32.99861526489258,25.59109115600586,16.335363388061523,25.165512084960938,3.206890106201172,1.7059900760650637,0.5802398324012756,2.1441104412078857
2024-06-29,AL022024,29.0,2024-07-03 18:00:00,4 days 18:00:00,15.84,-79.08,997.0,57.0,58.52309799194336,124.23625946044922,94.2406768798828,54.38569259643555,96.44390869140624,39.6878662109375,30.78347587585449,20.32402992248535,30.974708557128903,4.853645324707031,2.4909908771514893,1.1733497381210327,3.293994426727295
2024-06-29,AL022024,29.0,2024-07-04 00:00:00,5 days 00:00:00,15.95,-81.79,997.3,59.5,51.62024688720703,132.38658142089844,100.902587890625,49.613887786865234,98.83370208740234,47.335479736328125,36.3688850402832,23.61785125732422,36.715118408203125,10.52780818939209,7.271321773529053,4.703170299530029,7.9571356773376465
2024-06-29,AL022024,29.0,2024-07-04 06:00:00,5 days 06:00:00,15.92,-83.25,984.6,71.1,53.19353866577149,169.1834259033203,141.8512725830078,95.16226959228516,148.2728271484375,86.64291381835938,70.58783721923828,52.31639862060547,71.4482421875,26.70684051513672,22.38630104064941,17.583755493164062,23.09620857238769
2024-06-29,AL022024,29.0,2024-07-04 12:00:00,5 days 12:00:00,16.41,-85.18,989.3,65.6,31.884357452392575,115.3307113647461,99.2138442993164,70.5936508178711,98.55792999267578,46.376007080078125,39.17066955566406,30.135297775268555,37.87419509887695,9.130602836608888,7.4285173416137695,6.037577629089356,7.83349084854126
2024-06-29,AL022024,29.0,2024-07-04 18:00:00,5 days 18:00:00,16.63,-87.24,993.7,59.7,28.802770614624023,120.6006851196289,98.14350128173828,67.28540802001953,98.665771484375,44.41179275512695,35.52685546875,24.57805633544922,35.363128662109375,4.420395374298096,2.4133739471435547,1.2921663522720337,3.514380693435669
2024-06-29,AL022024,29.0,2024-07-05 00:00:00,6 days 00:00:00,16.54,-89.18,998.7,44.8,67.1110610961914,143.73147583007812,122.7465362548828,88.26910400390625,111.13995361328124,1.4362759590148926,0.0,0.0,0.4330786764621734,0.0,0.0,0.0,0.0512317530810833
2024-06-29,AL022024,29.0,2024-07-05 06:00:00,6 days 06:00:00,16.67,-90.69,1001.0,40.6,64.2816390991211,83.51351928710938,72.79046630859375,52.441524505615234,62.19508743286133,2.7255115509033203,2.028095245361328,1.668140172958374,1.3559099435806274,0.2770937085151672,0.2568204402923584,0.2870469987392425,0.076366439461708
2024-06-29,AL022024,29.0,2024-07-05 12:00:00,6 days 12:00:00,17.26,-92.24,1004.5,29.9,49.47294998168945,0.620295524597168,1.3537569046020508,0.6225491762161255,0.0035409338306635,0.2586259543895721,0.1213474497199058,0.2865666151046753,0.0,0.0,0.0493054278194904,0.0719224885106086,0.0
2024-06-29,AL022024,29.0,2024-07-05 18:00:00,6 days 18:00:00,17.21,-93.79,1004.6,29.3,47.552391052246094,4.920936107635498,5.781949043273926,2.200298547744751,1.1112892627716064,0.0,0.0,0.4471116364002228,0.0,0.0772475078701973,0.4675558507442474,0.4176727831363678,0.2129047662019729
2024-06-29,AL022024,29.0,2024-07-06 00:00:00,7 days 00:00:00,17.38,-94.59,1005.5,32.1,92.8640365600586,43.959659576416016,37.30460357666016,23.18302726745605,30.058507919311523,0.53432297706604,0.1053126007318496,0.1360119432210922,0.0,0.0,0.1616529822349548,0.2098639458417892,0.0
2024-06-29,AL022024,29.0,2024-07-06 06:00:00,7 days 06:00:00,17.38,-95.19,1004.8,29.1,53.37520217895508,6.699742794036865,6.541947364807129,2.0209810733795166,1.775346279144287,0.0,0.4192650616168976,1.255122184753418,0.0,0.0009755537612363,0.4394837617874145,0.6389763355255127,0.0479364208877086
2024-06-29,AL022024,30.0,2024-06-29 00:00:00,0 days 00:00:00,9.2,-43.1,1006.0,35.0,74.07997303488982,74.07997303488982,0.0,0.0,74.07997303488982,,,,,,,,
2024-06-29,AL022024,30.0,2024-06-29 06:00:00,0 days 06:00:00,9.45,-44.5,994.8,57.1,40.22984313964844,104.67296600341795,82.9894790649414,61.78714370727539,94.20793151855467,49.54896545410156,40.74806594848633,30.825836181640625,41.882110595703125,18.002729415893555,14.959630966186523,11.74306869506836,15.461200714111328
2024-06-29,AL022024,30.0,2024-06-29 12:00:00,0 days 12:00:00,9.58,-46.78,995.4,55.8,47.12031173706055,40.63582611083984,30.4409236907959,21.304466247558597,35.71430587768555,9.726418495178224,6.4451003074646,3.9775452613830566,7.50603723526001,0.1053173318505287,0.0,0.0,0.1983583867549896
2024-06-29,AL022024,30.0,2024-06-29 18:00:00,0 days 18:00:00,10.15,-48.65,994.6,62.2,40.540748596191406,99.14022064208984,73.25919342041016,53.2122917175293,83.16736602783203,41.103816986083984,32.89899063110352,24.04916000366211,33.741844177246094,11.914074897766112,9.086570739746094,7.107783317565918,9.990443229675291
2024-06-29,AL022024,30.0,2024-06-30 00:00:00,1 days 00:00:00,10.49,-50.38,987.8,72.8,28.520029067993164,83.96902465820312,64.79957580566406,49.171146392822266,71.80955505371094,39.58316802978516,32.561500549316406,25.767641067504883,33.91474914550781,17.60089111328125,14.37123203277588,11.954364776611328,15.198725700378418
2024-06-29,AL022024,30.0,2024-06-30 06:00:00,1 days 06:00:00,10.7,-51.59,992.4,61.2,47.83452224731445,79.52935791015625,69.8073501586914,53.46786117553711,68.49742889404297,36.46630096435547,31.665298461914062,25.97711563110352,31.24391746520996,16.36098289489746,14.387328147888184,12.060640335083008,14.443254470825195
2024-06-29,AL022024,30.0,2024-06-30 12:00:00,1 days 12:00:00,10.5,-53.43,969.8,97.4,23.267038345336918,127.56866455078124,97.0025405883789,67.80010986328125,110.40792846679688,64.05408477783203,51.220008850097656,40.43397521972656,56.2815055847168,35.902095794677734,30.363880157470703,25.16661262512207,31.485963821411133
2024-06-29,AL022024,30.0,2024-06-30 18:00:00,1 days 18:00:00,10.92,-54.88,968.1,97.2,18.18602752685547,128.91574096679688,101.08954620361328,72.42401885986328,107.76007080078124,60.314720153808594,48.501895904541016,37.61550521850586,52.62845993041992,34.39806365966797,29.07893943786621,23.868497848510746,30.107057571411133
2024-06-29,AL022024,30.0,2024-07-01 00:00:00,2 days 00:00:00,11.38,-56.26,968.2,102.2,18.429054260253903,129.43276977539062,109.5355224609375,70.86038970947266,111.04914855957033,65.29486083984375,51.91282653808594,39.54219818115234,56.01666641235352,35.94383239746094,30.649002075195312,24.90186882019043,31.438947677612305
2024-06-29,AL022024,30.0,2024-07-01 06:00:00,2 days 06:00:00,11.79,-58.17,963.2,104.9,35.17838287353516,179.08563232421875,134.23883056640625,90.99850463867188,149.7686309814453,87.44535827636719,70.040283203125,54.212158203125,75.63337707519531,50.49649429321289,43.20302581787109,35.163352966308594,43.78740310668945
2024-06-29,AL022024,30.0,2024-07-01 12:00:00,2 days 12:00:00,12.42,-59.75,951.6,116.0,20.716609954833984,175.71038818359375,139.17764282226562,97.74559783935548,153.07492065429688,88.61951446533203,70.23257446289062,54.33454132080078,77.80886840820312,53.632591247558594,45.923099517822266,37.60879135131836,47.20267105102539
2024-06-29,AL022024,30.0,2024-07-01 18:00:00,2 days 18:00:00,13.03,-61.33,953.5,115.7,22.62677001953125,171.36227416992188,133.4879608154297,87.81317138671875,141.60105895996094,85.3153076171875,66.5346908569336,48.54439163208008,72.70323944091797,46.5129280090332,39.09852600097656,31.17009735107422,40.30492401123047
2024-06-29,AL022024,30.0,2024-07-02 00:00:00,3 days 00:00:00,13.64,-63.25,943.5,127.9,24.940696716308597,176.63934326171875,143.45755004882812,99.14266967773438,150.35614013671875,90.51375579833984,72.86248016357422,57.10017013549805,79.00813293457031,52.992305755615234,44.98450469970703,36.96408462524414,46.27381134033203
2024-06-29,AL022024,30.0,2024-07-02 06:00:00,3 days 06:00:00,14.19,-64.83,952.5,116.7,22.62149429321289,180.11387634277344,140.31509399414062,90.53984832763672,147.60333251953125,85.59713745117188,67.00984954833984,50.65266418457031,74.03520202636719,45.73864364624024,38.52040481567383,31.12148666381836,40.145843505859375
2024-06-29,AL022024,30.0,2024-07-02 12:00:00,3 days 12:00:00,14.94,-66.35,976.2,91.3,28.636613845825195,226.71331787109372,185.30490112304688,114.49384307861328,184.7537384033203,115.43523406982422,94.14493560791016,68.12858581542969,95.9948501586914,48.45926284790039,41.43012237548828,32.184566497802734,40.98248291015625
2024-06-29,AL022024,30.0,2024-07-02 18:00:00,3 days 18:00:00,15.91,-68.45,972.5,93.5,38.8384017944336,204.1959381103516,157.1971435546875,90.583984375,163.61367797851562,98.83221435546876,78.2834243774414,56.32233428955078,82.98868560791016,51.9310188293457,44.432579040527344,34.57439041137695,44.07147216796875
2024-06-29,AL022024,30.0,2024-07-03 00:00:00,4 days 00:00:00,16.48,-70.15,986.7,69.0,42.66018295288086,178.70346069335938,135.16433715820312,87.20970153808594,145.05128479003906,82.68370056152344,66.65347290039062,48.71763229370117,68.3462142944336,29.52556037902832,23.941972732543945,18.60451889038086,24.576095581054688
2024-06-29,AL022024,30.0,2024-07-03 06:00:00,4 days 06:00:00,16.74,-72.37,987.1,72.2,31.058244705200195,161.18936157226562,119.77909088134766,70.53132629394531,126.04744720458984,67.8333511352539,55.46575927734375,41.5390510559082,56.86710357666016,27.977540969848636,23.64280128479004,18.8126163482666,23.602649688720703
2024-06-29,AL022024,30.0,2024-07-03 12:00:00,4 days 12:00:00,17.75,-74.27,995.0,59.1,42.10230255126953,141.3440704345703,107.73291015625,61.28260040283203,114.25279235839844,65.69046783447266,52.12437438964844,36.25057601928711,54.4185676574707,24.38560676574707,20.128677368164062,15.357551574707031,20.659791946411133
2024-06-29,AL022024,30.0,2024-07-03 18:00:00,4 days 18:00:00,17.67,-76.26,1000.4,48.7,39.47906112670898,72.49683380126953,54.87256240844727,27.888856887817383,56.170780181884766,16.9903507232666,11.470087051391602,5.774857521057129,12.374178886413574,0.958703339099884,0.0062615377828478,0.0,0.4418818354606628
2024-06-29,AL022024,30.0,2024-07-04 00:00:00,5 days 00:00:00,18.07,-77.85,993.8,62.5,25.47278213500977,121.20282745361328,90.66645050048828,51.96076202392578,91.7988739013672,47.669132232666016,37.39879608154297,24.757347106933597,38.07197189331055,8.85088062286377,5.905613422393799,3.876764297485352,7.000411510467529
2024-06-29,AL022024,30.0,2024-07-04 06:00:00,5 days 06:00:00,17.91,-79.71,999.4,50.0,49.144752502441406,147.275634765625,125.7995834350586,82.05282592773438,115.0127944946289,22.52374649047852,18.54739761352539,12.406431198120115,17.094507217407227,0.167874589562416,0.0,0.0,0.0
2024-06-29,AL022024,30.0,2024-07-04 12:00:00,5 days 12:00:00,18.31,-81.8,998.9,48.0,60.95948791503906,232.04345703125,199.479736328125,143.6187286376953,187.4723052978516,42.8714599609375,38.07650375366211,27.97257804870605,33.66753005981445,0.0603175461292266,0.0,0.0,0.0
2024-06-29,AL022024,30.0,2024-07-04 18:00:00,5 days 18:00:00,18.54,-83.85,1001.9,42.8,108.4171142578125,97.96864318847656,78.81229400634766,37.72541809082031,62.92576217651367,0.0,0.0,0.0,0.0,0.0338865406811237,0.1297015696763992,0.1001088768243789,0.0
2024-06-29,AL022024,30.0,2024-07-05 00:00:00,6 days 00:00:00,18.6,-85.21,999.8,46.8,40.44981002807617,108.83140563964844,85.9412841796875,50.95687484741211,80.35247039794922,14.25547981262207,11.042536735534668,6.561276435852051,10.407700538635254,0.2538663148880005,0.0,0.0,0.1100828200578689
2024-06-29,AL022024,30.0,2024-07-05 06:00:00,6 days 06:00:00,18.45,-86.41,1000.8,46.1,56.20383834838867,93.53547668457033,69.18649291992188,36.24312210083008,69.25286865234375,5.897295475006104,3.038628578186035,0.1665933728218078,3.942640781402588,0.602225124835968,0.0978400930762291,0.0,0.3263750076293945
2024-06-29,AL022024,30.0,2024-07-05 12:00:00,6 days 12:00:00,18.64,-87.85,991.7,59.3,29.78421401977539,96.78485107421876,78.33749389648438,52.51616287231445,78.55661010742188,31.239131927490234,25.55530166625977,16.971431732177734,24.353723526000977,0.5270218253135681,0.0,0.0,0.3142439424991607
2024-06-29,AL022024,30.0,2024-07-05 18:00:00,6 days 18:00:00,19.06,-89.02,998.1,46.6,91.13460540771484,117.91604614257812,100.27702331542967,53.3356819152832,82.76049041748047,3.834043025970459,1.4862935543060305,0.0,1.3865222930908203,0.0764596536755561,0.0,0.0,0.0
2024-06-29,AL022024,30.0,2024-07-06 00:00:00,7 days 00:00:00,19.63,-90.06,1003.4,35.4,98.81903839111328,30.46872329711914,19.60768318176269,4.109804153442383,17.94013023376465,0.349709540605545,0.0,0.0,0.0471786446869373,0.0,0.0173983052372932,0.0486153103411197,0.0854647755622863
2024-06-29,AL022024,30.0,2024-07-06 06:00:00,7 days 06:00:00,20.4,-91.35,996.1,48.7,47.798377990722656,73.90908813476562,62.60231018066406,44.56340789794922,58.76803207397461,17.182764053344727,15.296010971069336,12.203984260559082,13.73859691619873,0.4446478188037872,0.2942829430103302,0.3705027103424072,0.3488787412643432
2024-06-29,AL022024,30.0,2024-07-06 12:00:00,7 days 12:00:00,20.43,-92.88,998.0,52.4,35.485496520996094,127.3514404296875,102.7334213256836,67.04171752929688,100.2373275756836,25.49547004699707,20.044902801513672,12.61176872253418,19.36712646484375,0.556794285774231,0.0853661969304084,0.0,0.2425944656133651
2024-06-29,AL022024,30.0,2024-07-06 18:00:00,7 days 18:00:00,21.0,-93.82,997.4,55.3,48.81306838989258,114.36125183105467,100.51305389404295,75.97868347167969,97.56946563720705,43.57785034179688,36.636375427246094,26.305763244628903,34.355751037597656,2.8195641040802,1.686480164527893,0.8609153032302856,2.019561290740967
2024-06-29,AL022024,30.0,2024-07-07 00:00:00,8 days 00:00:00,20.56,-94.82,998.6,51.2,86.70880126953125,181.8531951904297,144.8482666015625,94.22570037841795,142.55532836914062,7.490542888641357,2.8692660331726074,0.0,4.831050395965576,0.2802988290786743,0.0,0.0,0.2590824961662292
2024-06-29,AL022024,30.0,2024-07-07 06:00:00,8 days 06:00:00,20.72,-96.09,994.3,60.3,42.84905242919922,156.33905029296875,122.46484375,90.9577865600586,138.05746459960938,63.586891174316406,51.797950744628906,37.55938720703125,51.56245422363281,5.110445976257324,2.676088333129883,1.5621188879013062,3.994922637939453
2024-06-29,AL022024,30.0,2024-07-07 12:00:00,8 days 12:00:00,21.23,-96.65,995.5,57.0,27.487838745117188,141.17391967773438,118.81974029541016,98.4732666015625,127.59307861328124,56.669883728027344,48.61754608154297,36.22023391723633,46.25433349609375,1.3904072046279907,0.2679929137229919,0.0,1.1009163856506348
2024-06-29,AL022024,30.0,2024-07-07 18:00:00,8 days 18:00:00,21.44,-96.96,990.6,62.9,24.723262786865234,91.5207290649414,74.79397583007812,59.861915588378906,80.1648178100586,31.10191535949707,25.88335418701172,20.87224578857422,25.982685089111328,4.279376983642578,2.99727201461792,2.632812976837158,3.642233371734619
2024-06-29,AL022024,30.0,2024-07-08 00:00:00,9 days 00:00:00,21.2,-97.64,997.1,51.9,19.006072998046875,104.38360595703124,86.77384185791016,70.977294921875,91.11019897460938,38.99072265625,33.39323043823242,25.07023811340332,31.64742088317871,2.8997089862823486,1.7710812091827393,1.1508036851882937,2.4181573390960693
2024-06-29,AL022024,30.0,2024-07-08 06:00:00,9 days 06:00:00,21.94,-98.54,1003.1,32.0,71.60748291015625,8.732420921325684,0.0,0.0736168175935745,7.614328384399414,0.2748267948627472,0.4662449657917022,0.9172515869140624,0.9514514207839966,0.3392048478126526,0.3585991263389587,0.5491765737533569,0.4137654900550842
2024-06-29,AL022024,31.0,2024-06-29 00:00:00,0 days 00:00:00,9.2,-43.1,1006.0,35.0,74.07997303488982,74.07997303488982,0.0,0.0,74.07997303488982,,,,,,,,
2024-06-29,AL022024,31.0,2024-06-29 06:00:00,0 days 06:00:00,9.51,-44.85,1000.0,50.4,48.544803619384766,64.92803192138672,47.93833923339844,33.43968963623047,53.89811325073242,11.564220428466797,8.800952911376953,6.356174945831299,8.90635871887207,0.4849537909030914,0.1382341086864471,0.0,0.4316493570804596
2024-06-29,AL022024,31.0,2024-06-29 12:00:00,0 days 12:00:00,9.68,-46.64,989.3,67.6,23.40027618408203,83.56782531738281,59.94131088256836,42.895145416259766,73.51591491699219,36.30587768554688,29.06058120727539,22.704458236694336,31.74666976928711,17.144832611083984,14.032488822937012,11.737574577331545,15.134729385375977
2024-06-29,AL022024,31.0,2024-06-29 18:00:00,0 days 18:00:00,10.19,-48.41,982.9,75.3,19.81071281433105,89.46864318847656,77.25851440429688,56.663692474365234,77.8161392211914,41.90768432617188,34.14064407348633,26.6071891784668,35.76736831665039,19.61463737487793,16.64566993713379,13.689788818359377,17.25250244140625
2024-06-29,AL022024,31.0,2024-06-30 00:00:00,1 days 00:00:00,10.48,-50.08,978.2,86.4,31.070411682128903,122.73330688476562,96.43724060058594,69.5255126953125,106.31171417236328,57.7325553894043,47.40153503417969,37.57085800170898,50.52703857421875,29.889629364013672,25.307126998901367,20.95762825012207,25.99332427978516
2024-06-29,AL022024,31.0,2024-06-30 06:00:00,1 days 06:00:00,10.83,-51.29,982.5,78.5,30.024049758911133,118.16180419921876,104.13307189941406,77.92996978759766,107.59827423095705,54.71441650390625,45.73054122924805,35.33572769165039,45.736595153808594,18.98330307006836,16.057621002197266,13.318825721740724,16.680755615234375
2024-06-29,AL022024,31.0,2024-06-30 12:00:00,1 days 12:00:00,11.15,-52.96,982.1,80.7,40.23769760131836,121.22786712646484,104.59589385986328,74.32525634765625,108.54249572753906,59.20210647583008,47.69698333740234,35.390262603759766,50.164737701416016,23.03789329528809,18.665023803710938,15.111373901367188,19.87990951538086
2024-06-29,AL022024,31.0,2024-06-30 18:00:00,1 days 18:00:00,11.84,-55.02,984.5,78.1,33.26291275024414,136.6887664794922,99.38314819335938,56.67401885986328,106.44757080078124,63.62818145751953,48.26719665527344,32.134666442871094,51.20864868164063,27.28926467895508,21.795976638793945,16.369205474853516,22.629642486572266
2024-06-29,AL022024,31.0,2024-07-01 00:00:00,2 days 00:00:00,12.18,-56.9,970.7,94.1,38.6064567565918,147.790283203125,119.58635711669922,77.1840591430664,121.88580322265624,71.06172943115234,57.8954963684082,43.29966735839844,61.01235580444336,39.136329650878906,33.26828384399414,26.87969207763672,33.80525207519531
2024-06-29,AL022024,31.0,2024-07-01 06:00:00,2 days 06:00:00,12.35,-58.52,967.4,97.3,34.06515121459961,142.3706512451172,111.11302947998048,75.11725616455078,122.3993148803711,66.42749786376953,52.69971466064453,40.42160415649414,57.00748443603516,31.0323486328125,25.77719497680664,21.07651901245117,27.20174789428711
2024-06-29,AL022024,31.0,2024-07-01 12:00:00,2 days 12:00:00,12.94,-59.85,952.9,116.7,20.107378005981445,142.8984832763672,125.85320281982422,86.86969757080078,128.67774963378906,74.23261260986328,59.75114822387695,46.86442565917969,65.82583618164062,43.45708465576172,37.40745544433594,30.869029998779297,38.51877975463867
2024-06-29,AL022024,31.0,2024-07-01 18:00:00,2 days 18:00:00,12.94,-61.72,967.8,99.7,27.731637954711918,184.7711334228516,136.9665985107422,74.9751968383789,147.44854736328125,89.40830993652344,66.79226684570312,44.860477447509766,73.90570068359375,40.23900604248047,32.36479949951172,24.51749420166016,34.04335021972656
2024-06-29,AL022024,31.0,2024-07-02 00:00:00,3 days 00:00:00,13.44,-63.28,948.9,120.4,17.930147171020508,169.73374938964844,132.69183349609375,96.75332641601562,147.71627807617188,87.89231872558594,70.65917205810547,55.87628555297852,77.013427734375,48.282413482666016,40.839881896972656,33.6031379699707,42.23692321777344
2024-06-29,AL022024,31.0,2024-07-02 06:00:00,3 days 06:00:00,14.11,-64.94,945.5,124.5,31.57624244689941,190.5990295410156,147.98851013183594,96.28166961669922,158.27537536621094,95.84790802001952,74.24921417236328,54.73289489746094,81.67457580566406,46.99941635131836,38.52215576171875,30.910966873168945,40.993072509765625
2024-06-29,AL022024,31.0,2024-07-02 12:00:00,3 days 12:00:00,14.78,-66.38,947.8,122.4,16.69538116455078,223.16046142578125,180.45787048339844,117.87321472167967,183.5887908935547,112.41649627685548,89.4372329711914,66.4485855102539,96.0891342163086,60.9088134765625,51.62329864501953,41.129730224609375,52.54403305053711
2024-06-29,AL022024,31.0,2024-07-02 18:00:00,3 days 18:00:00,15.33,-68.39,948.4,118.8,22.66947364807129,214.6527557373047,167.787353515625,108.95741271972656,179.03369140625,107.09357452392578,84.50713348388672,62.44497299194336,91.23419952392578,54.50716018676758,45.83246994018555,36.54949569702149,47.07741928100586
2024-06-29,AL022024,31.0,2024-07-03 00:00:00,4 days 00:00:00,15.87,-70.79,962.2,104.3,26.742822647094727,177.22146606445312,134.3172607421875,73.60813903808594,141.76242065429688,84.98329162597656,63.73073196411133,42.918983459472656,69.78215789794922,37.5460319519043,30.549110412597656,23.43913459777832,32.215545654296875
2024-06-29,AL022024,31.0,2024-07-03 06:00:00,4 days 06:00:00,16.35,-72.31,962.9,104.3,29.617441177368164,162.29420471191406,134.79714965820312,73.03178405761719,136.77430725097656,83.82699584960938,63.4608154296875,43.4419174194336,68.9595718383789,36.33013153076172,29.77916145324707,23.407346725463867,31.503711700439453
2024-06-29,AL022024,31.0,2024-07-03 12:00:00,4 days 12:00:00,16.67,-74.26,985.2,77.9,33.3359375,195.26785278320312,149.63731384277344,81.65071868896484,153.61949157714844,95.17733764648438,74.27957153320312,50.07184600830078,77.40929412841797,40.03372573852539,33.04084396362305,24.93022346496582,33.17127990722656
2024-06-29,AL022024,31.0,2024-07-03 18:00:00,4 days 18:00:00,16.96,-75.86,976.8,88.6,40.253787994384766,210.5393829345703,164.92942810058594,102.49397277832033,166.7048797607422,97.86424255371094,79.33753967285156,57.54715347290039,81.97222900390625,44.26862716674805,37.1385383605957,29.02248954772949,37.2353630065918
2024-06-29,AL022024,31.0,2024-07-04 00:00:00,5 days 00:00:00,17.57,-77.36,973.4,92.3,21.645000457763672,191.7909698486328,147.6183319091797,80.87356567382812,152.3357696533203,92.0279541015625,71.12173461914062,48.355377197265625,75.77703094482422,40.37252426147461,33.04559326171875,25.361160278320312,34.0816650390625
2024-06-29,AL022024,31.0,2024-07-04 06:00:00,5 days 06:00:00,17.36,-78.78,975.1,87.9,41.79766082763672,177.0629119873047,128.64773559570312,76.28754425048828,147.4580841064453,87.67403411865234,66.14420318603516,47.12168884277344,74.51692962646484,41.511356353759766,34.155643463134766,27.08140754699707,35.83930969238281
2024-06-29,AL022024,31.0,2024-07-04 12:00:00,5 days 12:00:00,17.75,-79.88,967.8,98.2,51.74016952514648,173.18772888183594,145.80406188964844,90.1826171875,146.4327392578125,86.03883361816406,68.88616180419922,50.92634201049805,71.9668197631836,35.3741340637207,30.17935943603516,24.133058547973636,30.88519287109375
2024-06-29,AL022024,31.0,2024-07-04 18:00:00,5 days 18:00:00,17.87,-81.84,975.5,88.9,23.480154037475582,189.33192443847656,143.1580352783203,73.31619262695312,145.72598266601562,87.33785247802734,66.0390853881836,43.330474853515625,71.899169921875,45.99612045288086,38.145206451416016,28.86861038208008,38.6022834777832
2024-06-29,AL022024,31.0,2024-07-05 00:00:00,6 days 00:00:00,17.82,-83.37,977.0,84.8,40.15884399414063,160.12904357910156,116.78437042236328,61.75767517089844,127.80494689941406,75.2762451171875,57.77482223510742,39.213661193847656,61.47228240966797,31.9969539642334,26.226587295532227,20.07791328430176,27.21989250183105
2024-06-29,AL022024,31.0,2024-07-05 06:00:00,6 days 06:00:00,17.96,-84.62,979.7,81.5,21.701330184936523,139.2451171875,103.0118637084961,60.18172073364258,110.9949722290039,61.101539611816406,47.68250274658203,33.45719528198242,49.89170455932617,26.933990478515625,21.891950607299805,17.118915557861328,22.70604705810547
2024-06-29,AL022024,31.0,2024-07-05 12:00:00,6 days 12:00:00,18.89,-85.89,979.4,79.0,24.67491912841797,169.90184020996094,131.9269561767578,74.01374053955078,134.3550262451172,78.92308044433594,59.29471969604492,37.643985748291016,62.45268249511719,28.180667877197266,22.27277946472168,16.22972869873047,23.4149227142334
2024-06-29,AL022024,31.0,2024-07-05 18:00:00,6 days 18:00:00,19.0,-86.64,970.0,91.8,21.853179931640625,169.6349639892578,147.05694580078125,98.8165054321289,140.05838012695312,81.87962341308594,66.68403625488281,48.06361770629883,68.46900939941406,32.50510025024414,26.917505264282227,21.302499771118164,27.806888580322266
2024-06-29,AL022024,31.0,2024-07-06 00:00:00,7 days 00:00:00,20.13,-88.6,994.4,53.5,37.88782501220703,127.17516326904295,107.23825073242188,75.65337371826172,102.97152709960938,37.75006103515625,31.977006912231445,22.014896392822266,29.313316345214844,0.926432728767395,0.1733821481466293,0.0,0.6614353060722351
2024-06-29,AL022024,31.0,2024-07-06 06:00:00,7 days 06:00:00,20.87,-90.14,1000.2,44.2,40.3885498046875,64.5314712524414,47.6366081237793,24.727277755737305,43.70664978027344,1.4313316345214844,0.0268571302294731,0.0,0.6123678684234619,0.3009518682956695,0.0553901456296443,0.0,0.0769511461257934
2024-06-29,AL022024,31.0,2024-07-06 12:00:00,7 days 12:00:00,21.39,-91.21,997.2,50.3,61.155860900878906,101.99234008789062,82.08375549316406,44.09759140014648,71.62110900878906,7.085334777832031,3.913366079330444,0.6461247801780701,4.507240295410156,0.3673917949199676,0.0,0.0,0.03133325278759
2024-06-29,AL022024,31.0,2024-07-06 18:00:00,7 days 18:00:00,22.14,-92.59,998.0,52.0,51.552276611328125,118.84718322753906,98.43913269042967,66.5665512084961,97.44970703125,40.58371353149414,33.70206069946289,22.34122657775879,31.48178482055664,0.7609521150588989,0.0,0.0,0.2040885537862777
2024-06-29,AL022024,31.0,2024-07-07 00:00:00,8 days 00:00:00,22.69,-93.5,997.3,51.6,46.699684143066406,123.25149536132812,100.00729370117188,67.57962799072266,100.33763885498048,23.51567268371582,18.505203247070312,11.591798782348633,17.727828979492188,0.6130500435829163,0.087644413113594,0.0,0.4600439965724945
2024-06-29,AL022024,31.0,2024-07-07 06:00:00,8 days 06:00:00,22.84,-94.79,993.4,59.7,35.866146087646484,164.6647491455078,129.14791870117188,88.0298843383789,137.60313415527344,68.12786865234375,55.29818344116211,37.39579391479492,53.32850646972656,3.198840379714966,1.0327991247177124,0.0,1.9574929475784304
2024-06-29,AL022024,31.0,2024-07-07 12:00:00,8 days 12:00:00,23.41,-95.8,995.5,55.9,50.47044372558594,227.8051605224609,196.11769104003903,155.1690216064453,204.58029174804688,92.64215850830078,80.57334899902344,59.3390998840332,74.63048553466797,0.9419516921043396,0.0,0.0,0.4207987189292907
2024-06-29,AL022024,31.0,2024-07-07 18:00:00,8 days 18:00:00,23.68,-97.14,993.1,58.4,30.80715751647949,138.57615661621094,117.57823181152344,88.87163543701172,121.13693237304688,46.46223449707031,39.11161804199219,26.62023162841797,36.716590881347656,0.8769201636314392,0.0,0.0,0.3488804399967193
2024-06-29,AL022024,31.0,2024-07-08 00:00:00,9 days 00:00:00,23.64,-98.07,994.4,48.5,42.98286056518555,84.07721710205078,63.51053237915039,48.98951721191406,69.70154571533203,14.004075050354004,10.714597702026367,7.556381702423096,11.153609275817873,0.0193799808621406,0.0,0.0,0.009413905441761
2024-06-29,AL022024,31.0,2024-07-08 06:00:00,9 days 06:00:00,23.65,-99.3,996.7,40.7,33.1622314453125,44.61330032348633,30.5771427154541,23.578004837036133,36.02501678466797,0.5954840183258057,0.4860294163227081,0.1914393901824951,0.6230181455612183,0.1446225792169571,0.1992251127958297,0.4227179884910583,0.1065006852149963
2024-06-29,AL022024,31.0,2024-07-08 12:00:00,9 days 12:00:00,23.69,-100.56,1000.0,36.2,22.849254608154297,37.41506576538086,27.72738075256348,25.40428352355957,28.96727180480957,1.180964708328247,0.9306747913360596,0.769103467464447,0.7259057760238647,0.0543684363365173,0.0,0.0,0.0
2024-06-29,AL022024,31.0,2024-07-08 18:00:00,9 days 18:00:00,24.1,-102.85,1002.7,30.6,19.328214645385746,4.9444661140441895,7.919785976409912,10.904937744140623,10.127631187438965,0.0,0.8947071433067322,3.0474841594696045,0.0,0.0,1.5548548698425293,1.2577338218688965,0.2781785130500793
2024-06-29,AL022024,32.0,2024-06-29 00:00:00,0 days 00:00:00,9.2,-43.1,1006.0,35.0,74.07997303488982,74.07997303488982,0.0,0.0,74.07997303488982,,,,,,,,
2024-06-29,AL022024,32.0,2024-06-29 06:00:00,0 days 06:00:00,9.78,-44.99,999.2,50.5,52.06168746948242,52.646331787109375,36.55813217163086,19.624387741088867,39.99827575683594,3.191691398620605,1.2124460935592651,0.0188531279563903,1.9845902919769287,0.1119271740317344,0.0,0.0,0.1741953045129776
2024-06-29,AL022024,32.0,2024-06-29 12:00:00,0 days 12:00:00,10.09,-46.77,987.3,72.3,17.651525497436523,92.28131103515624,69.13520050048828,47.92254257202149,78.5985107421875,41.06621170043945,31.87233161926269,23.741458892822266,35.102867126464844,20.945268630981445,17.088924407958984,13.835113525390623,18.015254974365234
2024-06-29,AL022024,32.0,2024-06-29 18:00:00,0 days 18:00:00,10.25,-48.86,991.0,67.0,41.193973541259766,91.75415802001952,66.4476089477539,43.98958206176758,73.30584716796875,40.52599334716797,31.2563533782959,22.964813232421875,33.512081146240234,17.813493728637695,14.173905372619627,11.21855640411377,15.093857765197754
2024-06-29,AL022024,32.0,2024-06-30 00:00:00,1 days 00:00:00,10.38,-50.75,987.9,71.7,23.85430335998535,86.52233123779297,63.93668365478516,45.49918365478516,76.6180648803711,38.5263900756836,30.589845657348636,24.955690383911133,33.613216400146484,21.16190528869629,17.430561065673828,14.691678047180176,18.511924743652344
2024-06-29,AL022024,32.0,2024-06-30 06:00:00,1 days 06:00:00,10.42,-52.42,992.3,65.7,16.26195526123047,105.8125,83.56163787841797,61.39274215698242,90.25664520263672,48.778446197509766,40.74162292480469,32.05812454223633,42.18130493164063,27.37662124633789,23.46010971069336,19.10350608825684,23.42252349853516
2024-06-29,AL022024,32.0,2024-06-30 12:00:00,1 days 12:00:00,10.54,-54.34,988.9,68.6,39.80414581298828,112.85457611083984,88.40043640136719,65.35688781738281,99.04705810546876,53.13905334472656,44.33491134643555,34.96565628051758,45.72933578491211,24.488473892211918,20.98522186279297,17.285642623901367,21.25889587402344
2024-06-29,AL022024,32.0,2024-06-30 18:00:00,1 days 18:00:00,10.93,-55.72,989.3,66.2,38.457763671875,88.68970489501953,80.94096374511719,59.15886688232422,79.54169464111328,44.7357177734375,37.03129959106445,27.189023971557617,36.58098220825195,12.617122650146484,10.14171314239502,8.05593490600586,10.966084480285645
2024-06-29,AL022024,32.0,2024-07-01 00:00:00,2 days 00:00:00,10.86,-57.8,980.6,82.1,39.94552230834961,143.2357635498047,112.20735168457033,77.8145751953125,120.7035675048828,68.94762420654297,57.426300048828125,45.01845550537109,59.365989685058594,38.05271530151367,32.8746223449707,26.82440185546875,32.764427185058594
2024-06-29,AL022024,32.0,2024-07-01 06:00:00,2 days 06:00:00,11.27,-59.13,967.2,98.7,15.436280250549316,140.1891632080078,109.55008697509766,71.96063995361328,116.06216430664062,67.90191650390625,53.69451141357422,40.75090408325195,58.34897994995117,40.302005767822266,34.32135009765625,27.83880424499512,34.881866455078125
2024-06-29,AL022024,32.0,2024-07-01 12:00:00,2 days 12:00:00,11.43,-60.52,970.6,94.3,24.99203109741211,134.81446838378906,108.69672393798828,69.43377685546875,114.0811996459961,70.61212921142578,56.69783401489258,42.76261901855469,60.50151062011719,32.70954513549805,28.108678817749023,22.77345466613769,28.751296997070312
2024-06-29,AL022024,32.0,2024-07-01 18:00:00,2 days 18:00:00,12.18,-62.46,970.5,92.4,16.5787353515625,218.5144500732422,181.16998291015625,117.59635162353516,176.22242736816406,108.4477996826172,90.62458038330078,69.57096099853516,92.96891021728516,66.43348693847656,58.7893180847168,47.2896842956543,56.7613410949707
2024-06-29,AL022024,32.0,2024-07-02 00:00:00,3 days 00:00:00,12.51,-64.44,952.0,116.2,19.53380584716797,158.8235321044922,122.84861755371094,80.19770050048828,132.46124267578125,81.05886840820312,64.44767761230469,48.94614410400391,70.44750213623047,44.341590881347656,37.1380500793457,30.414995193481445,39.2481803894043
2024-06-29,AL022024,32.0,2024-07-02 06:00:00,3 days 06:00:00,12.87,-66.19,958.8,108.8,26.024385452270508,160.26593017578125,140.62371826171875,97.20248413085938,139.51893615722656,79.68962860107422,66.33351135253906,52.76079940795898,69.7145767211914,40.88423538208008,35.652828216552734,29.916767120361328,36.50606155395508
2024-06-29,AL022024,32.0,2024-07-02 12:00:00,3 days 12:00:00,13.65,-68.5,983.7,76.8,47.78803253173828,164.93240356445312,129.44964599609375,75.13250732421875,130.5929412841797,74.765869140625,59.11545181274414,40.93312072753906,60.20643997192383,29.705890655517575,24.901262283325195,19.034528732299805,25.028535842895508
2024-06-29,AL022024,32.0,2024-07-02 18:00:00,3 days 18:00:00,14.27,-70.79,986.4,75.4,47.00690078735352,190.8284454345703,148.22723388671875,75.3113784790039,142.36068725585938,84.42138671875,66.95160675048828,45.258602142333984,68.19677734375,34.90007400512695,29.090351104736328,21.779760360717773,28.85834312438965
2024-06-29,AL022024,32.0,2024-07-03 00:00:00,4 days 00:00:00,14.73,-73.27,987.3,71.9,44.64818954467773,142.55514526367188,106.12017059326172,54.94860458374024,107.09430694580078,55.13142395019531,41.675331115722656,27.803850173950195,43.72774124145508,16.382793426513672,12.472904205322266,9.034051895141602,13.60557460784912
2024-06-29,AL022024,32.0,2024-07-03 06:00:00,4 days 06:00:00,15.0,-75.97,977.8,86.4,39.97325134277344,162.0622100830078,144.50039672851562,97.33867645263672,134.8648223876953,75.09532165527344,63.59918594360352,49.43822479248047,63.05770111083984,27.374418258666992,23.44487571716309,19.183252334594727,23.55146789550781
2024-06-29,AL022024,32.0,2024-07-03 12:00:00,4 days 12:00:00,15.15,-78.74,994.3,61.8,55.10683822631836,158.85751342773438,128.0598907470703,69.11973571777344,123.24752044677734,66.91529846191406,52.61268615722656,34.474098205566406,51.99200439453125,18.90526962280273,14.924415588378906,10.488017082214355,15.28846549987793
2024-06-29,AL022024,32.0,2024-07-03 18:00:00,4 days 18:00:00,15.39,-81.08,992.9,65.8,46.519622802734375,173.06729125976562,132.95169067382812,73.92616271972656,137.46363830566406,71.63804626464844,54.606971740722656,34.989532470703125,56.23476028442383,17.887632369995117,12.899889945983888,8.527139663696289,14.031743049621582
2024-06-29,AL022024,32.0,2024-07-04 00:00:00,5 days 00:00:00,15.5,-82.89,985.3,71.8,29.741113662719727,173.57986450195312,138.39097595214844,89.17658233642578,144.99948120117188,85.93594360351562,69.56835174560547,50.67877578735352,71.8505859375,42.60852813720703,36.78252029418945,28.82654190063477,36.17325973510742
2024-06-29,AL022024,32.0,2024-07-04 06:00:00,5 days 06:00:00,15.36,-85.11,985.4,69.2,33.67222213745117,160.69317626953125,131.70213317871094,99.09133911132812,131.32901000976562,63.86758041381836,54.48092269897461,43.25262069702149,53.56059646606445,21.987443923950195,17.869686126708984,14.723066329956056,18.296680450439453
2024-06-29,AL022024,32.0,2024-07-04 12:00:00,5 days 12:00:00,15.05,-86.59,985.9,61.4,45.577903747558594,97.98361206054688,87.80699157714844,71.51175689697266,82.74896240234375,26.584569931030277,22.633943557739254,19.70557975769043,22.29355812072754,6.369097232818604,5.374262809753418,5.015843868255615,5.771121501922607
2024-06-29,AL022024,32.0,2024-07-04 18:00:00,5 days 18:00:00,15.5,-88.7,996.9,47.1,25.585168838500977,82.65301513671875,69.94927215576172,50.57069396972656,64.63384246826172,13.990192413330078,11.404932022094728,7.911624431610107,9.855840682983398,0.5320793390274048,0.4142118990421295,0.1037045195698738,0.3285733759403229
2024-06-29,AL022024,32.0,2024-07-05 00:00:00,6 days 00:00:00,15.33,-90.24,998.8,33.2,72.22293853759766,3.199646472930908,3.706209421157837,4.334615707397461,5.139218330383301,0.4181966185569763,0.0,0.6187301278114319,0.3555732667446136,0.0066489931195974,0.0,0.2541210353374481,0.4037553369998932
2024-06-29,AL022024,32.0,2024-07-05 06:00:00,6 days 06:00:00,16.44,-92.46,999.4,31.0,99.70995330810548,2.699315071105957,5.0599045753479,6.74046802520752,3.383791446685791,0.0,0.9385092854499816,2.329829454421997,0.0,0.0,1.081438064575195,0.7507086992263794,0.3948721587657928
2024-06-29,AL022024,32.0,2024-07-05 12:00:00,6 days 12:00:00,14.53,-94.39,1004.4,30.8,68.81764221191406,18.413982391357425,16.837919235229492,9.82664680480957,11.34752368927002,0.0,0.2127642929553985,0.3895251154899597,0.0,0.0610581934452056,0.2478559166193008,0.3218872249126434,0.0741961151361465
2024-06-29,AL022024,32.0,2024-07-05 18:00:00,6 days 18:00:00,14.96,-95.1,1004.5,30.6,106.41390991210938,3.2625088691711426,0.9292437434196472,0.0,3.491178035736084,0.0,0.0,0.0,0.0,0.0,0.0818610042333602,0.0,0.0
2024-06-29,AL022024,32.0,2024-07-06 00:00:00,7 days 00:00:00,14.9,-97.13,1004.7,31.2,77.01762390136719,9.621807098388672,9.212912559509276,5.140731334686279,6.2117109298706055,0.2786284983158111,0.6214193105697632,0.5035178661346436,0.0,0.0,0.1113761886954307,0.2270604968070984,0.0
2024-06-29,AL022024,33.0,2024-06-29 00:00:00,0 days 00:00:00,9.2,-43.1,1006.0,35.0,74.07997303488982,74.07997303488982,0.0,0.0,74.07997303488982,,,,,,,,
2024-06-29,AL022024,33.0,2024-06-29 06:00:00,0 days 06:00:00,9.31,-45.13,998.8,51.8,40.757423400878906,61.24258041381836,43.70220565795898,28.39385032653809,51.29655456542969,8.894726753234863,5.983895778656006,3.947974681854248,6.746505737304688,0.005136870779097,0.0,0.0,0.1706538200378418
2024-06-29,AL022024,33.0,2024-06-29 12:00:00,0 days 12:00:00,9.63,-46.32,981.5,77.4,19.39707565307617,90.5384750366211,74.4974136352539,56.55913162231445,82.80379486083984,42.83934783935547,34.61468505859375,26.893341064453125,37.211334228515625,20.319398880004883,16.794004440307617,13.993735313415527,17.951711654663086
2024-06-29,AL022024,33.0,2024-06-29 18:00:00,0 days 18:00:00,10.16,-48.46,988.4,71.7,22.19112205505371,112.14063262939452,84.91912078857422,54.88886642456055,91.52654266357422,50.65134811401367,38.77910232543945,27.415021896362305,42.24020385742188,25.63239288330078,20.951740264892575,16.291717529296875,21.67573356628418
2024-06-29,AL022024,33.0,2024-06-30 00:00:00,1 days 00:00:00,10.6,-49.72,980.8,80.1,41.07704544067383,103.60862731933594,88.120361328125,61.3672103881836,92.55882263183594,51.34587097167969,40.626590728759766,29.740955352783203,42.15165710449219,17.573862075805664,14.138681411743164,11.491005897521973,15.550922393798828
2024-06-29,AL022024,33.0,2024-06-30 06:00:00,1 days 06:00:00,10.74,-51.49,980.2,78.0,54.45358657836914,101.50584411621094,87.07103729248047,65.05392456054688,92.28852081298828,48.60977554321289,40.34077835083008,31.822547912597656,41.60082626342773,18.374513626098636,15.48876953125,13.163334846496582,16.56543731689453
2024-06-29,AL022024,33.0,2024-06-30 12:00:00,1 days 12:00:00,11.15,-53.44,971.6,98.1,20.67523956298828,134.59591674804688,102.72293090820312,63.171142578125,114.2504653930664,67.05805969238281,51.27554321289063,37.09672927856445,57.228641510009766,34.64908599853516,28.402681350708008,22.771408081054688,30.06679344177246
2024-06-29,AL022024,33.0,2024-06-30 18:00:00,1 days 18:00:00,11.51,-54.77,970.4,93.8,25.49998664855957,116.8039321899414,102.41798400878906,79.55709838867188,105.15579986572266,56.32747268676758,47.39556121826172,39.31437301635742,49.92934036254883,29.9956111907959,26.52337074279785,22.24253845214844,26.37075424194336
2024-06-29,AL022024,33.0,2024-07-01 00:00:00,2 days 00:00:00,12.05,-56.65,970.8,95.7,24.608110427856445,161.2157745361328,136.92906188964844,87.44105529785156,142.753173828125,81.08258819580078,63.61277389526367,45.887325286865234,68.20494842529297,40.69333267211914,34.73896408081055,27.737443923950195,35.552223205566406
2024-06-29,AL022024,33.0,2024-07-01 06:00:00,2 days 06:00:00,12.43,-58.55,970.1,94.8,23.966426849365234,177.43690490722656,135.89236450195312,82.46202087402344,146.1837615966797,83.82548522949219,65.59833526611328,47.021026611328125,70.21367645263672,46.76388168334961,39.56429290771485,31.339157104492188,39.85414123535156
2024-06-29,AL022024,33.0,2024-07-01 12:00:00,2 days 12:00:00,12.82,-60.26,959.5,107.9,26.4338436126709,191.5155334472656,142.0543975830078,90.2785186767578,157.70237731933594,97.052001953125,75.35232543945312,54.605655670166016,82.07926940917969,49.9519157409668,41.672882080078125,32.750457763671875,42.68132019042969
2024-06-29,AL022024,33.0,2024-07-01 18:00:00,2 days 18:00:00,13.62,-61.4,959.0,109.6,23.423967361450195,174.55084228515625,136.47613525390625,81.71678924560547,140.46871948242188,82.58779907226562,62.79483795166016,44.52229690551758,70.16604614257812,44.98152923583984,37.74516296386719,30.015819549560547,39.08488845825195
2024-06-29,AL022024,33.0,2024-07-02 00:00:00,3 days 00:00:00,14.53,-63.25,948.0,120.8,18.953256607055664,209.3820343017578,170.34132385253906,112.28551483154295,175.93540954589844,109.53762817382812,89.05353546142578,66.6712875366211,93.2026596069336,56.10634994506836,47.70392227172852,38.81658172607422,48.95441818237305
2024-06-29,AL022024,33.0,2024-07-02 06:00:00,3 days 06:00:00,15.45,-64.75,968.2,98.2,30.47307014465332,147.2262420654297,125.02938842773438,79.16497039794922,120.81067657470705,71.28336334228516,56.88727951049805,41.56479644775391,59.34446716308594,29.169944763183597,24.187929153442383,19.26824760437012,25.089008331298828
2024-06-29,AL022024,33.0,2024-07-02 12:00:00,3 days 12:00:00,16.76,-66.59,983.3,78.3,26.44434356689453,216.85888671875,170.3864288330078,94.33100128173828,169.50308227539062,109.14340209960938,86.2376480102539,57.55537796020508,88.78750610351562,48.68505859375,40.98114013671875,31.15003967285156,40.912384033203125
2024-06-29,AL022024,33.0,2024-07-02 18:00:00,3 days 18:00:00,17.79,-68.51,991.1,67.4,40.10298538208008,191.44448852539065,147.31686401367188,81.22508239746094,147.23294067382812,86.84439849853516,68.65221405029297,45.7300910949707,68.96601104736328,25.828866958618164,20.164953231811523,14.334246635437012,20.63892936706543
2024-06-29,AL022024,33.0,2024-07-03 00:00:00,4 days 00:00:00,18.33,-70.24,990.2,66.5,44.548858642578125,212.38040161132807,168.5076141357422,103.0933074951172,171.15304565429688,103.40484619140624,83.84883880615234,58.31827926635742,84.12916564941406,32.17416000366211,25.80811882019043,19.67064476013184,26.836130142211918
2024-06-29,AL022024,33.0,2024-07-03 06:00:00,4 days 06:00:00,19.48,-71.62,996.0,54.4,55.06298065185547,236.70816040039065,212.13470458984372,157.6309356689453,204.8878936767578,104.67935180664062,91.36811065673828,66.02914428710938,83.44640350341797,3.075885772705078,1.013442873954773,0.0,1.9980404376983645
2024-06-29,AL022024,33.0,2024-07-03 12:00:00,4 days 12:00:00,19.91,-74.01,1002.7,43.5,99.79471588134766,88.74522399902344,69.37907409667969,36.74843978881836,64.76792907714844,2.9468038082122803,0.7264674305915833,0.0,1.418203353881836,0.090723767876625,0.001219761208631,0.0,0.0
2024-06-29,AL022024,33.0,2024-07-03 18:00:00,4 days 18:00:00,20.62,-75.05,1001.1,46.8,35.91279602050781,132.37417602539062,107.40291595458984,69.60784149169922,103.34053802490234,23.559246063232425,18.95979118347168,13.337569236755373,17.64666748046875,0.4599246978759765,0.0362386181950569,0.0,0.2120478004217147
2024-06-29,AL022024,33.0,2024-07-04 00:00:00,5 days 00:00:00,20.47,-76.53,1004.1,42.5,86.57127380371094,103.84030151367188,79.49767303466797,39.95986557006836,72.4388427734375,2.617109060287476,0.8977029919624329,0.0,1.0015262365341189,0.0,0.0,0.0,0.0099976919591426
2024-06-29,AL022024,33.0,2024-07-04 06:00:00,5 days 06:00:00,20.58,-78.59,1004.9,38.2,106.21387481689452,92.03032684326172,74.9390869140625,39.82219314575195,66.61746215820312,0.493593156337738,0.0,0.0,0.1627053469419479,0.0085423616692423,0.0,0.0121211139485239,0.0
2024-06-29,AL022024,33.0,2024-07-04 12:00:00,5 days 12:00:00,20.95,-80.26,1004.6,36.1,106.4417724609375,72.77944946289062,55.1613655090332,25.56424140930176,48.68820190429688,1.719832181930542,0.4645333588123321,0.0,0.817937433719635,0.1822046339511871,0.0,0.0,0.0582875125110149
2024-06-29,AL022024,33.0,2024-07-04 18:00:00,5 days 18:00:00,21.1,-81.4,1003.2,40.2,66.90752410888672,114.0415496826172,96.77739715576172,65.22994232177734,90.56614685058594,7.211911201477051,5.474945545196533,3.822162389755249,5.219270706176758,0.1871085613965988,0.0501687228679657,0.0939041823148727,0.1440910696983337
2024-06-29,AL022024,33.0,2024-07-05 00:00:00,6 days 00:00:00,21.3,-82.78,1007.1,31.0,62.4984016418457,16.987104415893555,12.981776237487791,7.125715732574463,10.75739860534668,1.340039610862732,1.3256497383117676,0.7227726578712463,0.6212983727455139,0.0,0.1126282587647438,0.0414396598935127,0.0036321603693068
2024-06-29,AL022024,33.0,2024-07-05 06:00:00,6 days 06:00:00,21.16,-84.53,1004.0,35.3,93.80316925048828,16.10667610168457,7.923681259155273,0.0,6.832085132598877,0.0,0.0,0.0,0.0,0.0561818405985832,0.1218650564551353,0.0426909960806369,0.0
2024-06-29,AL022024,33.0,2024-07-05 12:00:00,6 days 12:00:00,21.76,-86.27,1005.7,33.7,125.7451171875,8.639503479003906,3.2731635570526123,0.0,3.901777505874634,0.2746666073799133,0.0260391924530267,0.0,0.4930110871791839,0.0,0.0587211623787879,0.1407940089702606,0.1682957112789154
2024-06-29,AL022024,34.0,2024-06-29 00:00:00,0 days 00:00:00,9.2,-43.1,1006.0,35.0,74.07997303488982,74.07997303488982,0.0,0.0,74.07997303488982,,,,,,,,
2024-06-29,AL022024,34.0,2024-06-29 06:00:00,0 days 06:00:00,9.34,-44.66,1000.2,47.5,59.92745971679688,48.90525817871094,38.67009353637695,29.952524185180664,44.02510452270508,8.436659812927246,6.154767036437988,4.822295665740967,6.676226615905762,0.0,0.0,0.0,0.0732680857181549
2024-06-29,AL022024,34.0,2024-06-29 12:00:00,0 days 12:00:00,9.62,-46.91,983.2,76.8,17.51166534423828,101.38998413085938,75.8989028930664,52.20960998535156,86.23957061767578,47.46673583984375,36.139686584472656,25.905590057373047,39.68727111816406,23.78141212463379,19.255266189575195,15.2130708694458,20.26916885375977
2024-06-29,AL022024,34.0,2024-06-29 18:00:00,0 days 18:00:00,10.33,-48.78,972.8,92.5,22.707794189453125,93.04150390625,70.2042007446289,46.96692657470703,77.4326400756836,42.61893081665039,31.718225479125977,23.810636520385746,36.82719802856445,23.2950496673584,18.75204086303711,15.41294765472412,20.72334861755371
2024-06-29,AL022024,34.0,2024-06-30 00:00:00,1 days 00:00:00,10.69,-50.65,971.8,96.5,23.3866024017334,126.23360443115234,93.44776916503906,58.82353210449219,104.25808715820312,60.4517707824707,46.366249084472656,34.29182052612305,51.21804428100586,31.40081787109375,25.542091369628903,20.567781448364254,27.21247100830078
2024-06-29,AL022024,34.0,2024-06-30 06:00:00,1 days 06:00:00,10.87,-52.03,968.7,98.0,19.08966636657715,117.38884735107422,100.51624298095705,71.21099853515625,105.29064178466795,55.28156661987305,44.28571319580078,35.24140930175781,49.13555145263672,31.765316009521484,27.00100898742676,22.634559631347656,28.511838912963867
2024-06-29,AL022024,34.0,2024-06-30 12:00:00,1 days 12:00:00,11.13,-54.09,985.9,77.3,26.07250595092773,150.14633178710938,112.42382049560548,63.592044830322266,121.09369659423828,72.84645080566406,55.80924606323242,38.20242691040039,59.35943603515625,34.99676513671875,28.74873924255371,22.111751556396484,29.46309280395508
2024-06-29,AL022024,34.0,2024-06-30 18:00:00,1 days 18:00:00,11.52,-56.04,969.4,98.2,16.489418029785156,117.45733642578124,90.900146484375,55.805442810058594,96.2158432006836,55.186798095703125,41.61039733886719,29.50309181213379,46.1640739440918,29.8797550201416,24.46615219116211,19.60570526123047,26.010536193847656
2024-06-29,AL022024,34.0,2024-07-01 00:00:00,2 days 00:00:00,12.34,-57.32,967.5,99.8,41.062381744384766,180.9424285888672,161.0524139404297,112.53887939453124,153.05557250976562,97.63289642333984,82.52101135253906,63.31586456298828,81.8450698852539,39.98823547363281,34.5471305847168,27.826303482055664,34.649147033691406
2024-06-29,AL022024,34.0,2024-07-01 06:00:00,2 days 06:00:00,12.35,-58.3,976.6,84.6,33.67882537841797,145.22315979003906,122.23619842529295,88.02001953125,125.19667053222656,70.81134796142578,60.57096481323242,48.05677795410156,61.07910537719727,32.40724563598633,28.05664825439453,23.22352409362793,28.03802490234375
2024-06-29,AL022024,34.0,2024-07-01 12:00:00,2 days 12:00:00,12.94,-60.21,967.9,100.9,30.32658576965332,154.42044067382812,110.52351379394533,54.962249755859375,119.92025756835938,73.36392974853516,52.94991683959961,33.70463180541992,59.94986724853516,32.7979736328125,25.381671905517575,18.869678497314453,27.46084213256836
2024-06-29,AL022024,34.0,2024-07-01 18:00:00,2 days 18:00:00,13.81,-61.8,957.4,111.9,23.458499908447266,158.05520629882812,123.50439453125,72.02494049072266,127.35132598876952,76.11068725585938,57.027950286865234,39.36666870117188,64.22090148925781,42.00046157836914,34.389896392822266,27.09685707092285,36.2083740234375
2024-06-29,AL022024,34.0,2024-07-02 00:00:00,3 days 00:00:00,14.71,-63.33,951.5,118.8,19.334644317626957,171.14166259765625,130.11163330078125,80.6466293334961,142.73577880859375,86.44070434570312,66.22896575927734,48.50996398925781,74.2237548828125,47.170875549316406,39.074851989746094,31.2973690032959,40.9485969543457
2024-06-29,AL022024,34.0,2024-07-02 06:00:00,3 days 06:00:00,15.36,-64.71,961.5,107.4,42.194034576416016,176.4748077392578,151.73849487304688,96.8403778076172,147.4000701904297,90.4986572265625,72.59317016601562,53.36296844482422,75.6136474609375,38.56138229370117,32.52266311645508,26.10338020324707,33.359561920166016
2024-06-29,AL022024,34.0,2024-07-02 12:00:00,3 days 12:00:00,16.2,-66.68,974.5,90.2,41.08203125,198.2898712158203,155.13934326171875,82.07086944580078,156.09896850585938,92.82781982421876,70.68229675292969,47.184513092041016,75.4896469116211,44.09865951538086,36.41897964477539,27.54985618591309,36.66170501708984
2024-06-29,AL022024,34.0,2024-07-02 18:00:00,3 days 18:00:00,16.98,-68.64,985.6,76.4,47.61407852172852,188.99681091308597,140.38267517089844,73.53984069824219,144.55776977539062,84.08779907226562,64.12317657470703,41.09383010864258,67.31394958496094,31.19859313964844,24.638296127319336,17.796863555908203,25.46360969543457
2024-06-29,AL022024,34.0,2024-07-03 00:00:00,4 days 00:00:00,17.34,-70.33,985.2,74.9,32.1518669128418,197.3157501220703,148.0990447998047,83.47334289550781,156.5867156982422,92.46234130859376,74.01390075683594,51.40447616577149,76.04830932617188,33.393917083740234,26.52202796936035,20.267627716064453,27.47596740722656
2024-06-29,AL022024,34.0,2024-07-03 06:00:00,4 days 06:00:00,18.0,-72.31,995.7,59.3,58.24488067626953,149.6964111328125,116.3757095336914,68.6336669921875,115.24154663085938,37.64773941040039,28.56485366821289,18.979984283447266,29.203447341918945,4.4501142501831055,2.478043794631958,1.6169867515563965,3.404665946960449
2024-06-29,AL022024,34.0,2024-07-03 12:00:00,4 days 12:00:00,18.26,-74.07,1003.2,46.3,58.36872482299805,229.36122131347656,203.16607666015625,154.31077575683594,199.6639709472656,64.47562408447266,57.21832275390625,43.43442916870117,53.19023513793945,0.9792864322662354,0.0970657542347908,0.0,0.7059840559959412
2024-06-29,AL022024,34.0,2024-07-03 18:00:00,4 days 18:00:00,18.29,-76.83,1007.6,35.2,50.45841979980469,23.786895751953125,18.12938690185547,11.31064510345459,18.415922164916992,0.0,0.0,0.1898542493581771,0.2128881961107254,0.1523561626672744,0.2089884132146835,0.2167017012834549,0.3310434222221374
2024-06-29,AL022024,34.0,2024-07-04 00:00:00,5 days 00:00:00,18.87,-78.38,1006.7,34.2,43.6536750793457,11.680235862731934,4.481748104095459,0.0,5.453934669494629,0.2882519960403442,0.0,0.0,0.0917742177844047,0.0381745845079422,0.0830087438225746,0.0978410020470619,0.1286205202341079
2024-06-29,AL022024,34.0,2024-07-04 06:00:00,5 days 06:00:00,19.27,-80.27,1004.2,36.6,75.69837188720703,16.189592361450195,7.890591144561768,0.0,5.558984279632568,0.0,0.2142861783504486,0.0,0.1040492355823516,0.0263545215129852,0.0173316393047571,0.0975421816110611,0.0126964915543794
2024-06-29,AL022024,34.0,2024-07-04 12:00:00,5 days 12:00:00,19.65,-81.95,1006.7,33.4,58.70732879638672,2.770907402038574,0.0,0.0,0.0454632937908172,0.1040029898285865,0.0,0.0,0.1641913950443267,0.1216694116592407,0.0280154775828123,0.02339319139719,0.0869036465883255
2024-06-29,AL022024,34.0,2024-07-04 18:00:00,5 days 18:00:00,19.29,-84.37,1007.9,30.1,125.28374481201172,28.186756134033203,19.98224449157715,8.425131797790527,15.83209228515625,0.2798894047737121,0.0130696399137377,0.2256953418254852,0.0743806064128875,0.0587657988071441,0.1199385747313499,0.1153048947453498,0.0576324500143528
2024-06-29,AL022024,35.0,2024-06-29 00:00:00,0 days 00:00:00,9.2,-43.1,1006.0,35.0,74.07997303488982,74.07997303488982,0.0,0.0,74.07997303488982,,,,,,,,
2024-06-29,AL022024,35.0,2024-06-29 06:00:00,0 days 06:00:00,9.53,-44.86,996.3,59.0,35.682716369628906,87.26268768310547,63.76584243774414,45.24895095825195,74.30590057373047,34.36820602416992,26.881935119628903,19.644607543945312,27.889280319213867,11.032626152038574,8.41292953491211,6.55817985534668,9.278656005859377
2024-06-29,AL022024,35.0,2024-06-29 12:00:00,0 days 12:00:00,9.86,-46.66,981.5,81.7,15.343961715698242,108.8953628540039,79.60182189941406,55.27475357055664,92.37557220458984,52.48905944824219,40.40031814575195,28.75923728942871,44.28556823730469,25.52226829528809,20.621091842651367,16.249814987182617,21.78830337524414
2024-06-29,AL022024,35.0,2024-06-29 18:00:00,0 days 18:00:00,10.16,-48.58,977.2,88.3,16.065540313720703,105.52310180664062,82.36553192138672,57.057430267333984,88.09224700927734,49.35351943969727,38.65404891967773,28.76049423217773,42.12995910644531,25.653228759765625,21.31022071838379,17.169519424438477,22.427400588989254
2024-06-29,AL022024,35.0,2024-06-30 00:00:00,1 days 00:00:00,10.56,-50.01,987.5,73.6,20.33672142028809,58.979042053222656,50.387672424316406,34.33018112182617,55.20170211791992,25.96229362487793,18.353612899780277,12.329940795898438,20.61726188659668,6.601310729980469,4.157031059265137,3.1588246822357178,5.993649482727051
2024-06-29,AL022024,35.0,2024-06-30 06:00:00,1 days 06:00:00,10.78,-52.07,988.5,70.5,31.033117294311523,122.18245697021484,92.95472717285156,67.49523162841797,105.834716796875,58.83428955078125,48.169677734375,36.68267440795898,49.59406661987305,24.493078231811523,20.31106758117676,16.426071166992188,20.90035820007324
2024-06-29,AL022024,35.0,2024-06-30 12:00:00,1 days 12:00:00,10.87,-53.8,977.4,87.3,26.62771797180176,125.03316497802734,96.47224426269533,62.24724197387695,103.72624969482422,62.06841278076172,49.09789276123047,35.98344802856445,52.47802734375,31.275596618652344,26.17440414428711,20.928730010986328,26.77207374572754
2024-06-29,AL022024,35.0,2024-06-30 18:00:00,1 days 18:00:00,11.14,-55.49,972.0,93.7,28.495689392089844,102.39742279052734,76.94094848632812,46.3303337097168,83.79252624511719,48.26792907714844,36.20107269287109,26.22265625,41.07115173339844,24.115175247192383,19.564876556396484,15.803536415100098,21.21577453613281
2024-06-29,AL022024,35.0,2024-07-01 00:00:00,2 days 00:00:00,11.22,-57.29,961.4,107.3,34.54400634765625,121.57693481445312,91.56121826171876,60.89552688598633,102.04588317871094,59.301788330078125,45.25263214111328,34.375282287597656,51.71937942504883,31.815431594848636,25.85785484313965,21.13817977905273,28.107934951782227
2024-06-29,AL022024,35.0,2024-07-01 06:00:00,2 days 06:00:00,11.79,-58.27,973.8,87.2,36.76861953735352,176.0207061767578,156.77870178222656,113.28292083740234,152.62733459472656,79.70662689208984,66.96553802490234,51.1372184753418,67.8374252319336,32.40302276611328,28.412506103515625,22.63434791564941,28.198226928710938
2024-06-29,AL022024,35.0,2024-07-01 12:00:00,2 days 12:00:00,12.59,-59.97,973.7,90.9,33.73270034790039,206.09117126464844,155.99122619628906,86.34471893310547,164.2394561767578,101.87952423095705,78.51399993896484,53.68331909179688,83.69102478027344,48.21556091308594,40.04320526123047,30.620344161987305,40.5443229675293
2024-06-29,AL022024,35.0,2024-07-01 18:00:00,2 days 18:00:00,13.38,-61.68,965.7,99.0,26.39022827148437,188.5612945556641,151.53207397460938,87.81403350830078,148.1778564453125,94.50802612304688,74.1612319946289,50.97004699707031,78.1301498413086,48.102142333984375,40.32516860961914,31.409671783447266,40.96342849731445
2024-06-29,AL022024,35.0,2024-07-02 00:00:00,3 days 00:00:00,14.52,-63.2,966.2,98.1,30.630203247070312,202.6993408203125,158.83750915527344,102.04926300048828,162.4549560546875,100.5615005493164,81.75633239746094,60.18571090698242,84.48906707763672,50.51399612426758,43.116241455078125,34.15969467163086,43.12562561035156
2024-06-29,AL022024,35.0,2024-07-02 06:00:00,3 days 06:00:00,15.2,-64.99,964.3,102.3,31.808189392089844,178.6331024169922,139.0634002685547,81.68311309814453,143.25389099121094,84.88017272949219,66.8320083618164,47.81890869140625,71.05738830566406,36.04597091674805,29.58488273620605,23.164453506469727,31.071212768554688
2024-06-29,AL022024,35.0,2024-07-02 12:00:00,3 days 12:00:00,16.39,-66.69,977.7,86.0,23.41404151916504,160.04031372070312,120.2497787475586,60.252288818359375,123.20923614501952,77.3841323852539,57.83983612060547,36.58192443847656,62.6428108215332,34.09965896606445,27.397705078125,20.43328094482422,28.63728904724121
2024-06-29,AL022024,35.0,2024-07-02 18:00:00,3 days 18:00:00,16.91,-68.72,987.8,71.5,45.685546875,177.96600341796875,133.2062225341797,71.00694274902344,134.94338989257812,80.26679992675781,60.7607421875,39.62036895751953,63.76166915893555,28.615840911865234,22.30231666564941,16.18903923034668,23.395675659179688
2024-06-29,AL022024,35.0,2024-07-03 00:00:00,4 days 00:00:00,17.51,-70.27,989.3,68.6,40.38777923583984,175.51104736328125,130.9843292236328,70.50454711914062,136.2294464111328,79.5051040649414,62.53786849975586,42.70759201049805,64.91471099853516,30.672483444213867,24.56943893432617,18.493146896362305,25.142757415771484
2024-06-29,AL022024,35.0,2024-07-03 06:00:00,4 days 06:00:00,18.37,-71.79,990.5,65.0,53.38146209716797,164.4218292236328,131.82821655273438,89.48008728027344,131.75225830078125,75.319580078125,64.37431335449219,50.28593826293945,63.20015335083008,27.30339241027832,22.94357681274414,18.9102840423584,23.082500457763672
2024-06-29,AL022024,35.0,2024-07-03 12:00:00,4 days 12:00:00,18.95,-73.94,1001.8,43.0,35.182804107666016,108.56942749023438,95.73065948486328,70.88677978515625,93.17724609375,37.46095275878906,32.451438903808594,24.02633476257324,29.798992156982425,0.5839707255363464,0.0984609648585319,0.0,0.2322630137205124
2024-06-29,AL022024,35.0,2024-07-03 18:00:00,4 days 18:00:00,19.8,-76.2,1006.7,35.4,98.38883209228516,27.648117065429688,18.853605270385746,5.523459434509277,17.486631393432617,0.2961505353450775,0.0,0.0,0.2299112826585769,0.0115892253816127,0.0,0.1623878628015518,0.153927743434906
2024-06-29,AL022024,36.0,2024-06-29 00:00:00,0 days 00:00:00,9.2,-43.1,1006.0,35.0,74.07997303488982,74.07997303488982,0.0,0.0,74.07997303488982,,,,,,,,
2024-06-29,AL022024,36.0,2024-06-29 06:00:00,0 days 06:00:00,9.59,-45.01,1001.4,47.4,47.3958625793457,53.50837326049805,39.19356918334961,27.02841186523437,47.53425216674805,16.406003952026367,12.465025901794434,8.182829856872559,12.714649200439451,0.3127883076667785,0.0,0.0,0.2084476202726364
2024-06-29,AL022024,36.0,2024-06-29 12:00:00,0 days 12:00:00,9.82,-46.76,986.4,74.2,19.8415584564209,92.90076446533205,68.64722442626953,47.50094223022461,77.33391571044922,41.92560958862305,32.97581481933594,24.42717742919922,36.00397872924805,22.107608795166016,18.169782638549805,14.696904182434082,18.883953094482425
2024-06-29,AL022024,36.0,2024-06-29 18:00:00,0 days 18:00:00,10.37,-48.24,976.5,87.6,32.425811767578125,101.75077056884766,83.27565002441406,65.01652526855469,86.76040649414062,49.22737884521485,41.439056396484375,34.11918640136719,42.88286209106445,23.728626251220703,20.547386169433597,17.42018699645996,21.135408401489254
2024-06-29,AL022024,36.0,2024-06-30 00:00:00,1 days 00:00:00,10.69,-49.82,979.5,84.5,34.57621383666992,109.35763549804688,89.48483276367188,54.59346008300781,93.22799682617188,56.15669250488281,44.05245208740234,32.104339599609375,47.13037109375,26.25989151000977,21.641019821166992,17.529682159423828,23.07451629638672
2024-06-29,AL022024,36.0,2024-06-30 06:00:00,1 days 06:00:00,11.03,-51.68,981.8,80.7,18.05470466613769,140.06658935546875,112.80016326904295,78.5325698852539,119.79570770263672,67.02664184570312,55.03729248046875,41.84381866455078,56.90815734863281,34.31100082397461,29.41926383972168,23.81490898132324,29.427261352539062
2024-06-29,AL022024,36.0,2024-06-30 12:00:00,1 days 12:00:00,10.96,-53.28,982.7,77.7,37.16674041748047,80.78692626953125,67.54224395751953,51.058048248291016,74.23278045654297,39.35713195800781,31.14468765258789,24.633150100708008,33.699031829833984,14.549787521362305,11.69064235687256,9.850095748901367,12.997612953186035
2024-06-29,AL022024,36.0,2024-06-30 18:00:00,1 days 18:00:00,11.49,-55.0,975.1,90.2,27.15122985839844,165.83755493164062,134.01951599121094,95.02113342285156,137.53350830078125,83.40931701660156,69.5908432006836,54.96049880981445,71.6764907836914,50.131568908691406,43.88431930541992,35.53037643432617,42.921630859375
2024-06-29,AL022024,36.0,2024-07-01 00:00:00,2 days 00:00:00,11.53,-56.74,960.5,105.6,20.10774040222168,97.01182556152344,75.98002624511719,60.81233978271485,88.65764617919922,47.84312438964844,39.04554748535156,33.21426010131836,43.82720565795898,26.97576332092285,22.82516288757324,19.662172317504883,24.65209007263184
2024-06-29,AL022024,36.0,2024-07-01 06:00:00,2 days 06:00:00,12.12,-58.18,960.7,106.0,17.279447555541992,134.5028076171875,104.95539855957033,73.30145263671875,113.52739715576172,64.10908508300781,51.04950714111328,40.02291488647461,56.16207885742188,37.38507461547852,31.584089279174805,26.177276611328125,32.98127746582031
2024-06-29,AL022024,36.0,2024-07-01 12:00:00,2 days 12:00:00,12.6,-59.39,960.4,106.7,30.461353302001957,166.93165588378906,144.04908752441406,96.2986297607422,149.24969482421875,85.47779083251953,68.44508361816406,52.7564811706543,74.84546661376953,46.10650253295898,39.43830490112305,32.489803314208984,40.97281646728516
2024-06-29,AL022024,36.0,2024-07-01 18:00:00,2 days 18:00:00,13.29,-61.57,965.3,98.8,34.11042022705078,163.16270446777344,123.56023406982422,80.39717864990234,133.71359252929688,78.35332489013672,61.70762252807617,46.10372161865234,67.0143051147461,39.90779113769531,33.13051986694336,26.71560478210449,34.40464782714844
2024-06-29,AL022024,36.0,2024-07-02 00:00:00,3 days 00:00:00,13.72,-63.09,959.0,108.7,11.754222869873049,144.18336486816406,113.03753662109376,75.20271301269531,120.69579315185548,69.70559692382812,54.680702209472656,41.11915588378906,60.25729751586914,38.374019622802734,31.57013893127441,25.8286075592041,33.621089935302734
2024-06-29,AL022024,36.0,2024-07-02 06:00:00,3 days 06:00:00,14.3,-64.71,968.6,96.9,10.39761447906494,111.27906799316406,91.34104919433594,62.38219833374024,91.11212158203124,52.91053009033203,44.62145614624024,36.18226623535156,46.89217376708984,24.06373786926269,20.738279342651367,17.49448013305664,21.503742218017575
2024-06-29,AL022024,36.0,2024-07-02 12:00:00,3 days 12:00:00,15.34,-66.72,989.2,70.5,30.73243522644043,161.62696838378906,123.7285614013672,57.085479736328125,121.69451141357422,75.22769927978516,56.86564636230469,35.218414306640625,59.47829818725586,28.06489562988281,22.259700775146484,15.770008087158203,22.90189552307129
2024-06-29,AL022024,36.0,2024-07-02 18:00:00,3 days 18:00:00,16.08,-68.84,991.8,67.9,50.54879760742188,163.94252014160156,123.73316192626952,66.94068908691406,124.4826431274414,71.85779571533203,56.59191131591797,37.511478424072266,57.07537460327149,20.66224479675293,16.000381469726562,11.449315071105955,16.83827018737793
2024-06-29,AL022024,36.0,2024-07-03 00:00:00,4 days 00:00:00,16.4,-70.98,983.5,80.1,19.18692779541016,173.55715942382812,131.846435546875,59.25368881225586,133.32618713378906,81.33760070800781,60.063133239746094,36.250431060791016,63.92682266235352,31.94153213500977,25.244977951049805,18.276756286621094,26.502145767211918
2024-06-29,AL022024,36.0,2024-07-03 06:00:00,4 days 06:00:00,16.85,-73.28,991.2,68.3,53.50627899169922,205.0832061767578,159.71392822265625,92.4663543701172,160.96226501464844,91.2506332397461,72.4512710571289,49.047794342041016,72.67804718017578,22.712181091308597,17.355045318603516,12.36752986907959,18.23090362548828
2024-06-29,AL022024,36.0,2024-07-03 12:00:00,4 days 12:00:00,17.24,-75.1,985.6,73.9,31.14612579345703,211.98292541503903,167.85084533691406,107.2022705078125,176.0543975830078,101.83475494384766,83.44110870361328,61.76289749145508,87.27947235107422,49.78212356567383,43.34050369262695,34.26692199707031,42.65890502929688
2024-06-29,AL022024,36.0,2024-07-03 18:00:00,4 days 18:00:00,17.47,-76.48,993.7,64.0,40.63263320922852,175.63482666015625,129.97433471679688,74.2719955444336,133.76144409179688,75.1438217163086,60.1878547668457,41.843143463134766,61.59637451171875,28.72930145263672,23.795045852661133,17.823026657104492,23.61783218383789
2024-06-29,AL022024,36.0,2024-07-04 00:00:00,5 days 00:00:00,17.57,-77.91,997.6,55.0,54.65678787231445,172.7409210205078,134.86160278320312,85.8058853149414,144.67735290527344,84.13549041748047,68.61021423339844,47.844024658203125,67.66356658935547,18.14892196655273,13.91899299621582,10.012310981750488,14.956109046936035
2024-06-29,AL022024,36.0,2024-07-04 06:00:00,5 days 06:00:00,18.09,-79.67,1003.0,41.1,43.19911575317383,20.14693832397461,7.710284233093262,0.0,12.26735496520996,1.5600764751434326,0.0038852803409099,0.0,0.943949580192566,0.4888839423656463,0.0247122272849082,0.0,0.3177064061164856
2024-06-29,AL022024,36.0,2024-07-04 12:00:00,5 days 12:00:00,18.66,-81.43,996.3,55.6,73.29602813720703,167.06686401367188,144.1348114013672,105.02095794677734,132.98928833007812,36.8320541381836,31.280223846435547,23.52190399169922,29.12273979187012,1.3323076963424685,0.7040243744850159,0.5402054190635681,1.0614256858825684
2024-06-29,AL022024,36.0,2024-07-04 18:00:00,5 days 18:00:00,19.13,-83.12,1001.2,45.7,60.513450622558594,82.44251251220703,65.32340240478516,30.87125968933105,56.63610458374024,4.201994895935059,1.2581803798675537,0.0,2.120023488998413,0.24876169860363,0.0,0.0,0.154444620013237
2024-06-29,AL022024,36.0,2024-07-05 00:00:00,6 days 00:00:00,19.25,-84.49,999.3,51.2,53.04075622558594,133.92823791503906,107.15715789794922,62.8778076171875,99.59149932861328,8.073101043701172,4.227022171020508,1.0129622220993042,5.626893520355225,0.3059315383434295,0.0298247449100017,0.0,0.2365128397941589
2024-06-29,AL022024,36.0,2024-07-05 06:00:00,6 days 06:00:00,19.7,-85.46,995.9,56.6,80.41545867919922,121.68819427490234,93.3316421508789,50.57640838623047,91.08763885498048,18.236099243164062,12.237401962280272,5.979591369628906,12.746320724487305,0.632660984992981,0.0566808842122554,0.0,0.4009545445442199
2024-06-29,AL022024,36.0,2024-07-05 12:00:00,6 days 12:00:00,20.45,-86.32,1001.4,47.0,97.5040283203125,84.7071762084961,66.24256896972656,35.081886291503906,58.61909484863281,1.445409059524536,0.2453406900167465,0.0,0.2524581849575043,0.0,0.2203492671251297,0.1669230908155441,0.0
2024-06-29,AL022024,36.0,2024-07-05 18:00:00,6 days 18:00:00,21.58,-87.04,999.8,43.6,81.35638427734375,90.30413818359376,71.2818832397461,38.76486587524414,60.45904541015625,0.2154750078916549,0.2720749974250793,0.0,0.0,0.0258241202682256,0.0213792137801647,0.1682331711053848,0.0
2024-06-29,AL022024,36.0,2024-07-06 00:00:00,7 days 00:00:00,22.33,-88.14,1003.0,41.9,96.74061584472656,109.39021301269533,87.73040771484375,56.599552154541016,78.75029754638672,1.5075058937072754,0.8654903769493103,0.0356241911649704,0.7008209228515625,0.0,0.0,0.0319334156811237,0.0
2024-06-29,AL022024,36.0,2024-07-06 06:00:00,7 days 06:00:00,23.48,-89.59,999.7,49.5,63.19277191162109,120.4314422607422,93.15706634521484,60.70561218261719,91.4305191040039,12.242734909057615,8.636452674865723,4.915224075317383,8.54744815826416,0.381885290145874,0.0359628275036811,0.0,0.1428822427988052
2024-06-29,AL022024,36.0,2024-07-06 12:00:00,7 days 12:00:00,24.36,-90.6,998.4,51.3,26.35381507873535,71.35687255859375,52.61111831665039,27.208423614501957,51.55167007446289,8.957242965698242,5.589591503143311,2.056226253509521,5.793027877807617,0.4679566919803619,0.1097506731748581,0.0,0.1399010270833969
2024-06-29,AL022024,36.0,2024-07-06 18:00:00,7 days 18:00:00,25.25,-91.63,995.0,58.0,27.57965087890625,121.53453826904295,100.9363250732422,72.60723114013672,101.76628112792967,51.02062225341797,42.01611709594727,29.531391143798828,40.55142593383789,5.682044506072998,3.492079496383667,2.0917463302612305,4.175329208374023
2024-06-29,AL022024,36.0,2024-07-07 00:00:00,8 days 00:00:00,25.56,-92.43,992.4,64.4,39.57989883422852,103.73186492919922,76.89722442626953,48.27496719360352,82.10116577148438,43.86026763916016,33.953582763671875,22.946590423583984,34.99830627441406,12.388900756835938,8.88089370727539,6.355812072753906,9.91619110107422
2024-06-29,AL022024,36.0,2024-07-07 06:00:00,8 days 06:00:00,25.77,-93.19,993.4,61.2,23.33472442626953,102.09242248535156,78.62223815917969,54.50315475463867,81.59817504882812,41.63827896118164,33.70750427246094,24.47116470336914,34.62641143798828,14.220544815063477,11.344456672668455,8.563916206359863,11.759246826171877
2024-06-29,AL022024,36.0,2024-07-07 12:00:00,8 days 12:00:00,25.86,-93.49,992.7,59.5,56.40816116333008,66.68762969970703,53.88797378540039,31.18050765991211,50.52767181396485,24.020204544067383,18.27789688110352,11.8492431640625,18.19664001464844,5.248282432556152,3.702373743057251,2.4869539737701416,4.076588153839111
2024-06-29,AL022024,36.0,2024-07-07 18:00:00,8 days 18:00:00,26.2,-93.68,971.2,87.6,26.719566345214844,138.38497924804688,123.09039306640624,88.93183898925781,115.80818176269533,67.87215423583984,57.08576965332031,43.44573593139648,57.49647521972656,33.10611724853516,28.5380859375,23.02777099609375,28.423259735107425
2024-06-29,AL022024,36.0,2024-07-08 00:00:00,9 days 00:00:00,26.41,-93.64,975.8,79.5,18.403736114501957,137.33724975585938,121.3199462890625,88.1313705444336,112.5835952758789,70.19282531738281,61.578861236572266,47.22196578979492,59.52434158325195,34.853206634521484,30.96442985534668,24.962987899780277,29.819122314453125
2024-06-29,AL022024,36.0,2024-07-08 06:00:00,9 days 06:00:00,26.42,-93.55,981.7,72.6,39.0709342956543,95.0995101928711,79.09542846679688,57.730770111083984,76.08167266845703,42.162445068359375,37.316062927246094,30.064292907714844,36.43071365356445,20.467586517333984,17.838333129882812,14.865306854248049,17.614883422851562
2024-06-29,AL022024,36.0,2024-07-08 12:00:00,9 days 12:00:00,26.61,-93.42,983.7,68.8,47.69324493408203,110.73644256591795,95.79238891601562,69.39592742919922,88.48902893066406,49.11809539794922,43.39128112792969,34.09546661376953,40.98056411743164,18.721525192260746,16.2324275970459,13.358173370361328,15.973976135253906
2024-06-29,AL022024,36.0,2024-07-08 18:00:00,9 days 18:00:00,26.96,-93.54,988.5,63.7,32.195838928222656,148.52528381347656,139.06556701660156,109.8434829711914,127.01886749267578,68.87358093261719,61.02361297607422,45.03047561645508,55.032264709472656,6.888243198394775,4.93048620223999,3.266624927520752,5.194672584533691
2024-06-29,AL022024,36.0,2024-07-09 00:00:00,10 days 00:00:00,27.22,-93.3,987.8,63.7,27.98408508300781,128.2668914794922,115.84095764160156,87.84037780761719,103.3775863647461,58.51713180541992,51.75171661376953,38.046783447265625,47.62697219848633,17.121395111083984,14.23508071899414,11.066573143005373,13.978097915649414
2024-06-29,AL022024,36.0,2024-07-09 06:00:00,10 days 06:00:00,27.91,-93.51,993.2,55.0,43.29369735717773,222.08560180664065,211.59622192382807,176.90933227539062,197.7621612548828,92.63668823242188,85.39112854003906,65.41107940673828,75.54532623291016,1.8190463781356807,1.0947630405426023,0.225946307182312,1.1431492567062378
2024-06-29,AL022024,36.0,2024-07-09 12:00:00,10 days 12:00:00,28.35,-93.26,990.1,58.9,77.41716003417969,121.3622817993164,110.29351043701172,76.46563720703125,92.18912506103516,41.42791366577149,35.55204391479492,24.446277618408203,31.42284774780273,3.70508337020874,2.708080530166626,1.5628173351287842,2.660275936126709
2024-06-29,AL022024,36.0,2024-07-09 18:00:00,10 days 18:00:00,29.1,-93.54,983.6,66.2,34.1195068359375,246.67189025878903,240.2802581787109,197.08583068847656,215.9277191162109,117.6294174194336,107.10432434082033,79.99231719970703,94.60143280029295,6.319598197937012,4.199488639831543,2.201383352279663,4.456507682800293
2024-06-29,AL022024,36.0,2024-07-10 00:00:00,11 days 00:00:00,29.5,-93.62,988.8,60.1,33.46360397338867,117.2556381225586,109.2079086303711,88.94278717041016,97.8740692138672,54.15560150146485,49.80429458618164,37.64845275878906,44.221282958984375,12.385634422302246,10.592240333557127,8.404943466186523,10.295753479003906
2024-06-29,AL022024,36.0,2024-07-10 06:00:00,11 days 06:00:00,29.98,-93.89,991.2,53.8,42.54042053222656,122.08444213867188,114.6363754272461,89.48546600341797,101.31951141357422,53.937835693359375,49.712032318115234,36.582481384277344,43.16299057006836,2.488631248474121,1.395868897438049,0.7738415002822876,1.4795488119125366
2024-06-29,AL022024,36.0,2024-07-10 12:00:00,11 days 12:00:00,30.72,-94.09,992.6,47.1,76.10252380371094,92.65863037109376,84.5868148803711,59.02270126342773,69.39852905273438,17.55924415588379,16.10320281982422,11.627784729003906,13.051735877990724,0.1565430909395218,0.0535490289330482,0.1236061155796051,0.0
2024-06-29,AL022024,36.0,2024-07-10 18:00:00,11 days 18:00:00,31.11,-94.78,1000.2,36.3,103.91438293457033,22.08987236022949,21.607576370239254,7.189521789550781,10.86097812652588,0.1271916180849075,0.5496222376823425,0.0,0.0,0.3999036252498626,0.0425460189580917,0.0228329189121723,0.0966619923710823
2024-06-29,AL022024,36.0,2024-07-11 00:00:00,12 days 00:00:00,30.84,-95.71,1001.0,35.9,101.42874145507812,61.370452880859375,55.877479553222656,41.67533874511719,46.837738037109375,0.3232984840869903,0.4683614075183868,0.1579061895608902,0.3350805044174194,0.3659023940563202,0.1038271635770797,0.1775975674390792,0.1411678194999694
2024-06-29,AL022024,36.0,2024-07-11 06:00:00,12 days 06:00:00,31.15,-95.38,1003.5,28.8,80.40292358398438,16.0146427154541,13.636659622192385,6.007370471954346,9.499340057373049,1.1099318265914917,1.693689465522766,1.8853145837783811,0.8271001577377319,0.330871045589447,0.3617548644542694,0.4797082841396332,0.0584109090268611
2024-06-29,AL022024,36.0,2024-07-11 12:00:00,12 days 12:00:00,31.16,-96.15,1002.7,29.6,59.6366081237793,0.0,4.413497447967529,2.780923128128052,0.0,0.0,0.4030161201953888,0.578758716583252,0.0,0.0095398034900426,0.1675862073898315,0.2649018764495849,0.0
2024-06-29,AL022024,36.0,2024-07-11 18:00:00,12 days 18:00:00,32.27,-96.32,1002.3,29.8,47.17465972900391,3.938378095626831,8.94931697845459,5.8105058670043945,1.6314458847045898,0.0,0.6617460250854492,0.8285000920295715,0.0,0.1740115135908126,0.6094859838485718,0.6493439078330994,0.0948224738240242
2024-06-29,AL022024,36.0,2024-07-12 00:00:00,13 days 00:00:00,32.6,-96.73,1003.6,23.7,116.32644653320312,0.0,0.1023484393954277,3.13663101196289,0.0,0.0,0.484110414981842,0.3509130477905273,0.0,0.0772308707237243,0.1240271180868148,0.1233928799629211,0.0755785256624221
2024-06-29,AL022024,37.0,2024-06-29 00:00:00,0 days 00:00:00,9.2,-43.1,1006.0,35.0,74.07997303488982,74.07997303488982,0.0,0.0,74.07997303488982,,,,,,,,
2024-06-29,AL022024,37.0,2024-06-29 06:00:00,0 days 06:00:00,9.25,-44.32,995.5,57.5,18.31761741638184,59.27978897094727,49.243534088134766,38.04303741455078,53.455848693847656,22.438766479492188,17.87601089477539,13.113983154296877,18.240129470825195,2.392242431640625,1.151974081993103,0.7407212853431702,2.040191888809204
2024-06-29,AL022024,37.0,2024-06-29 12:00:00,0 days 12:00:00,9.81,-46.6,989.7,70.7,21.48566627502441,97.9570541381836,70.12893676757812,42.53028106689453,81.91243743896484,43.619117736816406,32.027732849121094,22.18242645263672,36.52167892456055,22.747482299804688,18.22447204589844,13.99066925048828,19.208147048950195
2024-06-29,AL022024,37.0,2024-06-29 18:00:00,0 days 18:00:00,10.2,-48.27,976.9,85.6,27.778249740600582,117.97806549072266,91.11947631835938,65.96730041503906,99.3880844116211,58.38770294189453,47.51374053955078,37.40802001953125,50.57104110717773,32.01512908935547,27.206729888916016,22.46138572692871,27.884950637817383
2024-06-29,AL022024,37.0,2024-06-30 00:00:00,1 days 00:00:00,10.34,-49.98,974.6,89.9,17.999055862426758,105.42667388916016,86.11616516113281,68.87884521484375,94.31441497802734,51.65186309814453,43.30450439453125,36.06336975097656,46.12924575805664,29.479257583618164,25.242658615112305,21.381948471069336,26.017179489135746
2024-06-29,AL022024,37.0,2024-06-30 06:00:00,1 days 06:00:00,10.65,-51.53,973.9,90.7,13.296868324279783,113.9743194580078,91.86136627197266,68.7750473022461,100.57975006103516,55.2234992980957,45.43276596069336,36.45585632324219,48.38005447387695,32.04343795776367,27.73427391052246,23.13381576538086,28.34975242614746
2024-06-29,AL022024,37.0,2024-06-30 12:00:00,1 days 12:00:00,10.88,-53.19,964.6,102.1,12.482343673706056,95.3201675415039,67.34832000732422,46.79265975952149,79.29885864257812,49.22650146484375,37.31134414672852,28.748491287231445,43.2601318359375,26.331371307373047,21.38686180114746,17.732160568237305,23.43939208984375
2024-06-29,AL022024,37.0,2024-06-30 18:00:00,1 days 18:00:00,11.24,-54.77,975.4,88.6,33.22588348388672,139.3982391357422,108.44268798828124,75.17300415039062,116.23258209228516,65.68917083740234,52.20000076293945,39.94158935546875,56.079063415527344,33.05157470703125,27.864356994628903,22.511688232421875,28.57319450378418
2024-06-29,AL022024,37.0,2024-07-01 00:00:00,2 days 00:00:00,11.35,-56.49,969.1,98.1,0.0,102.74703216552734,75.42528533935547,53.692527770996094,89.49384307861328,47.13896179199219,36.50082778930664,28.251893997192383,41.36174392700195,21.98394012451172,17.455841064453125,14.714942932128906,19.895973205566406
2024-06-29,AL022024,37.0,2024-07-01 06:00:00,2 days 06:00:00,11.63,-58.53,968.2,96.4,34.04437255859375,120.26433563232422,85.9783706665039,54.87373733520508,99.3646011352539,53.59228897094727,40.20529556274414,29.27931404113769,45.537445068359375,23.901098251342773,18.65434837341309,15.013387680053713,21.011642456054688
2024-06-29,AL022024,37.0,2024-07-01 12:00:00,2 days 12:00:00,12.07,-60.46,959.4,104.9,26.50061798095703,128.3505859375,99.35026550292967,67.65234375,108.65127563476562,62.94014739990234,48.1266975402832,35.68339920043945,54.53388977050781,29.17851448059082,23.118385314941406,18.809226989746094,25.66374015808105
2024-06-29,AL022024,37.0,2024-07-01 18:00:00,2 days 18:00:00,12.93,-62.16,955.7,112.0,22.306814193725582,151.6158905029297,118.3230209350586,81.34467315673828,125.7529067993164,74.16999053955078,56.689735412597656,41.615081787109375,63.08584213256836,35.30973815917969,28.21617317199707,22.83968734741211,30.94233703613281
2024-06-29,AL022024,37.0,2024-07-02 00:00:00,3 days 00:00:00,13.3,-63.97,958.0,107.6,24.191295623779297,143.33909606933594,116.23453521728516,82.17292022705078,124.74937438964844,73.55432891845703,59.739200592041016,47.7242317199707,65.54885864257812,43.64126205444336,37.438026428222656,31.11847686767578,38.83471298217773
2024-06-29,AL022024,37.0,2024-07-02 06:00:00,3 days 06:00:00,13.97,-66.21,969.1,95.8,22.255054473876957,191.79742431640625,155.46774291992188,98.69803619384766,154.6632843017578,91.7459716796875,75.41783142089844,56.620235443115234,77.3436050415039,45.602970123291016,39.32505416870117,31.50203895568848,38.96879959106445
2024-06-29,AL022024,37.0,2024-07-02 12:00:00,3 days 12:00:00,14.55,-68.13,979.9,81.3,28.12607955932617,171.18948364257812,137.4079132080078,81.39431762695312,137.6083221435547,82.31265258789062,65.99947357177734,46.70561218261719,68.49787139892578,40.11528015136719,34.41728591918945,26.892942428588867,34.19163131713867
2024-06-29,AL022024,37.0,2024-07-02 18:00:00,3 days 18:00:00,15.1,-70.6,991.3,64.2,55.91398239135742,171.59765625,137.00753784179688,88.89083862304688,134.74659729003906,74.12975311279297,62.57841491699219,46.45610809326172,60.43339157104492,24.531099319458008,20.890928268432617,16.166128158569336,20.471651077270508
2024-06-29,AL022024,37.0,2024-07-03 00:00:00,4 days 00:00:00,15.5,-72.68,982.2,76.9,30.28779983520508,196.2650604248047,161.19119262695312,98.58763885498048,157.20547485351562,95.61628723144533,78.89253997802734,56.621131896972656,79.57560729980469,42.85498428344727,37.27374649047852,29.262176513671875,36.7771110534668
2024-06-29,AL022024,37.0,2024-07-03 06:00:00,4 days 06:00:00,15.76,-74.83,984.0,74.9,39.97652816772461,230.47642517089844,180.10862731933594,111.8065185546875,187.09915161132807,111.41029357910156,90.89899444580078,65.48294830322266,92.38815307617188,46.378074645996094,39.97423553466797,31.02788543701172,39.25075912475586
2024-06-29,AL022024,37.0,2024-07-03 12:00:00,4 days 12:00:00,15.98,-77.21,996.3,54.7,44.32601165771485,184.6875457763672,159.9424591064453,116.03965759277344,156.89242553710938,64.9853515625,55.763370513916016,39.84926223754883,51.8679084777832,1.5668681859970093,0.3802223801612854,0.0,1.0522842407226562
2024-06-29,AL022024,37.0,2024-07-03 18:00:00,4 days 18:00:00,16.0,-79.11,997.3,57.2,59.69499588012695,182.27220153808597,142.32093811035156,91.29876708984376,144.6884765625,75.00778198242188,61.82094192504883,44.90299987792969,60.83475875854492,20.80182266235352,16.588640213012695,12.344176292419434,16.865392684936523
2024-06-29,AL022024,37.0,2024-07-04 00:00:00,5 days 00:00:00,16.03,-80.7,992.9,63.5,30.746307373046875,152.31674194335938,114.05876159667967,59.36352157592773,115.83181762695312,65.61073303222656,49.364723205566406,30.08521270751953,50.97837066650391,14.544428825378418,9.75452995300293,5.940377235412598,11.24680995941162
2024-06-29,AL022024,37.0,2024-07-04 06:00:00,5 days 06:00:00,16.26,-82.61,991.2,63.8,44.95126724243164,143.3378143310547,102.19768524169922,59.92822647094727,110.62135314941406,60.03871536254883,46.70692443847656,32.390750885009766,48.83201217651367,22.488046646118164,18.30939102172852,13.966866493225098,18.74034118652344
2024-06-29,AL022024,37.0,2024-07-04 12:00:00,5 days 12:00:00,16.54,-84.34,997.0,55.1,63.534812927246094,123.97771453857422,94.49335479736328,53.44873809814453,90.59042358398438,12.582086563110352,8.578222274780273,4.771411895751953,8.780062675476074,0.3336388766765594,0.0,0.0,0.1653560698032379
2024-06-29,AL022024,37.0,2024-07-04 18:00:00,5 days 18:00:00,16.44,-85.87,998.1,53.5,36.208641052246094,109.43382263183594,88.35307312011719,49.613014221191406,82.91281127929688,25.85628700256348,19.465312957763672,11.679569244384766,18.605701446533203,0.9415059685707092,0.108672447502613,0.0,0.4335833191871643
2024-06-29,AL022024,37.0,2024-07-05 00:00:00,6 days 00:00:00,16.72,-86.95,994.9,55.4,21.778953552246094,105.52565002441406,85.75942993164062,56.76943588256836,83.64163208007812,41.90138244628906,34.10376739501953,22.62399673461914,32.37415313720703,3.3312647342681885,1.7537504434585571,0.6322521567344666,2.332580804824829
2024-06-29,AL022024,37.0,2024-07-05 06:00:00,6 days 06:00:00,16.74,-88.61,997.2,46.7,50.84141159057617,100.32945251464844,78.72884368896484,49.03661346435547,78.12641143798828,4.555590629577637,2.446450471878052,1.3521569967269895,3.233803033828736,0.2332837879657745,0.0,0.1987492442131042,0.1140823811292648
2024-06-29,AL022024,37.0,2024-07-05 12:00:00,6 days 12:00:00,17.02,-89.63,1000.6,39.1,35.27229690551758,35.28377914428711,30.381074905395508,18.78593635559082,27.125463485717773,8.050968170166016,6.205333232879639,4.402000904083252,5.568800926208496,0.4428625404834747,0.1261492222547531,0.1580590456724167,0.3629925847053528
2024-06-29,AL022024,37.0,2024-07-05 18:00:00,6 days 18:00:00,17.59,-90.93,1002.3,31.8,77.77555847167969,31.91665267944336,27.653738021850582,17.508501052856445,23.687463760375977,0.0,0.2322990894317627,0.0,0.0,0.0858165919780731,0.22293421626091,0.2764302492141723,0.0855257734656333
2024-06-29,AL022024,37.0,2024-07-06 00:00:00,7 days 00:00:00,18.38,-91.91,1005.5,29.0,69.60321807861328,9.706916809082031,0.7658937573432922,0.0,5.4836907386779785,0.1880981475114822,0.0,0.0426639579236507,0.0,0.0,0.2195242494344711,0.2503937184810638,0.0739763751626014
2024-06-29,AL022024,37.0,2024-07-06 06:00:00,7 days 06:00:00,18.86,-93.19,1003.3,33.3,75.68669128417969,14.909440994262695,4.698758125305176,5.343782424926758,12.176729202270508,0.8031876087188721,1.1899558305740356,2.5468873977661133,1.521910309791565,0.6542602777481079,0.5480927228927612,0.8430762887001038,0.7240232229232788
2024-06-29,AL022024,37.0,2024-07-06 12:00:00,7 days 12:00:00,18.7,-94.54,1009.2,27.1,96.18054962158205,3.0821237564086914,0.0,1.7308454513549805,4.374668121337891,0.1538740694522857,0.5660459995269775,1.107823371887207,0.5172488689422607,0.0604180805385112,0.1678040921688079,0.3318298161029815,0.1688072383403778
2024-06-29,AL022024,37.0,2024-07-06 18:00:00,7 days 18:00:00,18.57,-95.39,1008.8,26.5,92.7410888671875,6.951303482055664,3.190961599349976,2.789255857467652,8.392062187194824,0.3561679422855377,0.1939524412155151,0.7696077227592468,0.3983542621135711,0.145983800292015,0.4283009171485901,0.3710272908210754,0.0
2024-06-29,AL022024,38.0,2024-06-29 00:00:00,0 days 00:00:00,9.2,-43.1,1006.0,35.0,74.07997303488982,74.07997303488982,0.0,0.0,74.07997303488982,,,,,,,,
2024-06-29,AL022024,38.0,2024-06-29 06:00:00,0 days 06:00:00,9.45,-44.83,997.2,54.3,59.48771667480469,111.27952575683594,85.29954528808594,58.86864471435547,93.73818969726562,28.84551239013672,22.37030601501465,14.773757934570312,22.11875343322754,0.2577946484088897,0.0,0.0,0.0980618372559547
2024-06-29,AL022024,38.0,2024-06-29 12:00:00,0 days 12:00:00,10.3,-46.12,997.9,49.2,40.78232955932617,96.22537231445312,84.03067779541016,65.60501098632812,85.99238586425781,21.626510620117188,18.12925338745117,13.493757247924805,17.00933837890625,0.0,0.0,0.0,0.0
2024-06-29,AL022024,38.0,2024-06-29 18:00:00,0 days 18:00:00,10.37,-48.39,994.4,61.8,31.99567413330078,133.32398986816406,101.09750366210938,66.79938507080078,112.28475189208984,56.53704833984375,43.67351150512695,30.4765567779541,43.80717468261719,5.326464653015137,2.582484483718872,1.2146071195602417,3.9660820960998535
2024-06-29,AL022024,38.0,2024-06-30 00:00:00,1 days 00:00:00,10.54,-50.25,995.7,60.8,59.664695739746094,71.31415557861328,53.68839645385742,30.52527618408203,59.46099853515625,22.20833396911621,15.87405490875244,9.860065460205078,16.59121322631836,1.1346259117126465,0.0,0.0,0.8851197361946106
2024-06-29,AL022024,38.0,2024-06-30 06:00:00,1 days 06:00:00,10.63,-52.37,992.5,66.2,53.61894607543945,110.9231185913086,85.81009674072266,53.17082977294922,90.60604858398438,47.60064315795898,35.97240447998047,24.198566436767575,37.0902214050293,7.921505928039551,4.606919288635254,2.924992799758911,6.288446426391602
2024-06-29,AL022024,38.0,2024-06-30 12:00:00,1 days 12:00:00,10.73,-54.05,968.1,96.9,19.113927841186523,155.724365234375,123.97813415527344,88.10923767089844,133.74777221679688,76.96034240722656,62.22771072387695,49.90549850463867,66.26488494873047,33.55414962768555,28.109773635864254,23.30558013916016,29.558107376098636
2024-06-29,AL022024,38.0,2024-06-30 18:00:00,1 days 18:00:00,11.25,-55.35,971.1,93.8,51.45434188842773,116.23571014404295,88.5716323852539,51.44220352172852,95.03811645507812,49.88857650756836,35.27371597290039,26.126665115356445,41.53275680541992,19.279191970825195,13.972308158874512,11.03745174407959,17.09915542602539
2024-06-29,AL022024,38.0,2024-07-01 00:00:00,2 days 00:00:00,11.56,-57.19,969.5,96.3,43.77890396118164,134.24990844726562,96.95106506347656,57.08805084228516,112.1594696044922,57.49338150024414,40.96871948242188,29.5434513092041,48.11410903930664,24.41045188903809,18.284242630004883,14.395315170288086,21.65338706970215
2024-06-29,AL022024,38.0,2024-07-01 06:00:00,2 days 06:00:00,11.66,-58.42,966.1,94.5,19.53932380676269,131.17221069335938,116.8781280517578,83.32849884033203,113.258056640625,64.78125762939453,53.94326400756836,43.787994384765625,54.95059967041016,27.48207664489746,23.881628036499023,20.319765090942383,24.111400604248047
2024-06-29,AL022024,38.0,2024-07-01 12:00:00,2 days 12:00:00,12.24,-60.62,967.9,97.5,21.613361358642575,168.3098602294922,124.40548706054688,63.98518753051758,140.55007934570312,75.55168151855469,52.676856994628906,34.66386413574219,62.62109756469727,35.72475051879883,26.50914001464844,19.33696746826172,31.012216567993164
2024-06-29,AL022024,38.0,2024-07-01 18:00:00,2 days 18:00:00,13.0,-62.03,962.5,106.3,36.61593246459961,183.3516387939453,145.85598754882812,81.29330444335938,148.47755432128906,81.44210052490234,61.25382614135742,43.9873161315918,66.06491088867188,31.06930351257324,24.074033737182617,18.85382652282715,27.033159255981445
2024-06-29,AL022024,38.0,2024-07-02 00:00:00,3 days 00:00:00,13.4,-63.89,965.0,103.2,25.900840759277344,170.2830352783203,127.3804931640625,69.9769287109375,135.65020751953125,82.20447540283203,61.11631774902344,43.83614730834961,68.30579376220703,39.47181701660156,30.91030502319336,24.27424049377441,34.37488555908203
2024-06-29,AL022024,38.0,2024-07-02 06:00:00,3 days 06:00:00,13.67,-64.87,974.4,89.3,35.389930725097656,158.5410614013672,121.57098388671876,75.91712188720703,127.50352478027344,77.70246124267578,61.26147079467773,45.76450347900391,63.97271728515625,29.530235290527344,23.745336532592773,18.91287612915039,25.64407157897949
2024-06-29,AL022024,38.0,2024-07-02 12:00:00,3 days 12:00:00,14.84,-67.71,992.1,68.4,55.72361373901367,163.9556427001953,124.31151580810548,57.82870864868164,126.818115234375,67.14832305908203,48.88609313964844,29.752708435058597,50.10431289672852,9.310940742492676,4.460886478424072,1.8164894580841064,6.988359451293945
2024-06-29,AL022024,38.0,2024-07-02 18:00:00,3 days 18:00:00,15.44,-69.72,992.1,65.1,64.33792114257812,128.7682342529297,95.08881378173828,49.33898162841797,103.2957534790039,52.97353363037109,38.96111297607422,26.07267570495605,40.94258499145508,9.755165100097656,6.08585786819458,3.5500621795654297,7.790186882019043
2024-06-29,AL022024,38.0,2024-07-03 00:00:00,4 days 00:00:00,16.06,-72.16,993.2,59.8,46.94413375854492,125.98101043701172,92.60655975341795,48.26875305175781,99.82085418701172,29.542604446411133,21.693164825439453,11.883481979370115,20.93509101867676,0.9189865589141846,0.0,0.0,0.4788455665111542
2024-06-29,AL022024,38.0,2024-07-03 06:00:00,4 days 06:00:00,16.32,-74.41,989.6,58.0,33.75752258300781,158.28530883789062,131.0032196044922,91.07205200195312,132.42970275878906,53.9244384765625,42.89492034912109,32.40280532836914,41.79346084594727,3.920522451400757,2.6022872924804688,1.6054260730743408,2.9471595287323
2024-06-29,AL022024,38.0,2024-07-03 12:00:00,4 days 12:00:00,16.32,-76.56,997.2,55.5,49.257415771484375,103.41362762451172,73.11573791503906,30.112171173095703,78.19158172607422,10.65492820739746,5.36789083480835,0.0,6.003344535827637,0.500579297542572,0.0,0.0,0.4619399309158325
2024-06-29,AL022024,38.0,2024-07-03 18:00:00,4 days 18:00:00,16.63,-78.2,994.7,62.3,34.28010940551758,115.86571502685548,86.38700103759766,37.43146896362305,87.79822540283203,32.7840461730957,22.41150665283203,10.485306739807127,22.641115188598636,3.321662664413452,0.4363479614257812,0.0,2.2271599769592285
2024-06-29,AL022024,38.0,2024-07-04 00:00:00,5 days 00:00:00,16.95,-79.72,993.4,66.2,56.05831909179688,133.0290985107422,96.83978271484376,41.14753723144531,102.54906463623048,44.08577346801758,29.973485946655277,15.467451095581056,32.17459487915039,4.858192920684815,1.2014282941818235,0.0,3.5256447792053223
2024-06-29,AL022024,38.0,2024-07-04 06:00:00,5 days 06:00:00,16.88,-81.1,991.1,64.4,47.38356018066406,113.91802215576172,82.49887084960938,44.06973648071289,92.91075134277344,47.77682876586914,33.48775863647461,21.40571594238281,37.65707778930664,11.36648941040039,6.780044078826904,3.929252147674561,9.50108242034912
2024-06-29,AL022024,38.0,2024-07-04 12:00:00,5 days 12:00:00,17.3,-82.47,985.5,74.3,50.30405807495117,153.3980712890625,111.9145278930664,56.86570358276367,118.06256866455078,67.92461395263672,47.54903793334961,30.974565505981445,53.823692321777344,20.47705078125,13.524660110473633,8.914886474609375,16.94133186340332
2024-06-29,AL022024,38.0,2024-07-04 18:00:00,5 days 18:00:00,17.82,-83.89,977.6,82.6,24.66706657409668,190.8404083251953,145.9774627685547,83.88004302978516,158.0384063720703,94.07574462890624,71.90631866455078,51.31285095214844,77.58625030517578,36.43048858642578,28.635263442993164,21.783092498779297,31.07793235778809
2024-06-29,AL022024,38.0,2024-07-05 00:00:00,6 days 00:00:00,17.72,-85.27,981.0,78.1,40.51225662231445,175.35491943359375,130.6309814453125,77.77190399169922,145.2327117919922,76.09166717529297,55.77722930908203,38.175235748291016,62.46368789672852,31.16379737854004,23.35721778869629,17.05110740661621,26.495969772338867
2024-06-29,AL022024,38.0,2024-07-05 06:00:00,6 days 06:00:00,17.65,-87.19,980.0,80.2,42.27486801147461,176.3558807373047,128.01840209960938,75.07083892822266,143.02891540527344,79.63920593261719,56.758033752441406,39.04916763305664,65.73529052734375,36.88382339477539,27.69637489318848,20.291406631469727,31.62560272216797
2024-06-29,AL022024,38.0,2024-07-05 12:00:00,6 days 12:00:00,18.15,-88.79,985.4,66.9,61.01915740966797,213.55972290039065,179.0012969970703,132.90879821777344,179.30604553222656,101.8122329711914,83.30874633789062,62.02729034423828,82.8748779296875,25.686952590942383,19.94344711303711,15.092530250549316,21.31201171875
2024-06-29,AL022024,38.0,2024-07-05 18:00:00,6 days 18:00:00,18.24,-90.17,997.6,47.9,91.25411987304688,77.821044921875,64.07655334472656,37.728759765625,59.34899520874024,2.2226288318634038,0.3742387294769287,0.0,0.9330825209617616,0.3268681764602661,0.0543048381805419,0.0,0.2919960021972656
2024-06-29,AL022024,38.0,2024-07-06 00:00:00,7 days 00:00:00,18.56,-91.35,998.6,46.0,35.12374496459961,112.09557342529295,94.5849380493164,69.3014144897461,95.04883575439452,14.560498237609863,12.002419471740724,6.607805252075195,10.423673629760742,0.0,0.0,0.0,0.0
2024-06-29,AL022024,38.0,2024-07-06 06:00:00,7 days 06:00:00,18.79,-92.42,998.0,50.3,61.0577278137207,54.506103515625,41.679317474365234,23.63382339477539,42.42617416381836,5.494568824768066,3.891570091247559,0.7163329124450684,3.53403639793396,0.2775271236896515,0.0,0.0,0.2201207280158996
2024-06-29,AL022024,38.0,2024-07-06 12:00:00,7 days 12:00:00,19.2,-93.71,997.0,53.8,59.57748794555664,82.89129638671875,65.95427703857422,37.535743713378906,63.707786560058594,26.62200355529785,20.507570266723636,11.983211517333984,20.015764236450195,1.564928412437439,0.0,0.0,0.9314517378807068
2024-06-29,AL022024,38.0,2024-07-06 18:00:00,7 days 18:00:00,19.51,-94.59,986.6,69.8,42.74703979492188,145.7752685546875,114.13859558105467,75.54241180419922,120.36791229248048,71.17901611328125,55.2131233215332,40.67735290527344,58.25673675537109,21.529645919799805,15.885276794433594,11.664590835571287,18.06651496887207
2024-06-29,AL022024,38.0,2024-07-07 00:00:00,8 days 00:00:00,19.4,-95.2,983.4,70.0,23.05336570739746,132.5558624267578,104.77584075927734,77.33544921875,114.77957153320312,69.69239044189453,55.31544494628906,42.58203506469727,60.31769943237305,35.25982666015625,28.89422416687012,22.838468551635746,30.364110946655277
2024-06-29,AL022024,38.0,2024-07-07 06:00:00,8 days 06:00:00,19.14,-95.69,975.8,83.9,18.473129272460938,129.3309783935547,110.1132354736328,87.5786361694336,112.18246459960938,61.848331451416016,51.17351150512695,40.90660095214844,54.39289093017578,33.524654388427734,28.418790817260746,23.439720153808597,29.553747177124023
2024-06-29,AL022024,38.0,2024-07-07 12:00:00,8 days 12:00:00,19.13,-96.47,981.6,70.3,25.563203811645508,115.09833526611328,98.87806701660156,83.462646484375,99.47935485839844,47.23298645019531,39.570587158203125,31.257055282592773,40.61146926879883,14.017398834228516,11.075512886047363,8.970845222473145,12.348363876342772
2024-06-29,AL022024,38.0,2024-07-07 18:00:00,8 days 18:00:00,19.24,-97.26,999.8,37.3,76.2094497680664,23.15376281738281,24.90835189819336,19.697546005249023,20.077411651611328,3.985697031021118,4.747359752655029,3.384092330932617,3.307126045227051,0.0,0.0,0.0,0.0
2024-06-29,AL022024,38.0,2024-07-08 00:00:00,9 days 00:00:00,19.68,-97.67,1000.4,34.2,38.850093841552734,21.04495429992676,16.848928451538086,17.317171096801758,17.685379028320312,7.271424293518066,6.455894947052002,4.34601354598999,5.974601745605469,0.1719277948141098,0.0191574897617101,0.0649173036217689,0.0853317603468895
2024-06-29,AL022024,39.0,2024-06-29 00:00:00,0 days 00:00:00,9.2,-43.1,1006.0,35.0,74.07997303488982,74.07997303488982,0.0,0.0,74.07997303488982,,,,,,,,
2024-06-29,AL022024,39.0,2024-06-29 06:00:00,0 days 06:00:00,9.56,-45.1,993.9,59.5,32.96207427978516,60.78834533691406,44.039283752441406,28.407167434692383,52.61708831787109,29.136859893798828,21.710298538208008,15.857463836669922,24.199377059936523,8.416258811950684,5.781055450439453,4.2157087326049805,7.306746959686279
2024-06-29,AL022024,39.0,2024-06-29 12:00:00,0 days 12:00:00,9.76,-46.84,990.1,66.2,33.80926513671875,86.35894012451172,63.24285888671875,45.86747360229492,81.08605194091797,44.07708740234375,33.599727630615234,25.73069190979004,36.67135620117188,14.546920776367188,10.999859809875488,8.396321296691895,12.710307121276855
2024-06-29,AL022024,39.0,2024-06-29 18:00:00,0 days 18:00:00,10.12,-49.08,976.7,86.7,29.48581314086914,86.27452087402344,59.88089370727539,29.44990348815918,70.0458984375,37.59040451049805,23.50572395324707,16.220874786376953,30.86069679260254,16.94976043701172,11.64323616027832,8.947656631469727,14.824407577514648
2024-06-29,AL022024,39.0,2024-06-30 00:00:00,1 days 00:00:00,10.45,-50.64,982.8,78.6,23.268653869628903,102.2425765991211,76.5005111694336,47.48530578613281,86.22760009765625,46.31917190551758,34.74570083618164,25.37283134460449,38.1363525390625,18.742164611816406,14.32235336303711,11.195733070373535,16.176189422607422
2024-06-29,AL022024,39.0,2024-06-30 06:00:00,1 days 06:00:00,10.71,-52.24,976.1,90.6,40.60428237915039,101.30125427246094,75.56919860839844,47.18043899536133,85.50738525390625,49.13515090942383,36.416748046875,28.3338623046875,42.55057144165039,25.15515899658203,19.79559135437012,16.099193572998047,22.18012809753418
2024-06-29,AL022024,39.0,2024-06-30 12:00:00,1 days 12:00:00,10.91,-54.16,966.2,100.8,25.54990768432617,101.49250793457033,76.08734893798828,46.83509826660156,87.01657104492188,46.1865463256836,33.65629577636719,26.214601516723636,40.16886138916016,22.96331024169922,17.706605911254883,14.68282985687256,20.74959945678711
2024-06-29,AL022024,39.0,2024-06-30 18:00:00,1 days 18:00:00,11.48,-55.86,959.4,109.0,28.96863174438477,118.52533721923828,95.38874816894533,55.55193710327149,99.0111312866211,52.549346923828125,38.06329345703125,30.371000289916992,44.94199752807617,26.704980850219727,21.22397994995117,17.741199493408203,24.02726173400879
2024-06-29,AL022024,39.0,2024-07-01 00:00:00,2 days 00:00:00,11.96,-57.54,963.8,103.4,16.480724334716797,135.88294982910156,100.40707397460938,65.79080200195312,114.4648208618164,64.81776428222656,48.26229095458984,37.24046325683594,56.2501220703125,33.01614761352539,26.3344783782959,21.262155532836918,29.393556594848636
2024-06-29,AL022024,39.0,2024-07-01 06:00:00,2 days 06:00:00,12.45,-58.96,957.7,110.5,21.03683853149414,136.04376220703125,103.1827392578125,57.40481185913086,109.3156509399414,62.50725173950195,45.43382263183594,33.23247146606445,54.04565048217773,38.4821891784668,30.493423461914062,24.190927505493164,34.02482223510742
2024-06-29,AL022024,39.0,2024-07-01 12:00:00,2 days 12:00:00,13.1,-60.62,961.0,107.3,33.6817626953125,167.6734619140625,123.93010711669922,66.89198303222656,134.20533752441406,79.39288330078125,58.52886581420898,42.06645202636719,67.94802856445312,45.84532928466797,36.32402420043945,28.537965774536133,39.92953109741211
2024-06-29,AL022024,39.0,2024-07-01 18:00:00,2 days 18:00:00,13.75,-62.51,953.0,116.0,27.647661209106445,162.76031494140625,128.4131622314453,72.71758270263672,132.70651245117188,80.16624450683594,60.959014892578125,46.1474838256836,68.00506591796875,40.40800476074219,32.585906982421875,26.409820556640625,35.99563217163086
2024-06-29,AL022024,39.0,2024-07-02 00:00:00,3 days 00:00:00,14.35,-64.26,952.6,114.8,20.171724319458008,191.36087036132807,152.04429626464844,94.7275390625,161.67332458496094,94.80267333984376,73.43370056152344,56.90692138671875,81.33695220947266,45.51173400878906,37.69737243652344,30.615079879760746,40.63174057006836
2024-06-29,AL022024,39.0,2024-07-02 06:00:00,3 days 06:00:00,15.3,-65.87,954.0,117.6,16.852542877197266,192.3831024169922,144.21705627441406,81.85582733154297,158.7047576904297,93.46118927001952,72.867919921875,55.08265686035156,79.10617065429688,47.876373291015625,40.03029251098633,32.648719787597656,42.22461700439453
2024-06-29,AL022024,39.0,2024-07-02 12:00:00,3 days 12:00:00,15.79,-67.91,951.9,115.5,13.717766761779783,214.1460418701172,164.76866149902344,92.50262451171876,181.6020050048828,105.6327896118164,81.90213012695312,62.04306411743164,90.21910858154295,56.589725494384766,47.30643844604492,38.02576446533203,50.07843017578125
2024-06-29,AL022024,39.0,2024-07-02 18:00:00,3 days 18:00:00,16.17,-70.16,961.1,108.9,12.222649574279783,201.7921905517578,140.11212158203125,78.12091064453125,172.42140197753906,94.55030822753906,68.02198791503906,49.83306503295898,82.56306457519531,54.56814956665039,43.77449417114258,34.137577056884766,48.108436584472656
2024-06-29,AL022024,39.0,2024-07-03 00:00:00,4 days 00:00:00,16.43,-72.15,979.3,82.7,29.85982322692871,179.99745178222656,125.4438705444336,69.6024398803711,146.0920867919922,80.89208221435547,57.35988998413086,39.14265060424805,65.27193450927734,28.76544570922852,20.656753540039062,14.877689361572266,24.50059127807617
2024-06-29,AL022024,39.0,2024-07-03 06:00:00,4 days 06:00:00,16.79,-74.32,980.9,77.3,21.78929710388184,145.7511749267578,101.38232421875,59.04483413696289,122.81238555908205,71.42552947998047,52.596622467041016,37.3485107421875,60.06525039672852,33.22978973388672,26.17873764038086,19.698074340820312,28.56537437438965
2024-06-29,AL022024,39.0,2024-07-03 12:00:00,4 days 12:00:00,16.94,-75.88,994.3,59.6,41.03015899658203,121.85570526123048,93.49972534179688,46.636993408203125,96.42757415771484,35.18681335449219,25.777830123901367,14.002947807312012,25.75491523742676,2.047282218933105,0.0,0.0,1.463972806930542
2024-06-29,AL022024,39.0,2024-07-03 18:00:00,4 days 18:00:00,17.38,-77.97,994.2,60.3,33.40776062011719,179.53822326660156,131.25120544433594,74.69143676757812,147.246337890625,89.96540069580078,68.73443603515625,48.79927444458008,72.3274917602539,23.563474655151367,17.114276885986328,11.930093765258787,19.271902084350582
2024-06-29,AL022024,39.0,2024-07-04 00:00:00,5 days 00:00:00,17.17,-79.99,998.7,50.3,32.23771286010742,108.10055541992188,85.08522033691406,45.66987609863281,84.56181335449219,10.061363220214844,6.595333576202393,1.209339618682861,6.42958402633667,0.2021744549274444,0.0,0.0,0.0446272380650043
2024-06-29,AL022024,39.0,2024-07-04 06:00:00,5 days 06:00:00,16.92,-81.79,998.1,53.8,86.09729766845703,106.8837661743164,80.3140869140625,47.10409164428711,84.94205474853516,14.163246154785156,10.287412643432615,4.804964542388916,9.673810958862305,0.0926992744207382,0.0,0.0,0.0263119973242282
2024-06-29,AL022024,39.0,2024-07-04 12:00:00,5 days 12:00:00,17.13,-83.49,1002.2,47.7,115.7790069580078,80.63334655761719,61.07322311401367,33.85173416137695,60.5151481628418,1.1135259866714478,0.1262481361627578,0.0,0.0,0.1874631196260452,0.1581629663705825,0.0161654539406299,0.0570283196866512
2024-06-29,AL022024,39.0,2024-07-04 18:00:00,5 days 18:00:00,17.66,-85.25,1000.6,44.2,78.60941314697266,29.0393180847168,15.787060737609863,1.0351215600967407,20.01593971252441,1.1487112045288086,0.3437018394470215,0.3619313538074493,0.4270886778831482,0.0877176225185394,0.2511761784553528,0.0,0.1408196240663528
2024-06-29,AL022024,39.0,2024-07-05 00:00:00,6 days 00:00:00,17.88,-86.6,1001.2,43.0,71.19562530517578,26.982255935668945,15.15724754333496,2.0837135314941406,20.18330383300781,1.1151553392410278,0.0,0.0,0.0,0.0372912399470806,0.1154970452189445,0.0,0.176627442240715
2024-06-29,AL022024,39.0,2024-07-05 06:00:00,6 days 06:00:00,17.86,-88.21,1005.2,36.6,112.49254608154295,21.736438751220703,16.40003204345703,6.743017673492432,15.657087326049805,0.1060858443379402,0.3546037375926971,0.1330034285783767,0.201310932636261,0.1610022485256195,0.1117226183414459,0.1515741050243377,0.1565224677324295
2024-06-29,AL022024,39.0,2024-07-05 12:00:00,6 days 12:00:00,19.34,-89.96,1007.8,27.8,117.39259338378906,3.652700901031494,1.2179983854293823,0.0,0.4421261847019195,0.207192838191986,0.3847322165966034,0.2351320534944534,0.1218139603734016,0.1361194849014282,0.2130745202302932,0.0973698273301124,0.115724578499794
2024-06-29,AL022024,39.0,2024-07-05 18:00:00,6 days 18:00:00,20.43,-91.41,1008.3,30.4,122.00537109375,5.310924530029297,1.3074592351913452,0.0,0.8701814413070679,0.142898216843605,0.2024982869625091,0.2181217074394226,0.195053219795227,0.1055128797888755,0.2982851266860962,0.0778881534934043,0.0989898815751075
2024-06-29,AL022024,39.0,2024-07-06 00:00:00,7 days 00:00:00,20.79,-92.86,1005.9,32.2,72.57176971435547,69.86798095703125,56.39573287963867,33.73918533325195,52.4660530090332,0.985971987247467,0.36349818110466,0.0,0.3348412215709686,0.0,0.0,0.0,0.0
2024-06-29,AL022024,39.0,2024-07-06 06:00:00,7 days 06:00:00,21.82,-94.39,1006.9,29.9,70.30612182617188,1.909104824066162,2.019395112991333,0.0,0.863410472869873,0.0,0.1395874917507171,0.3010540306568146,0.0,0.0,0.0304692219942808,0.0889606997370719,0.1049127280712127
2024-06-29,AL022024,39.0,2024-07-06 12:00:00,7 days 12:00:00,22.66,-94.71,1009.2,34.4,161.2666778564453,14.20127773284912,8.376420974731445,0.0,6.824613571166992,0.2532239854335785,0.0,0.0,0.0,0.0,0.0,0.0,0.0
2024-06-29,AL022024,40.0,2024-06-29 00:00:00,0 days 00:00:00,9.2,-43.1,1006.0,35.0,74.07997303488982,74.07997303488982,0.0,0.0,74.07997303488982,,,,,,,,
2024-06-29,AL022024,40.0,2024-06-29 06:00:00,0 days 06:00:00,9.76,-45.12,997.9,53.0,29.562725067138672,63.3245849609375,49.35652160644531,25.05723190307617,51.96084213256836,9.624584197998049,6.44529914855957,2.681011199951172,6.33322811126709,0.0,0.0,0.0,0.0
2024-06-29,AL022024,40.0,2024-06-29 12:00:00,0 days 12:00:00,9.82,-46.71,997.6,56.3,52.02666473388672,101.17986297607422,77.79864501953125,52.855224609375,87.19471740722656,33.100589752197266,26.07711410522461,18.25282287597656,25.845924377441406,0.2001798450946808,0.0,0.0,0.0642891526222229
2024-06-29,AL022024,40.0,2024-06-29 18:00:00,0 days 18:00:00,9.86,-48.76,993.2,62.3,29.748329162597656,102.81310272216795,79.45890045166016,53.21126174926758,88.40322875976562,42.40984725952149,31.86199760437012,23.20484161376953,33.402313232421875,4.896705150604248,2.3908987045288086,1.3196953535079956,3.896792888641357
2024-06-29,AL022024,40.0,2024-06-30 00:00:00,1 days 00:00:00,9.98,-50.6,981.6,81.2,33.03659439086914,101.59101104736328,72.6522216796875,47.66858673095703,85.52458953857422,52.93998718261719,38.697410583496094,29.201080322265625,45.015872955322266,25.71853446960449,19.90857315063477,16.033111572265625,22.422008514404297
2024-06-29,AL022024,40.0,2024-06-30 06:00:00,1 days 06:00:00,10.35,-52.27,978.8,83.2,19.299835205078125,107.81968688964844,78.18997955322266,48.09420776367188,88.05741119384766,52.38335037231445,37.10126495361328,25.978479385375977,43.26946640014648,23.553674697875977,17.343875885009766,13.171666145324709,20.07437515258789
2024-06-29,AL022024,40.0,2024-06-30 12:00:00,1 days 12:00:00,10.6,-53.87,955.3,115.0,25.578035354614254,132.24269104003906,106.48332977294922,69.66905975341797,112.3433837890625,62.69880676269531,47.70980072021485,38.698692321777344,54.14227294921875,32.80696487426758,26.792177200317383,22.47843360900879,29.660907745361328
2024-06-29,AL022024,40.0,2024-06-30 18:00:00,1 days 18:00:00,11.17,-55.48,938.7,131.5,16.787452697753906,167.3495330810547,143.60531616210938,99.45909881591795,151.5879364013672,88.95710754394531,71.56790161132812,61.124794006347656,78.91938018798828,46.93486785888672,40.30279541015625,34.325523376464844,43.064491271972656
2024-06-29,AL022024,40.0,2024-07-01 00:00:00,2 days 00:00:00,11.47,-57.31,950.4,119.1,36.75331878662109,190.9666290283203,152.47056579589844,103.15528106689452,166.7559356689453,96.29884338378906,77.70426940917969,62.18238830566406,84.45841217041016,52.59687042236328,44.95117568969727,37.50257110595703,46.92729568481445
2024-06-29,AL022024,40.0,2024-07-01 06:00:00,2 days 06:00:00,11.94,-58.68,942.4,129.1,15.635042190551758,159.5847625732422,128.0992889404297,83.43939208984375,138.30641174316406,78.13189697265625,61.54804611206055,50.11199188232422,69.21208190917969,43.43400573730469,36.32788848876953,30.63391494750977,39.316627502441406
2024-06-29,AL022024,40.0,2024-07-01 12:00:00,2 days 12:00:00,12.53,-60.23,937.6,134.1,37.95614242553711,214.64877319335935,175.52618408203125,107.2674560546875,183.50076293945312,104.65863800048828,82.76677703857422,64.60047912597656,89.75055694580078,53.24986267089844,45.1039924621582,37.29030227661133,48.10506439208984
2024-06-29,AL022024,40.0,2024-07-01 18:00:00,2 days 18:00:00,13.11,-61.71,944.4,124.9,22.275808334350582,191.6747283935547,152.89280700683594,97.09564208984376,169.78802490234375,92.57676696777344,70.47761535644531,54.58356475830078,79.58881378173828,42.1811752319336,34.22594451904297,28.001344680786133,37.98207473754883
2024-06-29,AL022024,40.0,2024-07-02 00:00:00,3 days 00:00:00,13.77,-63.5,953.9,116.2,18.9227294921875,203.35255432128903,157.45379638671875,96.82958221435548,173.22994995117188,100.72330474853516,79.48748779296875,61.46175384521485,88.24856567382812,56.81737518310547,47.87555313110352,38.755401611328125,50.42134094238281
2024-06-29,AL022024,40.0,2024-07-02 06:00:00,3 days 06:00:00,14.21,-65.04,950.5,118.7,16.523012161254883,204.4290008544922,157.71664428710938,100.76170349121094,176.8997039794922,101.99720001220705,81.80058288574219,64.4671859741211,89.26385498046875,56.2024040222168,48.06136703491211,39.4671516418457,49.90581512451172
2024-06-29,AL022024,40.0,2024-07-02 12:00:00,3 days 12:00:00,14.99,-66.73,947.1,125.8,9.058897972106934,203.5106964111328,152.0580596923828,84.80223083496094,173.44351196289062,96.55667114257812,71.41097259521484,53.87623977661133,84.40897369384766,55.87109375,45.767578125,37.022247314453125,49.87420272827149
2024-06-29,AL022024,40.0,2024-07-02 18:00:00,3 days 18:00:00,15.49,-68.51,951.0,123.0,25.488224029541016,212.78343200683597,165.05393981933594,90.76038360595705,177.2894744873047,101.27871704101562,75.97264862060547,55.6405143737793,84.86962890625,50.45011138916016,40.64128875732422,32.202178955078125,44.231056213378906
2024-06-29,AL022024,40.0,2024-07-03 00:00:00,4 days 00:00:00,15.63,-70.72,949.5,116.7,16.084144592285156,243.60104370117188,191.026123046875,114.75773620605467,207.8884429931641,123.2436752319336,99.28378295898438,76.76593780517578,107.0196533203125,72.24435424804688,61.885528564453125,50.37196350097656,63.671852111816406
2024-06-29,AL022024,40.0,2024-07-03 06:00:00,4 days 06:00:00,15.95,-72.6,955.0,112.1,31.81036949157715,191.0655670166016,144.8219757080078,78.87065887451172,156.18118286132812,87.98505401611328,65.8355484008789,48.7214241027832,74.08513641357422,45.90348434448242,37.15290832519531,29.769023895263672,40.6934928894043
2024-06-29,AL022024,40.0,2024-07-03 12:00:00,4 days 12:00:00,16.09,-74.56,973.2,91.7,42.56472396850586,189.8774871826172,134.2418670654297,76.3099594116211,156.93353271484375,84.35122680664062,60.507110595703125,41.92132568359375,70.1675033569336,38.28730010986328,29.590288162231445,22.49646759033203,33.053958892822266
2024-06-29,AL022024,40.0,2024-07-03 18:00:00,4 days 18:00:00,16.3,-76.45,979.8,84.4,39.647857666015625,204.11854553222656,152.12667846679688,89.4200210571289,168.33407592773438,102.3969268798828,79.74406433105469,58.76453399658203,86.85258483886719,52.68722534179688,43.79772186279297,34.2957763671875,45.05493927001953
2024-06-29,AL022024,40.0,2024-07-04 00:00:00,5 days 00:00:00,16.34,-78.39,969.4,96.0,19.14944076538086,209.2123260498047,157.29336547851562,90.9532241821289,174.279052734375,100.75533294677734,77.70574951171875,56.86883544921875,85.42155456542969,48.47663116455078,39.6679916381836,31.4068603515625,42.00001525878906
2024-06-29,AL022024,40.0,2024-07-04 06:00:00,5 days 06:00:00,16.37,-80.42,967.0,101.0,15.897420883178713,223.8174743652344,170.99404907226562,106.60790252685548,189.37823486328125,107.72486114501952,84.4776611328125,63.5250244140625,91.98141479492188,52.34437942504883,43.505489349365234,34.70150375366211,45.46880722045898
2024-06-29,AL022024,40.0,2024-07-04 12:00:00,5 days 12:00:00,16.64,-82.43,965.8,103.4,39.72996520996094,143.49078369140625,105.9810028076172,57.6716194152832,118.88975524902344,62.19323348999024,44.18656539916992,32.57473373413086,53.05886459350586,33.03277587890625,25.35769462585449,19.99823760986328,29.12692642211914
2024-06-29,AL022024,40.0,2024-07-04 18:00:00,5 days 18:00:00,16.47,-84.31,958.2,110.7,39.49586868286133,159.54783630371094,130.23974609375,88.32849884033203,138.97288513183594,76.87529754638672,59.665409088134766,48.66256713867188,68.51815795898438,48.02473068237305,39.79582595825195,32.81754684448242,42.74956893920898
2024-06-29,AL022024,40.0,2024-07-05 00:00:00,6 days 00:00:00,16.61,-85.97,966.8,96.7,34.27836227416992,137.4325714111328,109.3062973022461,74.11331176757812,116.1844482421875,62.405372619628906,46.380897521972656,34.762046813964844,53.22977066040039,33.111846923828125,26.268367767333984,21.015180587768555,29.13558006286621
2024-06-29,AL022024,40.0,2024-07-05 06:00:00,6 days 06:00:00,16.55,-87.64,956.6,107.5,15.60809326171875,146.99490356445312,121.30962371826172,84.91802215576172,129.2841339111328,62.56259536743164,46.81357955932617,36.41894912719727,54.89177703857422,36.07780456542969,28.802494049072266,23.28793716430664,32.4813232421875
2024-06-29,AL022024,40.0,2024-07-05 12:00:00,6 days 12:00:00,16.68,-89.25,971.4,83.9,21.375268936157227,142.98509216308594,115.02263641357422,88.36495208740234,119.81631469726562,64.64910125732422,51.51872253417969,38.685508728027344,56.909210205078125,37.21710968017578,29.987110137939453,23.76537132263184,32.27830123901367
2024-06-29,AL022024,40.0,2024-07-05 18:00:00,6 days 18:00:00,16.64,-90.79,973.2,80.1,20.028736114501957,110.18716430664062,95.2787857055664,80.34809875488281,96.84319305419922,58.67384338378906,48.95549011230469,41.0323371887207,52.16927719116211,33.748497009277344,28.970766067504883,24.04586601257324,29.90569305419922
2024-06-29,AL022024,40.0,2024-07-06 00:00:00,7 days 00:00:00,16.93,-92.16,989.8,56.7,26.10904693603516,103.5112533569336,86.07953643798828,69.44452667236328,86.77566528320312,45.6259651184082,36.83137893676758,26.36756706237793,37.06827926635742,4.72435188293457,2.623703956604004,1.5499995946884155,4.101162433624268
2024-06-29,AL022024,40.0,2024-07-06 06:00:00,7 days 06:00:00,16.93,-93.88,1002.5,39.5,71.66439819335938,22.060277938842773,14.767532348632812,7.951130390167236,15.643321990966797,1.4383251667022705,0.7899044156074524,0.0,1.2937864065170288,0.7568584680557251,0.4462190568447113,0.2303420156240463,0.8039436340332031
2024-06-29,AL022024,40.0,2024-07-06 12:00:00,7 days 12:00:00,15.94,-95.43,996.8,41.5,42.52959442138672,98.56865692138672,87.9096908569336,68.7671890258789,80.80122375488281,5.091945171356201,4.469120979309082,2.8056516647338867,3.936725616455078,0.3208243250846863,0.2428711354732513,0.2992320358753204,0.3657021820545196
2024-06-29,AL022024,40.0,2024-07-06 18:00:00,7 days 18:00:00,16.65,-96.46,998.1,41.8,36.98533248901367,28.418630599975582,23.99274063110352,17.79636001586914,21.972362518310547,1.4936180114746094,1.898306369781494,1.7657545804977417,1.8758803606033323,0.0,0.0656134262681007,0.1308313310146331,0.2188464254140854
2024-06-29,AL022024,40.0,2024-07-07 00:00:00,8 days 00:00:00,15.74,-98.88,1004.5,32.5,80.2642822265625,0.0,2.8805806636810303,0.1878732442855835,1.0783350467681885,1.9408646821975708,1.227557897567749,0.2704580426216125,1.6291284561157229,0.1943235248327255,0.0,0.0,0.153885006904602
2024-06-29,AL022024,40.0,2024-07-07 06:00:00,8 days 06:00:00,16.43,-99.83,1005.7,27.2,60.00870513916016,0.0,0.0,0.0,1.006603717803955,0.0,0.0,0.0,0.0757188200950622,0.4646555185317993,0.5040528774261475,0.5275683403015137,0.5711216926574707
2024-06-29,AL022024,40.0,2024-07-07 12:00:00,8 days 12:00:00,15.64,-101.09,1004.2,33.3,53.2686653137207,27.648361206054688,24.83952522277832,16.448802947998047,24.53106689453125,2.565918445587158,2.028537511825561,0.7432897090911865,1.9766491651535036,0.1779369264841079,0.1501703709363937,0.1750467121601104,0.1986730098724365
2024-06-29,AL022024,40.0,2024-07-07 18:00:00,8 days 18:00:00,16.11,-102.45,999.3,47.2,48.92377471923828,46.73848342895508,38.55290603637695,21.24350929260254,39.61307144165039,7.589452266693115,5.693886756896973,3.109026908874512,5.6966986656188965,0.0,0.0,0.0,0.031267162412405
2024-06-29,AL022024,40.0,2024-07-08 00:00:00,9 days 00:00:00,15.84,-103.89,1003.1,41.4,101.95282745361328,51.23146057128906,41.10696792602539,23.406997680664062,39.088653564453125,0.7435381412506104,0.1290204226970672,0.0,0.1839933842420578,0.019190926104784,0.0,0.0,0.0
2024-06-29,AL022024,40.0,2024-07-08 06:00:00,9 days 06:00:00,15.91,-105.63,1000.2,47.7,71.32231903076172,36.090938568115234,26.97523498535156,10.39944839477539,27.50214958190918,1.4430493116378784,0.6824741959571838,0.0,0.4526957273483276,0.0,0.0,0.0,0.0
2024-06-29,AL022024,40.0,2024-07-08 12:00:00,9 days 12:00:00,15.22,-107.15,997.6,48.2,21.49196434020996,74.88467407226562,65.6176528930664,45.9011344909668,63.04139709472656,7.144870758056641,5.840614318847656,2.6273224353790283,5.201468467712402,0.0,0.0,0.0,0.0
2024-06-29,AL022024,40.0,2024-07-08 18:00:00,9 days 18:00:00,14.75,-108.29,993.0,57.6,47.54280090332031,69.23184967041016,57.009986877441406,39.55794525146485,60.57075500488281,12.09844970703125,9.808284759521484,6.979296684265137,9.688797950744627,0.0,0.0,0.0,0.0
2024-06-29,AL022024,40.0,2024-07-09 00:00:00,10 days 00:00:00,14.58,-109.36,1000.0,38.5,52.481712341308594,72.17445373535156,64.07830810546875,51.73963165283203,65.14007568359375,0.9424612522125244,0.0,0.044782668352127,0.5546395182609558,0.0,0.0,0.0,0.0
2024-06-29,AL022024,40.0,2024-07-09 06:00:00,10 days 06:00:00,14.25,-110.61,995.1,52.2,29.329561233520508,85.3027114868164,69.38723754882812,48.01652908325195,72.05859375,5.195366382598877,3.670083522796631,1.664358377456665,3.402862071990967,0.0,0.0,0.0,0.0
2024-06-29,AL022024,40.0,2024-07-09 12:00:00,10 days 12:00:00,13.77,-111.65,997.9,49.3,60.658485412597656,62.565574645996094,53.922760009765625,35.394161224365234,51.7042350769043,4.403355598449707,2.769063234329224,1.108898401260376,2.6120924949646,0.0,0.0,0.0,0.0
2024-06-29,AL022024,40.0,2024-07-09 18:00:00,10 days 18:00:00,13.64,-112.29,994.8,55.0,46.41306686401367,68.56106567382812,59.69450759887695,45.88862228393555,62.382659912109375,19.75355339050293,16.88144874572754,12.351743698120115,16.05234146118164,0.0,0.0,0.0,0.0
2024-06-29,AL022024,40.0,2024-07-10 00:00:00,11 days 00:00:00,13.57,-112.62,998.1,48.6,68.92337036132812,53.01539611816406,47.41877365112305,34.095088958740234,44.94037628173828,0.7237284779548645,0.7094994783401489,0.0,0.0182048212736845,0.0,0.0,0.0,0.0
2024-06-29,AL022024,40.0,2024-07-10 06:00:00,11 days 06:00:00,13.24,-112.84,992.5,55.2,31.64839553833008,94.15396118164062,81.43585968017578,74.71710968017578,89.41567993164062,39.24321365356445,34.30574417114258,27.82954406738281,33.36018753051758,3.278395891189575,2.2824103832244877,1.6651755571365356,3.108484983444214
2024-06-29,AL022024,40.0,2024-07-10 12:00:00,11 days 12:00:00,13.47,-113.05,998.4,46.6,51.830833435058594,74.18404388427734,66.81646728515625,45.27824020385742,61.972198486328125,4.169887542724609,3.0266430377960205,1.1264967918395996,2.3427460193634038,0.0,0.0,0.0,0.0
2024-06-29,AL022024,40.0,2024-07-10 18:00:00,11 days 18:00:00,13.81,-113.49,998.8,45.3,83.49576568603516,73.9533462524414,64.58952331542969,46.711856842041016,61.88190841674805,0.0,0.0,0.0,0.0,0.0,0.0551372803747653,0.0407093055546283,0.0418947972357273
2024-06-29,AL022024,40.0,2024-07-11 00:00:00,12 days 00:00:00,14.21,-113.92,999.1,43.9,46.020263671875,53.44706344604492,47.62769317626953,32.227176666259766,41.88848876953125,0.6357131004333496,0.5710622668266296,0.0,0.0,0.0,0.0,0.0,0.0
2024-06-29,AL022024,40.0,2024-07-11 06:00:00,12 days 06:00:00,14.5,-114.49,998.0,47.8,44.75119018554688,63.68130493164063,52.946048736572266,34.42519760131836,51.29920196533203,2.203573942184448,1.771610140800476,0.0,0.8003621697425842,0.0,0.0,0.0,0.0
2024-06-29,AL022024,40.0,2024-07-11 12:00:00,12 days 12:00:00,14.65,-114.92,996.6,50.1,69.91790771484375,86.73825073242188,76.23184204101562,56.347259521484375,72.65565490722656,12.62148666381836,10.647785186767578,6.749306201934815,9.660749435424805,0.0,0.0,0.0,0.0
2024-06-29,AL022024,40.0,2024-07-11 18:00:00,12 days 18:00:00,14.79,-115.79,995.0,53.5,61.9834213256836,65.59656524658203,54.83372116088867,34.76458740234375,55.46113967895508,1.5127636194229126,0.50983065366745,0.0,0.4836695790290832,0.0,0.0,0.0,0.0
2024-06-29,AL022024,40.0,2024-07-12 00:00:00,13 days 00:00:00,14.62,-116.07,990.2,59.6,51.12506103515625,86.69959259033203,74.51924896240234,56.03542709350586,75.2403335571289,20.240699768066406,16.532922744750977,12.429890632629396,16.223085403442383,1.718241572380066,0.9033551812171936,0.5847518444061279,1.581087350845337
2024-06-29,AL022024,41.0,2024-06-29 00:00:00,0 days 00:00:00,9.2,-43.1,1006.0,35.0,74.07997303488982,74.07997303488982,0.0,0.0,74.07997303488982,,,,,,,,
2024-06-29,AL022024,41.0,2024-06-29 06:00:00,0 days 06:00:00,9.41,-44.91,995.7,55.5,30.784366607666016,61.39797592163086,43.09724426269531,26.468019485473636,53.09696960449219,28.03546142578125,20.62870407104492,14.19076919555664,22.129487991333008,4.154974937438965,2.0840604305267334,1.3242343664169312,3.57087516784668
2024-06-29,AL022024,41.0,2024-06-29 12:00:00,0 days 12:00:00,10.0,-46.48,995.1,58.9,38.52492141723633,63.6585578918457,48.55626678466797,32.27151107788086,56.07949066162109,28.17489624023437,21.64260482788086,15.778000831604004,22.613109588623047,2.681598663330078,1.0320194959640503,0.4307713210582733,2.3231446743011475
2024-06-29,AL022024,41.0,2024-06-29 18:00:00,0 days 18:00:00,10.21,-48.46,995.3,60.6,25.36341094970703,61.22433471679688,43.20544052124024,21.79315948486328,51.10465621948242,25.316675186157227,16.83940315246582,10.469186782836914,19.31804084777832,5.708224296569824,2.961844682693481,1.8769289255142207,4.946768283843994
2024-06-29,AL022024,41.0,2024-06-30 00:00:00,1 days 00:00:00,10.25,-50.33,992.5,65.2,28.291614532470703,80.42059326171875,54.92391204833984,31.649093627929688,68.02910614013672,40.9246940612793,29.03705596923828,19.666513442993164,33.65523147583008,16.43069839477539,11.59640407562256,8.320987701416016,13.728415489196776
2024-06-29,AL022024,41.0,2024-06-30 06:00:00,1 days 06:00:00,10.57,-51.98,994.5,60.6,33.290977478027344,111.5528564453125,85.79920196533203,58.24005508422852,93.9314956665039,42.066925048828125,32.383636474609375,21.58882522583008,32.37325668334961,2.803483486175537,0.5070482492446899,0.0,1.90729296207428
2024-06-29,AL022024,41.0,2024-06-30 12:00:00,1 days 12:00:00,10.65,-53.91,987.7,67.6,51.16608810424805,127.93927764892578,107.99681854248048,82.80657196044922,112.3319320678711,56.49028396606445,46.68458557128906,36.02583694458008,45.869815826416016,10.220759391784668,8.364778518676758,7.035926342010498,8.62471866607666
2024-06-29,AL022024,41.0,2024-06-30 18:00:00,1 days 18:00:00,10.79,-55.5,984.4,73.6,20.203487396240234,121.1806640625,103.0735855102539,77.10099792480469,103.6504364013672,46.57221603393555,36.460731506347656,27.789417266845703,37.00908660888672,6.771348476409912,4.308093070983887,3.232903242111206,5.608499526977539
2024-06-29,AL022024,41.0,2024-07-01 00:00:00,2 days 00:00:00,11.22,-57.1,987.6,75.7,44.09171295166016,122.76335906982422,93.15272521972656,60.1300048828125,103.22579956054688,58.64946365356445,44.187931060791016,31.580684661865234,48.59064102172852,23.831750869750977,18.126636505126957,13.797367095947266,20.444997787475582
2024-06-29,AL022024,41.0,2024-07-01 06:00:00,2 days 06:00:00,11.7,-58.86,972.3,94.4,37.4904899597168,118.01993560791016,85.64277648925781,51.97505569458008,96.35275268554688,53.355464935302734,37.12950897216797,26.804540634155277,44.631683349609375,21.53789520263672,15.201127052307127,11.581594467163086,18.89423942565918
2024-06-29,AL022024,41.0,2024-07-01 12:00:00,2 days 12:00:00,12.11,-60.34,972.8,93.9,30.815534591674805,146.20620727539062,111.49607849121094,54.18170166015625,115.68701934814452,66.54254150390625,47.82129669189453,30.82734489440918,53.73502349853516,30.35541534423828,22.383716583251957,16.714305877685547,25.96298217773437
2024-06-29,AL022024,41.0,2024-07-01 18:00:00,2 days 18:00:00,12.84,-61.87,968.2,98.5,18.16996192932129,159.6727294921875,116.91961669921876,69.25320434570312,132.4202117919922,73.9771728515625,54.61151885986328,40.33760070800781,62.77581405639648,36.248573303222656,28.537038803100582,22.238637924194336,31.626628875732425
2024-06-29,AL022024,41.0,2024-07-02 00:00:00,3 days 00:00:00,13.14,-63.33,973.9,87.5,15.284655570983888,124.22877502441406,89.27241516113281,47.58366775512695,100.18313598632812,56.25736618041992,39.09661865234375,25.52688789367676,46.19159698486328,27.57032585144043,20.0859432220459,15.006481170654297,23.60757064819336
2024-06-29,AL022024,41.0,2024-07-02 06:00:00,3 days 06:00:00,14.25,-65.01,970.9,94.3,31.42336845397949,139.59410095214844,98.04331970214844,41.24077987670898,108.0430908203125,61.08682632446289,40.60612487792969,24.55900382995605,49.05486297607422,29.040632247924805,20.895233154296875,15.316902160644531,24.8190975189209
2024-06-29,AL022024,41.0,2024-07-02 12:00:00,3 days 12:00:00,14.9,-67.09,968.9,99.1,31.57396697998047,173.8774871826172,128.2126007080078,62.97591018676758,135.76565551757812,82.08670806884766,60.122535705566406,41.73850631713867,67.96127319335938,41.39003372192383,32.64348220825195,25.142074584960938,35.75136947631836
2024-06-29,AL022024,41.0,2024-07-02 18:00:00,3 days 18:00:00,15.66,-69.06,968.5,95.3,33.71172332763672,177.29588317871094,131.0940399169922,62.8026123046875,140.91921997070312,85.52374267578125,63.60764694213867,44.93722152709961,71.19766235351562,47.24637985229492,38.084266662597656,29.96975517272949,40.63875579833984
2024-06-29,AL022024,41.0,2024-07-03 00:00:00,4 days 00:00:00,16.32,-71.1,965.5,101.3,36.803165435791016,123.66280364990234,80.8558578491211,35.94899368286133,98.7255859375,52.54536056518555,32.44081115722656,21.257658004760746,43.6243896484375,26.04526710510254,17.89927101135254,13.363893508911133,22.96289825439453
2024-06-29,AL022024,41.0,2024-07-03 06:00:00,4 days 06:00:00,16.52,-73.01,983.1,76.8,24.60846519470215,132.58151245117188,86.78015899658203,41.917259216308594,104.5812530517578,54.8907470703125,35.6837043762207,21.47119903564453,43.473106384277344,19.63016891479492,12.568475723266602,8.319304466247559,16.752662658691406
2024-06-29,AL022024,41.0,2024-07-03 12:00:00,4 days 12:00:00,16.86,-75.07,967.1,100.1,2.8283419609069824,140.89208984375,101.0768051147461,49.04583358764648,114.612060546875,58.632320404052734,40.13405990600586,26.085186004638672,48.5579948425293,30.68012809753418,22.932865142822266,16.993770599365234,26.841869354248047
2024-06-29,AL022024,41.0,2024-07-03 18:00:00,4 days 18:00:00,17.3,-76.54,988.8,72.2,29.238115310668945,128.79856872558594,89.02472686767578,38.21650314331055,99.97262573242188,51.41962432861328,32.998634338378906,18.469038009643555,39.6629638671875,15.653343200683594,9.024218559265137,5.034868240356445,12.79356861114502
2024-06-29,AL022024,41.0,2024-07-04 00:00:00,5 days 00:00:00,17.46,-77.93,967.6,95.9,42.34575271606445,152.4497833251953,133.6398162841797,86.98553466796875,132.2766876220703,66.94959259033203,53.11761474609375,41.43709564208984,55.64020538330078,29.17588233947754,24.99574089050293,21.168590545654297,25.577579498291016
2024-06-29,AL022024,41.0,2024-07-04 06:00:00,5 days 06:00:00,17.32,-79.72,995.9,56.3,37.387054443359375,184.60597229003903,142.40634155273438,91.92562103271484,157.08787536621094,81.0573959350586,63.51433181762695,44.49285507202149,62.506717681884766,4.399527072906494,1.5822829008102417,0.0,2.897125720977783
2024-06-29,AL022024,41.0,2024-07-04 12:00:00,5 days 12:00:00,17.4,-81.93,999.3,50.2,57.33415222167969,85.48365020751953,60.02291870117188,26.78314781188965,64.31424713134766,4.389083862304688,1.303033471107483,0.0,1.9558933973312376,0.2826976776123047,0.0,0.0,0.4369189143180847
2024-06-29,AL022024,41.0,2024-07-04 18:00:00,5 days 18:00:00,17.26,-83.4,998.4,50.0,40.43538284301758,173.3148956298828,142.35682678222656,91.5335693359375,140.6364288330078,22.842697143554688,16.938318252563477,9.213611602783203,15.860085487365724,0.0,0.0,0.0,0.0
2024-06-29,AL022024,41.0,2024-07-05 00:00:00,6 days 00:00:00,16.75,-84.59,996.2,56.3,58.340553283691406,116.24949645996094,95.5752182006836,53.6064453125,93.47942352294922,27.014793395996094,20.443363189697266,11.567228317260742,19.46166610717773,0.1628259867429733,0.0,0.0,0.0
2024-06-29,AL022024,41.0,2024-07-05 06:00:00,6 days 06:00:00,16.91,-86.25,995.4,57.3,32.78095245361328,175.06434631347656,138.11888122558594,97.6502914428711,147.63768005371094,71.2977523803711,58.1178092956543,41.454681396484375,56.57770156860352,3.439833402633667,1.056998372077942,0.0,2.407921314239502
2024-06-29,AL022024,41.0,2024-07-05 12:00:00,6 days 12:00:00,16.44,-87.59,994.0,53.8,56.37166976928711,131.09957885742188,111.30712127685548,72.48087310791016,106.4010772705078,27.04060935974121,21.96660041809082,12.501197814941406,20.38718032836914,0.4411718845367431,0.0,0.0,0.2320621609687805
2024-06-29,AL022024,41.0,2024-07-05 18:00:00,6 days 18:00:00,16.44,-88.36,994.0,55.7,72.38388061523438,163.5377960205078,144.56285095214844,97.7911605834961,131.2056121826172,30.848970413208008,25.828632354736328,14.995637893676758,21.97436141967773,0.0,0.0,0.0,0.0
2024-06-29,AL022024,41.0,2024-07-06 00:00:00,7 days 00:00:00,16.27,-89.45,999.2,43.7,86.4231948852539,69.67497253417969,60.13305282592773,40.42186737060547,55.82707595825195,6.295801162719727,4.651165008544922,1.3124146461486816,4.135674476623535,0.0,0.0,0.0,0.048299603164196
2024-06-29,AL022024,41.0,2024-07-06 06:00:00,7 days 06:00:00,16.1,-89.73,1004.5,28.7,66.34011840820312,2.324481248855591,1.0900408029556274,0.0,2.586212635040283,0.6581785678863525,0.0073047867044806,0.0827853381633758,0.0,0.2196027636528015,0.3181016445159912,0.2149997502565384,0.4127906262874603
2024-06-29,AL022024,41.0,2024-07-06 12:00:00,7 days 12:00:00,16.05,-90.79,1002.4,29.4,47.36729049682617,5.3185577392578125,0.8142535090446472,4.814838886260986,5.938400268554688,0.0,0.8141793608665466,0.440511554479599,0.3639953136444092,0.1774506121873855,0.2192480713129043,0.2076202929019928,0.1968922764062881
2024-06-29,AL022024,42.0,2024-06-29 00:00:00,0 days 00:00:00,9.2,-43.1,1006.0,35.0,74.07997303488982,74.07997303488982,0.0,0.0,74.07997303488982,,,,,,,,
2024-06-29,AL022024,42.0,2024-06-29 06:00:00,0 days 06:00:00,9.51,-45.02,1001.6,47.7,51.60130310058594,53.90413665771485,38.574440002441406,18.80838203430176,44.00338745117188,3.990427255630493,1.8807910680770876,0.0,1.9536607265472408,0.0,0.0,0.0,0.0
2024-06-29,AL022024,42.0,2024-06-29 12:00:00,0 days 12:00:00,10.04,-46.93,997.0,59.6,27.165346145629883,71.68866729736328,54.72603225708008,31.749547958374023,60.73356628417969,32.40767288208008,24.39200210571289,17.082658767700195,25.276342391967773,3.5620079040527344,1.3392060995101929,0.468520849943161,2.8760616779327397
2024-06-29,AL022024,42.0,2024-06-29 18:00:00,0 days 18:00:00,10.13,-48.51,988.1,66.8,43.54415130615234,96.53015899658205,82.69623565673828,59.73704528808594,83.83550262451172,38.43552017211914,30.405075073242188,22.83201026916504,30.215259552001957,4.826251983642578,3.036507606506348,2.441892623901367,3.987229585647583
2024-06-29,AL022024,42.0,2024-06-30 00:00:00,1 days 00:00:00,10.79,-50.16,998.3,57.9,64.12541198730469,115.8561553955078,90.10122680664062,57.92000961303711,98.5605926513672,29.651966094970703,22.796875,14.506162643432615,21.943756103515625,0.0,0.0,0.0,0.0
2024-06-29,AL022024,42.0,2024-06-30 06:00:00,1 days 06:00:00,10.97,-51.45,988.3,68.5,32.95280075073242,93.4300765991211,74.41700744628906,58.03704452514648,86.27027130126953,45.26455307006836,36.58346557617188,29.46154022216797,38.4207763671875,14.09347915649414,11.58366870880127,9.477542877197266,12.311213493347168
2024-06-29,AL022024,42.0,2024-06-30 12:00:00,1 days 12:00:00,11.04,-53.19,982.2,80.9,27.76782989501953,146.59645080566406,111.3440170288086,69.15421295166016,119.65342712402344,73.13763427734375,55.6474723815918,41.33398818969727,59.95742034912109,25.21360969543457,19.36725425720215,14.905265808105469,21.622425079345703
2024-06-29,AL022024,42.0,2024-06-30 18:00:00,1 days 18:00:00,11.55,-54.75,981.3,79.7,24.248760223388672,102.92752075195312,79.14718627929688,49.73491287231445,87.5318603515625,46.262603759765625,33.27162551879883,24.523971557617188,38.31673049926758,19.52478790283203,14.575568199157717,11.174139976501465,17.119539260864258
2024-06-29,AL022024,42.0,2024-07-01 00:00:00,2 days 00:00:00,11.63,-56.03,972.2,93.1,27.74684715270996,130.46327209472656,100.56297302246094,65.24921417236328,109.23219299316406,64.49349212646484,49.084381103515625,37.262813568115234,54.75962066650391,30.55394554138184,24.09424591064453,19.04170036315918,26.970314025878903
2024-06-29,AL022024,42.0,2024-07-01 06:00:00,2 days 06:00:00,12.07,-57.73,961.6,105.4,33.78977584838867,154.94387817382812,118.43413543701172,68.99980926513672,126.46456146240234,77.53205108642578,59.83234024047852,44.23811721801758,65.61974334716797,41.162506103515625,33.38341522216797,26.773820877075195,36.12115097045898
2024-06-29,AL022024,42.0,2024-07-01 12:00:00,2 days 12:00:00,12.5,-59.61,949.9,117.6,18.93012046813965,190.26856994628903,138.45118713378906,77.42249298095703,160.60015869140625,87.3387451171875,63.212989807128906,46.27287292480469,74.51718139648438,46.24430465698242,36.83015060424805,29.21600151062012,41.18881607055664
2024-06-29,AL022024,42.0,2024-07-01 18:00:00,2 days 18:00:00,13.22,-61.21,956.5,111.5,21.42791175842285,218.52468872070312,167.03688049316406,95.25077056884766,185.52297973632807,100.27753448486328,75.14066314697266,54.52498245239258,84.32408142089844,47.1820182800293,37.76129913330078,29.754350662231445,41.32454299926758
2024-06-29,AL022024,42.0,2024-07-02 00:00:00,3 days 00:00:00,13.71,-62.63,950.4,122.7,37.35018157958984,164.9001922607422,124.1396255493164,69.63948822021484,138.20941162109375,79.86792755126953,58.62046051025391,44.794532775878906,69.06888580322266,47.63205337524414,38.648067474365234,31.236927032470703,42.69882583618164
2024-06-29,AL022024,42.0,2024-07-02 06:00:00,3 days 06:00:00,14.62,-64.27,957.2,112.2,32.21971130371094,166.04071044921875,126.98388671875,73.20946502685547,137.5741729736328,81.46341705322266,62.73947143554688,47.28180694580078,69.1066665649414,41.42165756225586,33.97207260131836,27.56877899169922,36.895992279052734
2024-06-29,AL022024,42.0,2024-07-02 12:00:00,3 days 12:00:00,15.03,-66.23,947.1,120.2,25.160795211791992,186.34754943847656,146.2612762451172,80.39264678955078,158.66111755371094,96.0813446044922,73.0062026977539,54.7357177734375,80.21699523925781,48.06852340698242,38.89715576171875,31.478574752807617,43.06962966918945
2024-06-29,AL022024,42.0,2024-07-02 18:00:00,3 days 18:00:00,15.79,-68.26,967.4,99.6,13.26821517944336,187.1756591796875,134.41941833496094,64.12506103515625,155.13780212402344,91.78900909423828,67.53871154785156,47.11099624633789,77.38577270507812,52.82282257080078,42.66793441772461,33.22980499267578,45.74528884887695
2024-06-29,AL022024,42.0,2024-07-03 00:00:00,4 days 00:00:00,16.28,-70.26,950.8,116.0,10.968002319335938,168.0586700439453,112.08464050292967,55.84953308105469,143.66256713867188,80.13256072998047,54.14720153808594,38.18186569213867,69.13583374023438,44.96811676025391,34.18210220336914,26.550277709960938,40.2010612487793
2024-06-29,AL022024,42.0,2024-07-03 06:00:00,4 days 06:00:00,16.51,-72.33,970.2,94.4,33.66014862060547,143.3408660888672,95.85486602783205,46.920013427734375,119.15143585205078,65.95572662353516,43.05864715576172,28.52468490600586,54.23198318481445,30.17660522460937,21.26485061645508,15.58980941772461,26.288105010986328
2024-06-29,AL022024,42.0,2024-07-03 12:00:00,4 days 12:00:00,16.69,-74.5,984.1,77.4,51.43937301635742,124.3126983642578,87.03071594238281,43.17085266113281,100.45247650146484,49.99259567260742,34.712135314941406,20.9173526763916,39.72124481201172,20.725971221923828,14.765158653259276,10.59567165374756,17.599462509155273
2024-06-29,AL022024,42.0,2024-07-03 18:00:00,4 days 18:00:00,17.36,-76.46,988.5,73.2,47.232872009277344,124.0801773071289,86.05484008789062,40.09848785400391,99.08080291748048,48.32634735107422,32.22538757324219,19.525196075439453,38.18746948242188,14.39287281036377,8.768506050109863,5.219031810760498,12.03180694580078
2024-06-29,AL022024,42.0,2024-07-04 00:00:00,5 days 00:00:00,17.26,-77.99,981.0,79.1,24.76433563232422,228.79995727539065,175.70143127441406,106.35369873046876,192.7995147705078,115.22055053710938,93.5206069946289,70.0344467163086,97.60595703125,48.47490692138672,41.64692306518555,33.02419662475586,42.11546325683594
2024-06-29,AL022024,42.0,2024-07-04 06:00:00,5 days 06:00:00,17.07,-79.78,991.8,63.3,62.766693115234375,112.6771240234375,92.0069351196289,56.43220901489258,94.59027099609376,22.293684005737305,17.30662727355957,9.805851936340332,15.972074508666992,0.6447089314460754,0.0,0.0,0.2584721446037292
2024-06-29,AL022024,42.0,2024-07-04 12:00:00,5 days 12:00:00,17.41,-82.02,1001.2,43.8,52.397743225097656,100.6314926147461,77.48881530761719,47.82523727416992,81.43991088867188,2.9525599479675293,1.0369988679885864,0.0,1.5991209745407104,0.0,0.033668890595436,0.0,0.0966952368617057
2024-06-29,AL022024,42.0,2024-07-04 18:00:00,5 days 18:00:00,17.4,-84.36,1001.2,47.3,90.02568817138672,118.40486907958984,94.58393096923828,57.52233505249024,92.86048126220705,4.144619464874268,1.54928457736969,0.0,2.148798942565918,0.0702818557620048,0.0391138792037963,0.0,0.0400450192391872
2024-06-29,AL022024,42.0,2024-07-05 00:00:00,6 days 00:00:00,17.13,-86.13,1001.1,41.7,58.34064865112305,190.94284057617188,163.21705627441406,116.19458770751952,157.9176788330078,12.687891960144045,8.405198097229004,3.5458319187164307,8.679466247558594,0.0,0.0,0.0,0.0
2024-06-29,AL022024,42.0,2024-07-05 06:00:00,6 days 06:00:00,17.03,-87.44,1001.9,43.8,110.14492797851562,188.8862152099609,159.08331298828125,114.54834747314452,151.5450439453125,5.652125358581543,3.840649127960205,1.8861150741577148,3.5699462890625,0.0,0.0,0.0152179431170225,0.0
2024-06-29,AL022024,42.0,2024-07-05 12:00:00,6 days 12:00:00,17.18,-88.35,1000.9,39.4,54.71956253051758,166.5135498046875,149.1162567138672,112.0247039794922,137.98768615722656,9.254098892211914,7.652348041534424,4.167880535125732,7.000823020935059,0.0,0.0,0.0,0.0
2024-06-29,AL022024,42.0,2024-07-05 18:00:00,6 days 18:00:00,17.24,-89.42,1004.9,30.4,53.66007995605469,42.83922958374024,35.87078857421875,20.3418025970459,29.39809799194336,2.4961533546447754,2.039977788925171,1.361450433731079,1.7237759828567505,0.2680594325065613,0.2764405012130737,0.2753410339355469,0.4323831796646118
2024-06-29,AL022024,42.0,2024-07-06 00:00:00,7 days 00:00:00,17.39,-90.57,1005.3,28.7,59.85297393798828,30.539119720458984,24.041868209838867,18.397964477539062,24.97425842285156,1.7185344696044922,1.5272623300552368,0.4302496910095215,1.4657979011535645,0.0,0.089899368584156,0.1420521736145019,0.1211784183979034
2024-06-29,AL022024,43.0,2024-06-29 00:00:00,0 days 00:00:00,9.2,-43.1,1006.0,35.0,74.07997303488982,74.07997303488982,0.0,0.0,74.07997303488982,,,,,,,,
2024-06-29,AL022024,43.0,2024-06-29 06:00:00,0 days 06:00:00,9.72,-44.61,997.1,55.8,27.982759475708008,85.8466796875,63.578948974609375,44.45552444458008,76.91707611083984,38.91525268554688,30.30816650390625,20.92078971862793,30.90337371826172,3.954579591751098,1.6595141887664795,0.7351428866386414,3.046486616134644
2024-06-29,AL022024,43.0,2024-06-29 12:00:00,0 days 12:00:00,9.98,-46.33,992.5,63.0,27.164569854736328,65.20950317382812,47.73078918457031,28.207984924316406,57.43092346191406,27.27259635925293,19.655759811401367,13.666738510131836,21.790950775146484,5.295018672943115,2.891195058822632,1.9439237117767332,4.5882978439331055
2024-06-29,AL022024,43.0,2024-06-29 18:00:00,0 days 18:00:00,10.33,-48.03,985.2,72.0,32.785614013671875,86.42622375488281,65.86505126953125,40.20294952392578,71.54060363769531,41.25999450683594,30.40854835510254,23.186017990112305,33.390342712402344,11.552105903625488,8.326093673706055,6.620521545410156,10.163023948669434
2024-06-29,AL022024,43.0,2024-06-30 00:00:00,1 days 00:00:00,10.73,-49.67,985.4,71.5,57.34716033935547,127.57469177246094,110.72151947021484,85.33220672607422,112.67741394042967,57.11851119995117,49.85409164428711,40.39809036254883,47.07347869873047,12.64726448059082,11.669995307922363,10.258855819702148,11.039915084838867
2024-06-29,AL022024,43.0,2024-06-30 06:00:00,1 days 06:00:00,11.01,-51.09,990.9,61.9,41.839969635009766,108.74202728271484,87.42276000976562,63.61202621459961,91.3954086303711,42.82320785522461,34.23044967651367,24.209033966064453,33.16998291015625,4.431393623352051,2.4390101432800293,1.730265736579895,3.4205105304718018
2024-06-29,AL022024,43.0,2024-06-30 12:00:00,1 days 12:00:00,11.15,-53.15,973.1,93.3,21.590791702270508,140.4572296142578,110.29986572265624,71.91181182861328,120.63348388671876,65.0785903930664,48.818450927734375,36.90869522094727,55.10218048095703,24.786659240722656,18.97374725341797,14.710282325744627,21.80411529541016
2024-06-29,AL022024,43.0,2024-06-30 18:00:00,1 days 18:00:00,11.29,-54.91,957.3,113.5,32.27812576293945,148.0369415283203,114.88671875,74.88057708740234,124.70956420898438,66.5116958618164,49.425418853759766,39.2000617980957,57.7202262878418,33.30116653442383,26.80173683166504,22.023902893066406,29.91585731506348
2024-06-29,AL022024,43.0,2024-07-01 00:00:00,2 days 00:00:00,11.55,-56.46,956.3,112.4,12.178666114807127,157.03057861328125,124.5643310546875,84.3919677734375,135.14878845214844,71.4327392578125,54.58946990966797,43.63309860229492,61.91243362426758,34.61186981201172,28.304271697998047,23.32762336730957,31.153594970703125
2024-06-29,AL022024,43.0,2024-07-01 06:00:00,2 days 06:00:00,11.93,-58.07,956.1,116.0,37.79546737670898,167.35360717773438,127.82537078857422,74.18326568603516,137.15391540527344,76.21729278564453,57.62186050415039,43.27928161621094,65.26626586914062,41.3647689819336,33.63536071777344,27.35290908813477,36.55952453613281
2024-06-29,AL022024,43.0,2024-07-01 12:00:00,2 days 12:00:00,12.64,-59.53,964.5,103.7,33.78082275390625,170.13201904296875,143.9457244873047,90.63157653808594,139.93463134765625,83.56999206542969,66.24674987792969,51.06196594238281,68.54107666015625,34.6660041809082,28.60347557067871,23.35247802734375,30.22365379333496
2024-06-29,AL022024,43.0,2024-07-01 18:00:00,2 days 18:00:00,13.27,-61.67,994.7,64.1,49.34732055664063,125.53307342529295,96.8436050415039,50.90966796875,100.3948211669922,33.23338317871094,24.65233993530273,13.964085578918455,24.057680130004883,1.2059078216552734,0.0,0.0,0.6741002202033997
2024-06-29,AL022024,43.0,2024-07-02 00:00:00,3 days 00:00:00,14.02,-63.64,993.6,63.5,33.15517044067383,103.27935028076172,77.95154571533203,35.61935806274414,81.80006408691406,22.259410858154297,15.66493034362793,7.478540897369385,15.34308624267578,0.6799907684326172,0.0,0.0,0.4426921308040619
2024-06-29,AL022024,43.0,2024-07-02 06:00:00,3 days 06:00:00,14.48,-65.46,996.3,60.2,73.24176025390625,144.83070373535156,110.45093536376952,59.1416015625,113.50088500976562,37.1167221069336,28.839120864868164,16.789400100708008,26.426618576049805,0.0,0.0,0.0,0.0
2024-06-29,AL022024,43.0,2024-07-02 12:00:00,3 days 12:00:00,14.89,-67.66,988.4,67.8,45.82204055786133,149.31272888183594,108.04774475097656,51.9813346862793,115.22359466552734,63.03019714355469,44.36441802978516,27.434043884277344,48.10295486450195,13.861285209655762,8.28050708770752,4.803034782409668,11.356823921203612
2024-06-29,AL022024,43.0,2024-07-02 18:00:00,3 days 18:00:00,15.75,-70.1,996.2,55.8,52.1817741394043,112.6517562866211,84.57022857666016,40.00401306152344,86.0081558227539,11.65658187866211,7.287502765655518,1.906879425048828,6.736093044281006,0.1727913171052932,0.0,0.0,0.0724914893507957
2024-06-29,AL022024,43.0,2024-07-03 00:00:00,4 days 00:00:00,16.28,-72.45,995.9,54.6,20.776456832885746,128.628173828125,100.06107330322266,53.37736511230469,98.2817153930664,18.526979446411133,12.726852416992188,6.118093490600586,12.423791885375977,0.8301198482513428,0.0,0.0,0.5174780488014221
2024-06-29,AL022024,43.0,2024-07-03 06:00:00,4 days 06:00:00,16.66,-74.37,995.1,55.5,41.42928695678711,222.4680328369141,175.59832763671875,122.60343933105467,192.47976684570312,104.95220184326172,87.39488983154297,66.16783905029297,84.74981689453125,13.56202793121338,11.19713306427002,8.244833946228027,11.163679122924805
2024-06-29,AL022024,43.0,2024-07-03 12:00:00,4 days 12:00:00,16.68,-76.21,990.1,58.2,38.04891204833984,198.12155151367188,165.88543701171875,123.55057525634766,172.2651824951172,70.708251953125,58.62015914916992,47.01035690307617,57.47563171386719,8.76899242401123,8.057744979858398,6.509559631347656,7.816667079925537
2024-06-29,AL022024,43.0,2024-07-03 18:00:00,4 days 18:00:00,16.6,-77.61,994.1,55.1,30.84349632263184,104.4642105102539,86.3760986328125,57.20716094970703,88.84224700927734,25.76992416381836,20.021467208862305,14.04495906829834,19.32961845397949,0.4497564136981964,0.0,0.0,0.1170641332864761
2024-06-29,AL022024,43.0,2024-07-04 00:00:00,5 days 00:00:00,16.28,-80.3,1000.7,44.9,62.8078498840332,124.79174041748048,103.48126220703124,65.60478210449219,96.9141616821289,2.678062915802002,0.2471822202205658,0.0,1.202952861785889,0.2043273448944091,0.0671583116054534,0.0,0.1594798415899276
2024-06-29,AL022024,43.0,2024-07-04 06:00:00,5 days 06:00:00,16.07,-82.18,1002.6,39.9,56.20305252075195,21.673927307128903,13.752089500427246,1.1629207134246826,15.647253036499023,0.313593715429306,0.0296802017837762,0.0,0.1060521006584167,0.1224189028143882,0.0490843318402767,0.0,0.0941461697220802
2024-06-29,AL022024,43.0,2024-07-04 12:00:00,5 days 12:00:00,16.31,-84.12,998.6,45.8,44.33159637451172,96.33673095703124,80.79573822021484,49.81020736694336,77.25580596923828,5.104865074157715,2.8420510292053223,0.5063405632972717,3.148115873336792,0.00955022405833,0.0,0.0,0.0066306483931839
2024-06-29,AL022024,43.0,2024-07-04 18:00:00,5 days 18:00:00,16.75,-85.34,1000.6,46.1,35.463844299316406,66.7217788696289,52.247371673583984,24.3477725982666,50.486473083496094,3.432586908340454,1.669836401939392,0.0,1.648017406463623,0.0179547313600778,0.0,0.0,0.0
2024-06-29,AL022024,43.0,2024-07-05 00:00:00,6 days 00:00:00,16.78,-86.89,1000.6,46.6,73.79732513427734,39.128814697265625,27.995586395263672,8.493993759155273,27.997642517089844,2.834219455718994,0.6687248945236206,0.0,1.2424848079681396,0.2375445514917373,0.0,0.0,0.110297605395317
2024-06-29,AL022024,43.0,2024-07-05 06:00:00,6 days 06:00:00,17.06,-88.43,996.4,49.5,37.09479141235352,119.10116577148438,100.5739517211914,74.6960678100586,100.99909973144533,18.18187522888184,15.093626022338867,8.862249374389648,13.858245849609377,0.1675075143575668,0.0,0.0,0.0
2024-06-29,AL022024,43.0,2024-07-05 12:00:00,6 days 12:00:00,16.93,-90.48,1000.2,36.9,44.38106918334961,41.53535079956055,35.98538589477539,26.789888381958008,36.185096740722656,1.9267690181732176,1.6150041818618774,1.4947826862335205,1.6192986965179443,0.5101362466812134,0.4898185729980469,0.515876293182373,0.5038925409317017
2024-06-29,AL022024,43.0,2024-07-05 18:00:00,6 days 18:00:00,17.47,-92.28,1003.1,38.2,83.04505920410156,33.50175857543945,30.16592025756836,18.421518325805664,27.295530319213867,2.2109100818634038,2.067903518676758,1.6610188484191897,1.7275776863098145,0.0,0.0,0.0,0.0971429422497749
2024-06-29,AL022024,43.0,2024-07-06 00:00:00,7 days 00:00:00,17.59,-94.16,1003.3,36.6,99.25289916992188,32.725791931152344,24.042293548583984,12.329774856567385,22.965850830078125,0.9283788204193116,0.2491465061903,0.0,0.6443673372268677,0.3045668601989746,0.1325613111257553,0.04204623401165,0.2795207500457763
2024-06-29,AL022024,43.0,2024-07-06 06:00:00,7 days 06:00:00,16.9,-95.72,1001.8,34.8,52.91405487060547,29.74747467041016,23.997608184814453,19.957639694213867,26.19165802001953,6.094796180725098,6.181687355041504,4.234501838684082,4.837952136993408,0.5572197437286377,0.4931455850601196,0.5207221508026123,0.6574015021324158
2024-06-29,AL022024,43.0,2024-07-06 12:00:00,7 days 12:00:00,16.39,-97.78,1005.1,30.7,94.48844909667967,1.1371136903762815,6.566160202026367,3.638202667236328,1.3596271276474,0.3624426126480102,1.2683168649673462,1.317503809928894,0.6121588349342346,0.0,0.0769940763711929,0.1712291985750198,0.1103725582361221
2024-06-29,AL022024,43.0,2024-07-06 18:00:00,7 days 18:00:00,16.11,-100.2,1007.2,27.7,84.5419692993164,0.0,3.183268785476685,0.0,0.0,0.5721095204353333,1.0368342399597168,0.93990296125412,0.3088514506816864,0.0,0.0,0.0122816041111946,0.0
2024-06-29,AL022024,44.0,2024-06-29 00:00:00,0 days 00:00:00,9.2,-43.1,1006.0,35.0,74.07997303488982,74.07997303488982,0.0,0.0,74.07997303488982,,,,,,,,
2024-06-29,AL022024,44.0,2024-06-29 06:00:00,0 days 06:00:00,9.54,-45.14,999.4,51.5,34.734500885009766,39.563926696777344,28.27802085876465,13.12537670135498,34.45675277709961,14.922243118286133,10.22804069519043,5.500567436218262,11.028151512145996,1.184517502784729,0.0,0.0,0.9193047881126404
2024-06-29,AL022024,44.0,2024-06-29 12:00:00,0 days 12:00:00,9.75,-46.79,990.9,65.0,13.98621654510498,70.41908264160156,49.119140625,32.05519485473633,61.99909591674805,33.81853103637695,24.736608505249023,17.687589645385742,27.80133438110352,9.36786937713623,5.949154853820801,4.195732593536377,8.008674621582031
2024-06-29,AL022024,44.0,2024-06-29 18:00:00,0 days 18:00:00,10.15,-48.6,984.1,75.9,46.48357009887695,87.8727798461914,62.38931274414063,40.554420471191406,74.1058349609375,39.12074661254883,27.572643280029297,20.399259567260746,32.18327713012695,11.29763126373291,7.554858684539795,5.8100786209106445,9.91026496887207
2024-06-29,AL022024,44.0,2024-06-30 00:00:00,1 days 00:00:00,10.45,-50.2,973.7,89.6,25.84213256835937,120.9028091430664,91.48685455322266,59.79844284057617,104.0865707397461,60.82759475708008,46.62172317504883,36.20261001586914,52.19810104370117,29.97467041015625,24.117494583129883,19.67776870727539,26.433629989624023
2024-06-29,AL022024,44.0,2024-06-30 06:00:00,1 days 06:00:00,10.71,-51.91,970.5,93.5,19.30869674682617,138.11917114257812,108.35348510742188,80.19454956054688,122.24713134765624,72.32328033447266,58.52525329589844,47.19011306762695,62.95600509643555,35.17720031738281,29.492631912231445,24.365310668945312,31.005088806152344
2024-06-29,AL022024,44.0,2024-06-30 12:00:00,1 days 12:00:00,10.96,-53.9,976.3,89.3,31.389183044433597,118.70960235595705,88.8668212890625,57.560813903808594,101.15843963623048,58.698150634765625,44.50835037231445,34.1502799987793,50.70906066894531,31.84688377380371,25.7177848815918,20.650915145874023,27.85275650024414
2024-06-29,AL022024,44.0,2024-06-30 18:00:00,1 days 18:00:00,11.2,-55.58,973.2,92.3,25.11328887939453,103.33321380615234,77.02243041992188,44.034271240234375,84.35820007324219,45.46073913574219,32.13413619995117,23.645835876464844,37.98180389404297,22.784236907958984,17.282262802124023,13.630162239074709,20.20244789123535
2024-06-29,AL022024,44.0,2024-07-01 00:00:00,2 days 00:00:00,10.96,-57.35,965.8,97.9,32.23373031616211,136.58091735839844,104.08767700195312,70.02495574951172,119.85579681396484,66.1033935546875,49.92290115356445,39.04594421386719,57.02677154541016,30.932104110717773,24.77685546875,20.29483795166016,27.654964447021484
2024-06-29,AL022024,44.0,2024-07-01 06:00:00,2 days 06:00:00,11.36,-59.09,952.8,117.1,26.699331283569336,151.25872802734375,112.78852081298828,72.20600891113281,126.01065063476562,73.34197998046875,54.22454071044922,41.72395706176758,63.49625778198242,37.407447814941406,29.591136932373047,24.12670516967773,33.41040802001953
2024-06-29,AL022024,44.0,2024-07-01 12:00:00,2 days 12:00:00,12.22,-60.99,953.3,117.6,23.2911434173584,118.12000274658205,84.77964782714844,38.78925704956055,97.00772094726562,53.1767578125,32.250511169433594,21.6099796295166,44.704811096191406,27.67793655395508,18.838787078857425,14.55268383026123,25.07775115966797
2024-06-29,AL022024,44.0,2024-07-01 18:00:00,2 days 18:00:00,12.46,-62.82,948.1,121.5,34.56687927246094,174.8946533203125,139.4465789794922,82.39878845214844,151.26724243164062,87.02701568603516,67.67611694335938,53.070533752441406,75.13674926757812,48.29116439819336,40.439483642578125,33.58139419555664,43.45886993408203
2024-06-29,AL022024,44.0,2024-07-02 00:00:00,3 days 00:00:00,13.23,-64.63,966.3,102.9,35.53325653076172,184.79244995117188,137.40182495117188,76.12216186523438,151.5715789794922,82.49050903320312,61.165260314941406,43.63063049316406,68.84259796142578,40.05360794067383,31.728214263916016,25.076993942260746,35.070884704589844
2024-06-29,AL022024,44.0,2024-07-02 06:00:00,3 days 06:00:00,14.1,-66.52,964.8,102.9,20.816143035888672,149.58067321777344,111.14134216308594,58.83961868286133,119.2477035522461,65.7695541381836,47.806297302246094,33.33733367919922,54.90760803222656,31.1474723815918,23.921463012695312,18.51843643188477,27.218324661254883
2024-06-29,AL022024,44.0,2024-07-02 12:00:00,3 days 12:00:00,14.95,-68.39,962.8,106.1,41.033050537109375,162.95021057128906,123.30184936523438,50.53223419189453,124.95464324951172,73.79193115234375,51.3102912902832,32.981990814208984,59.00743103027344,33.24290466308594,24.6766357421875,18.42807388305664,28.779098510742188
2024-06-29,AL022024,44.0,2024-07-02 18:00:00,3 days 18:00:00,15.35,-70.81,971.6,88.8,16.18587303161621,181.10255432128903,154.91151428222656,102.7824249267578,152.49281311035156,92.13540649414062,76.6147689819336,60.02033233642578,75.23080444335938,30.00920295715332,26.10774803161621,21.78172492980957,25.81970977783203
2024-06-29,AL022024,44.0,2024-07-03 00:00:00,4 days 00:00:00,15.55,-73.36,994.8,60.6,56.65475845336914,196.84201049804688,156.65753173828125,89.46312713623047,155.95944213867188,54.53976440429688,42.07760620117188,25.180334091186523,39.9721565246582,0.4749512672424316,0.0,0.0,0.0
2024-06-29,AL022024,44.0,2024-07-03 06:00:00,4 days 06:00:00,15.75,-75.68,996.3,58.4,29.518688201904297,126.2908935546875,91.36941528320312,49.304595947265625,102.46582794189452,50.74620819091797,37.459590911865234,24.12634658813477,38.94639587402344,5.84511137008667,2.43704891204834,0.4724075198173523,4.219881534576416
2024-06-29,AL022024,44.0,2024-07-03 12:00:00,4 days 12:00:00,16.06,-77.57,993.8,60.7,28.976428985595703,172.86106872558594,129.712646484375,77.89066314697266,140.91754150390625,67.33946228027344,52.75981521606445,36.917266845703125,52.36891174316406,3.9034245014190674,1.3555911779403689,0.01103728543967,2.7861428260803223
2024-06-29,AL022024,44.0,2024-07-03 18:00:00,4 days 18:00:00,16.22,-79.54,996.3,61.1,43.23909759521485,122.7611846923828,88.78520965576172,46.12643814086914,99.82593536376952,42.8271713256836,30.83364486694336,19.173969268798828,32.23198699951172,2.81081771850586,0.3713562190532684,0.0,2.203970193862915
2024-06-29,AL022024,44.0,2024-07-04 00:00:00,5 days 00:00:00,15.67,-81.69,991.8,57.5,38.07172775268555,154.4744415283203,137.99269104003906,96.86170959472656,126.54749298095705,40.54798126220703,33.72952651977539,25.07634735107422,31.342435836791992,5.601263523101807,4.615399360656738,3.6461782455444336,4.619763374328613
2024-06-29,AL022024,44.0,2024-07-04 06:00:00,5 days 06:00:00,15.85,-82.68,995.0,53.6,52.05352020263672,226.7221527099609,200.4582977294922,153.66790771484375,192.8665008544922,60.94709014892578,51.25457763671875,39.42766952514648,47.38957214355469,0.759722888469696,0.713201105594635,0.2771689891815185,0.345317006111145
2024-06-29,AL022024,44.0,2024-07-04 12:00:00,5 days 12:00:00,16.01,-84.68,996.8,45.1,39.87759780883789,36.56660079956055,28.16680335998535,18.15347671508789,31.97677230834961,5.298530101776123,3.1960701942443848,2.183506488800049,4.18812894821167,0.9314426779747008,0.6888577938079834,0.4893603026866913,1.0329289436340332
2024-06-29,AL022024,44.0,2024-07-04 18:00:00,5 days 18:00:00,16.64,-86.19,1001.7,45.3,42.62680816650391,137.506591796875,113.47660064697266,74.39575958251953,112.6021957397461,19.40941047668457,15.148011207580566,8.682193756103516,13.737793922424316,0.0,0.0,0.0,0.0
2024-06-29,AL022024,44.0,2024-07-05 00:00:00,6 days 00:00:00,16.79,-87.95,995.8,54.5,51.35508346557617,123.68140411376952,99.32942199707033,63.89068984985352,102.7314224243164,36.0388298034668,27.650691986083984,17.195667266845703,27.68678474426269,1.829406976699829,0.0868477299809455,0.0,1.5030468702316284
2024-06-29,AL022024,44.0,2024-07-05 06:00:00,6 days 06:00:00,17.19,-89.76,997.7,43.3,27.57218360900879,23.871828079223636,15.739657402038574,6.898303508758545,20.806047439575195,1.3719991445541382,0.9455313682556152,0.0737246200442314,0.9225903153419496,0.2572776675224304,0.199951946735382,0.203340008854866,0.3160482048988342
2024-06-29,AL022024,44.0,2024-07-05 12:00:00,6 days 12:00:00,17.05,-91.11,1001.7,34.4,44.42120361328125,43.78377151489258,35.801273345947266,25.26007652282715,35.27544021606445,1.5915817022323608,1.1579525470733645,0.1310974806547165,1.2043455839157104,1.0237761735916138,0.7488378882408142,0.6617069244384766,0.9650685787200928
2024-06-29,AL022024,44.0,2024-07-05 18:00:00,6 days 18:00:00,18.06,-92.03,1001.7,41.4,47.67275238037109,67.58596801757812,53.23956680297852,39.42800521850586,57.2098503112793,6.498071193695068,5.7282023429870605,3.8789217472076416,5.086731433868408,0.0,0.1929689198732376,0.1929720640182495,0.2212631404399871
2024-06-29,AL022024,44.0,2024-07-06 00:00:00,7 days 00:00:00,18.32,-93.54,1003.2,39.4,60.7575798034668,13.290616989135742,5.32433557510376,0.0,8.499655723571777,0.886683464050293,0.0,0.0,0.0067910132929682,0.0938365161418914,0.0,0.0,0.3550755977630615
2024-06-29,AL022024,44.0,2024-07-06 06:00:00,7 days 06:00:00,17.89,-94.35,1003.0,33.1,28.53962135314941,8.297295570373535,0.1928379237651825,0.0,6.624720096588135,1.0954471826553345,0.5455496907234192,0.0,0.792192280292511,0.6282833814620972,0.5311673879623413,0.4288948476314544,0.6672191023826599
2024-06-29,AL022024,44.0,2024-07-06 12:00:00,7 days 12:00:00,17.42,-95.43,1002.2,32.4,37.91751480102539,14.071986198425291,9.323684692382812,8.771038055419922,10.152509689331056,1.1932817697525024,1.9624240398406985,1.6951848268508911,0.9572057127952576,0.3232342898845672,0.6068373322486877,0.6744834780693054,0.4325602352619171
2024-06-29,AL022024,44.0,2024-07-06 18:00:00,7 days 18:00:00,17.45,-96.03,1007.9,22.3,40.967960357666016,0.5385346412658691,0.0,0.0,0.0,1.2280550003051758,0.6340556144714355,0.3935425281524658,0.7889066338539124,0.5425173044204712,0.3988908231258392,0.1768388897180557,0.5721697211265564
2024-06-29,AL022024,45.0,2024-06-29 00:00:00,0 days 00:00:00,9.2,-43.1,1006.0,35.0,74.07997303488982,74.07997303488982,0.0,0.0,74.07997303488982,,,,,,,,
2024-06-29,AL022024,45.0,2024-06-29 06:00:00,0 days 06:00:00,9.51,-44.96,1001.6,48.1,55.03156661987305,87.10296630859375,66.44767761230469,41.6357307434082,71.41033935546875,9.491496086120604,6.403909683227539,2.172452449798584,6.060094833374023,0.0,0.0,0.0,0.0
2024-06-29,AL022024,45.0,2024-06-29 12:00:00,0 days 12:00:00,10.21,-46.62,990.1,68.4,16.412410736083984,90.0995635986328,65.62764739990234,39.00419235229492,74.83228302001953,42.358489990234375,31.751903533935547,22.07433319091797,33.84236526489258,9.27540397644043,5.932851314544678,3.894046068191528,7.732635021209717
2024-06-29,AL022024,45.0,2024-06-29 18:00:00,0 days 18:00:00,10.7,-48.61,969.6,94.0,30.25233268737793,114.66397857666016,91.55951690673828,64.49406433105469,103.03565979003906,58.99844741821289,46.08794784545898,37.810672760009766,51.55929183959961,26.382478713989254,21.689498901367188,18.0324764251709,23.746492385864254
2024-06-29,AL022024,45.0,2024-06-30 00:00:00,1 days 00:00:00,11.04,-50.32,974.6,90.3,23.71083068847656,110.75675201416016,81.34174346923828,51.46004486083984,94.7978286743164,50.98004150390625,38.17313003540039,28.81674194335937,43.25181579589844,25.59278678894043,20.22160530090332,16.369314193725586,22.359214782714844
2024-06-29,AL022024,45.0,2024-06-30 06:00:00,1 days 06:00:00,11.22,-52.18,965.8,101.4,38.67527770996094,110.1824722290039,82.55740356445312,51.27130508422852,92.25039672851562,54.3665885925293,39.79798889160156,31.11722946166992,47.0974006652832,28.408632278442383,22.30051040649414,18.28065299987793,25.210214614868164
2024-06-29,AL022024,45.0,2024-06-30 12:00:00,1 days 12:00:00,11.53,-53.69,958.2,110.4,32.91797637939453,129.182373046875,92.92835235595705,56.45247650146485,107.75080871582033,63.027679443359375,44.74581909179688,34.014442443847656,53.96968460083008,30.373823165893555,22.998123168945312,18.48080444335937,27.378093719482425
2024-06-29,AL022024,45.0,2024-06-30 18:00:00,1 days 18:00:00,11.86,-55.45,966.7,100.2,19.308992385864254,132.30540466308594,100.67385864257812,63.81989669799805,113.64347839355467,60.786094665527344,43.73699951171875,34.117488861083984,51.56137847900391,24.206445693969727,18.431865692138672,14.773722648620604,21.637121200561523
2024-06-29,AL022024,45.0,2024-07-01 00:00:00,2 days 00:00:00,12.44,-57.1,973.5,87.1,14.099723815917969,115.82476043701172,98.95657348632812,74.12834930419922,99.06035614013672,54.96484756469727,45.33028793334961,35.56511306762695,45.96297073364258,21.315088272094727,18.002941131591797,15.285484313964844,18.6326961517334
2024-06-29,AL022024,45.0,2024-07-01 06:00:00,2 days 06:00:00,12.39,-58.85,987.3,73.3,22.06650733947754,129.13809204101562,91.69459533691406,53.48343276977539,107.73907470703124,63.50056076049805,45.14863586425781,30.972915649414062,51.64932632446289,20.193374633789062,13.96841049194336,9.633992195129396,17.05019187927246
2024-06-29,AL022024,45.0,2024-07-01 12:00:00,2 days 12:00:00,12.77,-60.76,988.4,70.0,18.603315353393555,115.47949981689452,80.3142318725586,37.86919403076172,92.07640838623048,49.06351089477539,33.040382385253906,18.902645111083984,38.003944396972656,13.728650093078612,7.99197244644165,4.655319213867188,11.18221664428711
2024-06-29,AL022024,45.0,2024-07-01 18:00:00,2 days 18:00:00,13.53,-62.56,983.6,79.9,41.21715927124024,116.9721450805664,81.06499481201172,34.37571716308594,91.8050537109375,51.388614654541016,34.68177795410156,21.637435913085938,40.64728164672852,20.754098892211918,14.397414207458496,10.043925285339355,17.520198822021484
2024-06-29,AL022024,45.0,2024-07-02 00:00:00,3 days 00:00:00,14.09,-64.07,973.3,92.1,15.55077838897705,162.08953857421875,122.5866928100586,68.52085876464844,131.1027069091797,77.94599151611328,58.3775520324707,40.697383880615234,64.00091552734375,31.461456298828125,23.94495964050293,17.985145568847656,27.026330947875977
2024-06-29,AL022024,45.0,2024-07-02 06:00:00,3 days 06:00:00,14.86,-66.15,974.3,90.4,47.01105117797852,159.3455047607422,118.98636627197266,59.70393753051758,127.31737518310548,74.2493667602539,55.46524810791016,38.5970344543457,61.1318588256836,34.62065124511719,27.39628028869629,21.02606773376465,29.882986068725582
2024-06-29,AL022024,45.0,2024-07-02 12:00:00,3 days 12:00:00,15.45,-68.17,964.8,104.6,14.707773208618164,186.6490020751953,139.9172821044922,73.4561538696289,155.72573852539062,90.5058364868164,69.13197326660156,49.63428497314453,76.74038696289062,47.79969024658203,39.178070068359375,30.92646598815918,41.657135009765625
2024-06-29,AL022024,45.0,2024-07-02 18:00:00,3 days 18:00:00,15.99,-70.38,979.2,85.1,41.97071075439453,149.3417510986328,105.9022979736328,46.57599639892578,118.42205810546876,66.01014709472656,46.52283477783203,30.84775161743164,53.79223251342773,32.45899200439453,24.769737243652344,18.431764602661133,27.816255569458008
2024-06-29,AL022024,45.0,2024-07-03 00:00:00,4 days 00:00:00,16.6,-72.54,969.7,92.8,5.956490516662598,133.25607299804688,92.8902587890625,44.08376693725586,105.89334106445312,60.29600143432617,41.82619857788086,27.821786880493164,50.718563079833984,34.63219451904297,26.1513729095459,19.787073135375977,30.068021774291992
2024-06-29,AL022024,45.0,2024-07-03 06:00:00,4 days 06:00:00,16.78,-74.17,986.1,74.6,46.955116271972656,136.2380828857422,96.36119842529295,53.01860046386719,112.36176300048828,66.80631256103516,49.68730163574219,35.245384216308594,56.05377960205078,32.71625900268555,25.942121505737305,19.73029518127441,27.80803108215332
2024-06-29,AL022024,45.0,2024-07-03 12:00:00,4 days 12:00:00,17.17,-76.3,987.1,73.5,42.33371353149414,144.3479461669922,97.26522827148438,48.42613983154297,114.57575988769533,65.56050109863281,46.09819030761719,30.27149772644043,54.81136322021485,32.764984130859375,24.636127471923828,18.085987091064453,27.89531517028809
2024-06-29,AL022024,45.0,2024-07-03 18:00:00,4 days 18:00:00,18.03,-78.32,980.1,85.2,50.09220504760742,147.0391387939453,106.2355499267578,46.33845520019531,111.9524917602539,68.83911895751953,48.16290283203125,31.189353942871094,54.406551361083984,28.92466354370117,21.22663116455078,15.481939315795898,24.366456985473636
2024-06-29,AL022024,45.0,2024-07-04 00:00:00,5 days 00:00:00,18.08,-80.2,989.8,69.0,14.705411911010742,134.5524444580078,93.57630920410156,44.45320510864258,108.91609954833984,59.042999267578125,40.8295783996582,26.15749740600586,46.55957412719727,13.73969554901123,8.063520431518555,4.707817554473877,11.215063095092772
2024-06-29,AL022024,45.0,2024-07-04 06:00:00,5 days 06:00:00,18.21,-82.53,995.4,64.7,64.6761474609375,154.65536499023438,115.3292236328125,58.50368881225586,121.81397247314452,54.68827819824219,41.32753372192383,25.37216567993164,40.839637756347656,2.099804401397705,0.0,0.0,1.1194971799850464
2024-06-29,AL022024,45.0,2024-07-04 12:00:00,5 days 12:00:00,18.6,-84.44,998.0,58.1,61.839111328125,113.36679077148438,83.41752624511719,37.98980331420898,89.10110473632812,25.65677261352539,18.754295349121094,9.36446762084961,17.711366653442383,0.312214195728302,0.0,0.0,0.0
2024-06-29,AL022024,45.0,2024-07-04 18:00:00,5 days 18:00:00,18.93,-85.79,994.9,59.5,61.43642044067383,104.86455535888672,78.69890594482422,36.72888946533203,83.19886016845703,29.05901908874512,21.018796920776367,11.75501537322998,21.33846664428711,1.09488844871521,0.0,0.0,0.5971605181694031
2024-06-29,AL022024,45.0,2024-07-05 00:00:00,6 days 00:00:00,18.78,-87.23,997.0,60.7,69.6961669921875,112.89700317382812,84.63298797607422,37.39400863647461,87.74809265136719,31.46997833251953,23.303943634033203,11.258997917175291,22.288658142089844,0.8534369468688965,0.0,0.0,0.3657729625701904
2024-06-29,AL022024,45.0,2024-07-05 06:00:00,6 days 06:00:00,19.07,-88.81,1001.4,46.5,30.739561080932617,90.7924346923828,70.39006805419922,41.07403945922852,72.77401733398438,24.904821395874023,20.861793518066406,10.198419570922852,18.48089599609375,0.0,0.0,0.0,0.0
2024-06-29,AL022024,45.0,2024-07-05 12:00:00,6 days 12:00:00,19.16,-89.93,1007.7,33.3,131.67242431640625,26.15876579284668,16.64225196838379,1.528858661651611,14.062528610229492,0.0,0.0,0.0,0.0,0.2044444233179092,0.0556647591292858,0.0438166335225105,0.1836597472429275
2024-06-29,AL022024,45.0,2024-07-05 18:00:00,6 days 18:00:00,19.28,-91.73,1004.5,34.9,48.90938186645508,71.72866821289062,54.2510871887207,32.60399627685547,54.19840621948242,1.0764737129211426,0.455805093050003,0.0,0.8592479228973389,0.1210324466228485,0.2461893558502197,0.1810452342033386,0.159396231174469
2024-06-29,AL022024,45.0,2024-07-06 00:00:00,7 days 00:00:00,19.49,-92.57,1003.8,38.0,48.884708404541016,54.777099609375,38.53452301025391,20.1771297454834,42.493431091308594,1.2797694206237793,0.1000988706946373,0.0,0.5565293431282043,0.0399842336773872,0.1240669190883636,0.027373794466257,0.1091519594192504
2024-06-29,AL022024,45.0,2024-07-06 06:00:00,7 days 06:00:00,19.74,-94.17,1002.0,46.7,86.2273941040039,32.58134078979492,15.120373725891112,0.0,22.939191818237305,2.709779500961304,1.2366456985473633,0.0,1.3385225534439087,0.6105243563652039,0.2635325193405151,0.2236248552799224,0.4574626088142395
2024-06-29,AL022024,45.0,2024-07-06 12:00:00,7 days 12:00:00,19.62,-95.17,1003.7,39.0,84.91632843017578,62.06264877319336,44.44899368286133,22.576812744140625,46.93952178955078,2.305133581161499,0.5776908993721008,0.0,1.0433210134506226,0.3550390005111694,0.3383032381534576,0.2342552989721298,0.4686057269573211
2024-06-29,AL022024,45.0,2024-07-06 18:00:00,7 days 18:00:00,19.13,-95.97,1005.0,33.2,41.54707717895508,32.15913772583008,22.00590705871582,12.440613746643066,25.382997512817383,7.633022785186768,5.756163120269775,4.695642948150635,6.252085208892822,0.3584750592708587,0.1613258272409439,0.0511569343507289,0.4621852338314056
2024-06-29,AL022024,46.0,2024-06-29 00:00:00,0 days 00:00:00,9.2,-43.1,1006.0,35.0,74.07997303488982,74.07997303488982,0.0,0.0,74.07997303488982,,,,,,,,
2024-06-29,AL022024,46.0,2024-06-29 06:00:00,0 days 06:00:00,9.5,-44.92,995.0,59.5,45.77616500854492,79.00778198242188,58.95779037475586,36.42042922973633,65.95257568359375,22.37136650085449,16.47677230834961,10.459163665771484,17.179973602294922,1.139586091041565,0.0,0.0,0.9374808669090272
2024-06-29,AL022024,46.0,2024-06-29 12:00:00,0 days 12:00:00,9.75,-46.86,986.8,74.7,28.64023971557617,85.87291717529297,62.65056228637695,37.74276351928711,74.06209564208984,39.80423355102539,27.937244415283203,19.738513946533203,32.190433502197266,11.827425956726074,7.603860855102539,5.422533512115479,10.148192405700684
2024-06-29,AL022024,46.0,2024-06-29 18:00:00,0 days 18:00:00,9.67,-48.62,981.7,79.3,47.29022216796875,96.71239471435548,75.35694122314453,46.48365783691406,82.06587982177734,46.27366256713867,33.490238189697266,24.79503631591797,37.90544128417969,18.34087371826172,13.633079528808594,10.639628410339355,15.902875900268556
2024-06-29,AL022024,46.0,2024-06-30 00:00:00,1 days 00:00:00,10.22,-50.32,985.6,76.9,32.838768005371094,91.68417358398438,65.60262298583984,38.122554779052734,75.8755874633789,44.26636505126953,31.182079315185547,22.724437713623047,36.108524322509766,17.242589950561523,12.315739631652832,9.308686256408691,14.92048168182373
2024-06-29,AL022024,46.0,2024-06-30 06:00:00,1 days 06:00:00,10.54,-51.99,960.9,105.3,16.08110809326172,99.02191925048828,70.84918212890625,47.53416442871094,85.95306396484375,49.60411071777344,35.50745391845703,29.00115966796875,44.28252029418945,26.004180908203125,20.060523986816406,16.583967208862305,23.706850051879883
2024-06-29,AL022024,46.0,2024-06-30 12:00:00,1 days 12:00:00,10.74,-53.46,962.4,105.7,24.24513053894043,119.181396484375,90.9016571044922,64.18753814697266,101.41297912597656,56.9734001159668,43.00545501708984,34.2138786315918,49.88528823852539,31.41518783569336,25.266511917114254,20.980884552001957,28.01914978027344
2024-06-29,AL022024,46.0,2024-06-30 18:00:00,1 days 18:00:00,11.12,-55.22,971.6,93.5,25.277362823486328,132.1237335205078,99.58734130859376,58.38890838623047,108.4677734375,63.177764892578125,47.17938232421875,34.572750091552734,52.38957595825195,30.820728302001957,24.419368743896484,19.51219940185547,26.8471736907959
2024-06-29,AL022024,46.0,2024-07-01 00:00:00,2 days 00:00:00,11.66,-56.82,963.8,103.4,38.72962188720703,136.36155700683594,105.0243682861328,68.53547668457031,116.22661590576172,66.87721252441406,50.13671875,39.41426467895508,57.94340515136719,36.08193588256836,29.03558158874512,23.74151611328125,32.21548843383789
2024-06-29,AL022024,46.0,2024-07-01 06:00:00,2 days 06:00:00,11.99,-58.47,948.6,119.1,22.81658363342285,136.86505126953125,108.55857849121094,71.38809204101562,120.85205078125,67.73389434814453,50.48963165283203,41.34408950805664,59.316017150878906,36.32340621948242,29.391681671142575,24.543874740600582,32.96339797973633
2024-06-29,AL022024,46.0,2024-07-01 12:00:00,2 days 12:00:00,12.81,-59.98,948.3,120.5,20.94463157653809,157.2977752685547,127.71631622314452,80.1329345703125,138.4264373779297,78.99685668945312,60.21934509277344,46.77874755859375,68.74407958984375,38.71333694458008,31.16383171081543,25.47076797485352,35.05028533935547
2024-06-29,AL022024,46.0,2024-07-01 18:00:00,2 days 18:00:00,12.95,-61.89,943.4,127.0,32.27579879760742,171.4627685546875,136.8595428466797,82.87279510498047,149.57608032226562,84.9034423828125,65.50531768798828,51.437625885009766,74.42384338378906,49.250030517578125,40.89698028564453,34.05610275268555,44.59342575073242
2024-06-29,AL022024,46.0,2024-07-02 00:00:00,3 days 00:00:00,13.43,-63.62,964.8,99.6,22.71410751342773,204.32748413085935,155.6324005126953,96.67512512207033,172.85264587402344,98.5551300048828,76.09024047851562,56.6737174987793,83.0594711303711,45.172630310058594,36.780517578125,29.20433616638184,39.45072937011719
2024-06-29,AL022024,46.0,2024-07-02 06:00:00,3 days 06:00:00,14.28,-65.71,959.0,109.7,41.3640251159668,160.98545837402344,119.9968032836914,69.03087615966797,133.13893127441406,74.5590591430664,54.30477523803711,40.65691375732422,62.80185317993164,35.690616607666016,27.92667579650879,22.2893123626709,31.43022727966309
2024-06-29,AL022024,46.0,2024-07-02 12:00:00,3 days 12:00:00,14.77,-67.45,958.8,109.8,14.62513256072998,179.6935272216797,132.25779724121094,69.56513977050781,147.8911895751953,87.69974517822266,64.68741607666016,46.282413482666016,73.85106658935547,42.85335540771485,33.94171905517578,26.90157127380371,37.56349182128906
2024-06-29,AL022024,46.0,2024-07-02 18:00:00,3 days 18:00:00,15.24,-69.61,975.4,89.7,42.35029983520508,162.2969970703125,112.49533081054688,55.930946350097656,134.69651794433594,73.97465515136719,52.19356918334961,36.17695999145508,61.5622444152832,34.66007232666016,26.48811912536621,20.096969604492188,29.90195083618164
2024-06-29,AL022024,46.0,2024-07-03 00:00:00,4 days 00:00:00,15.48,-71.6,964.2,97.9,22.940948486328125,202.5408172607422,155.99142456054688,101.61882781982422,176.66844177246094,98.35803985595705,78.59336853027344,61.18812942504883,84.78321075439453,45.94944381713867,38.884368896484375,31.24195671081543,40.58847427368164
2024-06-29,AL022024,46.0,2024-07-03 06:00:00,4 days 06:00:00,15.73,-73.76,984.8,74.9,21.958477020263672,138.5824432373047,95.29444885253906,49.235801696777344,115.5231704711914,63.74561309814453,45.287227630615234,29.76011848449707,50.46601104736328,13.711259841918944,8.314072608947754,5.0554280281066895,11.446309089660645
2024-06-29,AL022024,46.0,2024-07-03 12:00:00,4 days 12:00:00,16.05,-75.87,988.9,66.9,46.97949981689453,94.82160949707033,61.97333908081055,27.73725891113281,76.44573211669922,30.15272331237793,19.99673843383789,11.13547420501709,23.38895797729492,4.920166015625,1.956988215446472,0.5040768384933472,4.318902969360352
2024-06-29,AL022024,46.0,2024-07-03 18:00:00,4 days 18:00:00,16.24,-78.25,989.8,66.0,19.055891036987305,125.46719360351562,88.8183364868164,44.623146057128906,103.21967315673828,51.42758560180664,36.53709030151367,22.797557830810547,40.046268463134766,12.462388038635254,7.767112731933594,4.802809715270996,10.090937614440918
2024-06-29,AL022024,46.0,2024-07-04 00:00:00,5 days 00:00:00,16.27,-80.21,991.1,66.7,23.61113548278809,130.72340393066406,93.76832580566406,51.18313217163086,108.90206909179688,62.99895858764648,47.22595977783203,32.03865432739258,52.32063293457031,27.616230010986328,21.46331214904785,15.959158897399902,23.27256202697754
2024-06-29,AL022024,46.0,2024-07-04 06:00:00,5 days 06:00:00,16.05,-82.22,993.2,61.2,22.085693359375,74.2635726928711,52.10106658935547,30.611909866333008,66.00164794921875,29.015485763549805,21.644380569458008,13.849787712097168,22.84131622314453,2.5092248916625977,0.5383429527282715,0.0,2.5259621143341064
2024-06-29,AL022024,46.0,2024-07-04 12:00:00,5 days 12:00:00,16.04,-83.81,994.1,57.0,30.4728946685791,104.28881072998048,78.4832763671875,51.62440872192383,92.37860107421876,47.597049713134766,35.79137420654297,25.067951202392575,38.99311828613281,11.570460319519045,7.688954830169678,4.910839080810547,9.677901268005373
2024-06-29,AL022024,46.0,2024-07-04 18:00:00,5 days 18:00:00,16.04,-85.65,1000.4,48.0,28.043737411499023,50.67408752441406,41.771141052246094,20.322633743286133,39.99137878417969,7.041935443878174,4.568614959716797,1.0496737957000732,4.572556018829346,0.2626103460788727,0.0,0.0,0.1066029220819473
2024-06-29,AL022024,46.0,2024-07-05 00:00:00,6 days 00:00:00,15.69,-87.13,1000.1,44.8,32.282867431640625,79.3036880493164,65.62470245361328,42.42909240722656,63.55327987670898,15.432901382446287,12.701723098754885,6.240467548370361,11.588824272155762,0.0,0.0,0.0,0.0
2024-06-29,AL022024,46.0,2024-07-05 06:00:00,6 days 06:00:00,15.25,-88.79,1000.2,39.0,58.99347305297852,19.82475852966309,13.156826972961426,6.072000503540039,14.720538139343262,1.2065972089767456,0.2276569753885269,0.0,0.3744462430477142,0.5379284024238586,0.3162518441677093,0.0087197758257389,0.608470618724823
2024-06-29,AL022024,46.0,2024-07-05 12:00:00,6 days 12:00:00,15.22,-90.1,1006.3,26.9,96.9140396118164,0.0,2.3809311389923096,0.0,0.0,0.0,0.0,0.1725959926843643,0.0,0.08272086083889,0.0988412275910377,0.1451943963766098,0.4370022416114807
2024-06-29,AL022024,47.0,2024-06-29 00:00:00,0 days 00:00:00,9.2,-43.1,1006.0,35.0,74.07997303488982,74.07997303488982,0.0,0.0,74.07997303488982,,,,,,,,
2024-06-29,AL022024,47.0,2024-06-29 06:00:00,0 days 06:00:00,9.51,-45.01,994.3,56.9,21.77472305297852,58.1396369934082,44.3935775756836,27.92878532409668,49.9770393371582,17.013198852539062,13.058366775512695,7.892201900482178,12.966346740722656,0.234704777598381,0.0,0.0,0.122259184718132
2024-06-29,AL022024,47.0,2024-06-29 12:00:00,0 days 12:00:00,10.31,-46.74,985.3,72.9,14.591551780700684,83.63433837890625,60.40869140625,38.76301574707031,74.2728500366211,41.15154647827149,30.42795181274414,22.06590843200684,34.16728591918945,14.390288352966309,10.29417610168457,7.713984966278076,12.43897533416748
2024-06-29,AL022024,47.0,2024-06-29 18:00:00,0 days 18:00:00,10.4,-47.99,975.2,85.0,46.19415664672852,121.81210327148438,106.2612075805664,81.11084747314453,106.5475082397461,59.884422302246094,51.065555572509766,42.3276596069336,50.59818649291992,22.875043869018555,20.636186599731445,18.081052780151367,20.027027130126957
2024-06-29,AL022024,47.0,2024-06-30 00:00:00,1 days 00:00:00,11.01,-49.83,990.6,68.5,43.37050628662109,105.58670043945312,77.4028549194336,48.53228759765625,88.79682922363281,47.63558197021485,35.2381591796875,24.62677574157715,37.64501953125,11.254347801208496,7.503482818603516,5.433691501617432,9.396642684936523
2024-06-29,AL022024,47.0,2024-06-30 06:00:00,1 days 06:00:00,11.12,-51.73,978.7,83.0,22.964359283447266,89.51335144042969,63.90373229980469,41.7012825012207,76.12580871582031,43.4737663269043,31.836217880249023,24.689010620117188,37.62555313110352,24.170215606689453,19.26422691345215,15.75076961517334,21.3526668548584
2024-06-29,AL022024,47.0,2024-06-30 12:00:00,1 days 12:00:00,11.04,-53.3,965.0,103.2,34.643577575683594,120.40577697753906,93.80272674560548,65.9620590209961,104.16661071777344,60.963966369628906,48.7275619506836,40.03363800048828,54.089351654052734,35.08538055419922,29.547199249267575,24.751548767089844,31.24376106262207
2024-06-29,AL022024,47.0,2024-06-30 18:00:00,1 days 18:00:00,11.36,-54.88,960.9,106.2,20.1219482421875,119.08866119384766,93.05633544921876,62.31992721557617,100.62760162353516,56.76264953613281,42.403358459472656,34.74898910522461,49.48189926147461,26.51527976989746,21.089580535888672,17.569686889648438,23.965574264526367
2024-06-29,AL022024,47.0,2024-07-01 00:00:00,2 days 00:00:00,11.61,-56.61,959.7,105.6,20.204504013061523,142.1184539794922,114.5372085571289,81.492431640625,123.53927612304688,70.52131652832031,56.4294548034668,45.675025939941406,61.95420837402344,36.459739685058594,30.745868682861328,25.469751358032227,32.80067825317383
2024-06-29,AL022024,47.0,2024-07-01 06:00:00,2 days 06:00:00,11.94,-58.16,950.4,116.7,13.560240745544434,120.29178619384766,87.52818298339844,52.147560119628906,105.65950012207033,57.53622817993164,39.06001663208008,30.381872177124023,50.04059219360352,29.929035186767575,22.917449951171875,18.60202407836914,27.557519912719727
2024-06-29,AL022024,47.0,2024-07-01 12:00:00,2 days 12:00:00,12.49,-59.34,966.4,99.2,17.574831008911133,137.0302276611328,112.2733154296875,64.22415161132812,118.57891845703124,68.18036651611328,53.44577026367188,41.12003326416016,57.26367950439453,32.83814239501953,27.60480690002441,22.592607498168945,29.1782341003418
2024-06-29,AL022024,47.0,2024-07-01 18:00:00,2 days 18:00:00,13.09,-60.91,993.4,55.6,37.45548248291016,147.71194458007812,125.84026336669922,94.19190216064452,125.09369659423828,30.30052375793457,24.85522079467773,17.032468795776367,23.595638275146484,0.0,0.0,0.0,0.0
2024-06-29,AL022024,47.0,2024-07-02 00:00:00,3 days 00:00:00,13.88,-63.3,1000.6,52.6,70.73179626464844,137.86492919921875,107.37149047851562,60.083290100097656,108.3955307006836,16.859235763549805,11.596243858337402,4.197690486907959,10.387818336486816,0.0,0.0,0.0,0.0
2024-06-29,AL022024,47.0,2024-07-02 06:00:00,3 days 06:00:00,14.36,-65.24,996.4,56.7,30.46201515197754,113.3761749267578,84.31170654296875,45.48969650268555,91.128173828125,22.44403839111328,16.520313262939453,8.25708293914795,15.087956428527832,0.0,0.0,0.0,0.0
2024-06-29,AL022024,47.0,2024-07-02 12:00:00,3 days 12:00:00,15.16,-67.22,995.4,59.7,36.6818733215332,138.85086059570312,101.79438018798828,52.44043350219727,114.7674789428711,53.99277114868164,39.65345001220703,24.867868423461918,40.684112548828125,5.03688383102417,2.062642812728882,0.1383931040763855,3.662381172180176
2024-06-29,AL022024,47.0,2024-07-02 18:00:00,3 days 18:00:00,15.7,-69.7,993.6,63.9,52.60110855102539,173.29917907714844,125.1633758544922,64.87664794921875,137.94915771484375,87.39244842529297,66.640869140625,46.60975646972656,69.6112289428711,24.648622512817383,18.550935745239254,13.309785842895508,20.4357852935791
2024-06-29,AL022024,47.0,2024-07-03 00:00:00,4 days 00:00:00,15.82,-72.29,995.8,55.4,31.87646484375,170.6583251953125,135.19097900390625,84.29924774169922,137.9490203857422,41.57155990600586,32.53995895385742,20.8080997467041,30.57132339477539,0.6039171814918518,0.0,0.0,0.0594988688826561
2024-06-29,AL022024,47.0,2024-07-03 06:00:00,4 days 06:00:00,16.23,-74.92,1001.0,48.8,85.51166534423828,53.70153045654297,32.85566711425781,9.102007865905762,38.67422866821289,2.684767484664917,0.8934800028800964,0.0,0.976058065891266,0.2970363199710846,0.0791757628321647,0.0,0.246902197599411
2024-06-29,AL022024,47.0,2024-07-03 12:00:00,4 days 12:00:00,16.0,-76.96,1000.3,46.4,59.55474472045898,202.42886352539065,164.45884704589844,107.8116455078125,163.53294372558594,29.30414390563965,21.65206718444824,12.94633960723877,20.42642974853516,0.0,0.0,0.0,0.0
2024-06-29,AL022024,47.0,2024-07-03 18:00:00,4 days 18:00:00,16.32,-79.24,1000.0,49.6,46.44374847412109,165.58026123046875,129.0331268310547,72.99827575683594,132.20681762695312,21.46043968200684,14.545575141906738,6.297060966491699,14.050285339355469,0.0,0.0,0.0,0.0
2024-06-29,AL022024,47.0,2024-07-04 00:00:00,5 days 00:00:00,16.0,-81.64,1001.8,49.7,111.2896957397461,91.65384674072266,70.27113342285156,42.12388229370117,69.88038635253906,1.754455804824829,0.0,0.0,0.4622401297092438,0.147959753870964,0.0,0.0,0.0734815597534179
2024-06-29,AL022024,47.0,2024-07-04 06:00:00,5 days 06:00:00,16.28,-83.43,1001.7,43.0,61.62537384033203,121.3828582763672,101.10597229003906,70.96930694580078,99.46896362304688,2.058788299560547,0.3730977177619934,0.0,0.9643422961235046,0.0459159687161445,0.0545709952712059,0.0,0.0367638245224952
2024-06-29,AL022024,47.0,2024-07-04 12:00:00,5 days 12:00:00,15.78,-85.2,1004.5,36.6,84.20626068115234,9.961885452270508,4.052102565765381,0.0,5.242306709289551,0.1520285159349441,0.0,0.0,0.0,0.125201404094696,0.0,0.0,0.1318610459566116
2024-06-29,AL022024,47.0,2024-07-04 18:00:00,5 days 18:00:00,15.74,-87.58,1004.9,34.4,78.13760375976562,23.56440734863281,18.77604103088379,6.910520076751709,16.643836975097656,0.9306520819664,0.7524368762969971,0.0,0.2081004083156585,0.0071207829751074,0.0,0.0,0.0167649928480386
2024-06-29,AL022024,47.0,2024-07-05 00:00:00,6 days 00:00:00,15.91,-88.82,1005.4,31.8,86.88710021972656,4.53831148147583,1.5864218473434448,0.0,1.7858760356903076,1.0971022844314575,0.200069710612297,0.0,0.7217262387275696,0.0704117715358734,0.0378470458090305,0.0,0.0840543583035469
2024-06-29,AL022024,47.0,2024-07-05 06:00:00,6 days 06:00:00,15.12,-89.75,1003.3,28.4,46.38848876953125,2.464632511138916,0.0,1.7601540088653564,2.536862134933472,1.322182297706604,1.6265102624893188,1.155825138092041,1.281262755393982,0.4081558287143707,0.486840009689331,0.301207959651947,0.5126992464065552
2024-06-29,AL022024,48.0,2024-06-29 00:00:00,0 days 00:00:00,9.2,-43.1,1006.0,35.0,74.07997303488982,74.07997303488982,0.0,0.0,74.07997303488982,,,,,,,,
2024-06-29,AL022024,48.0,2024-06-29 06:00:00,0 days 06:00:00,9.32,-44.83,1001.4,49.7,42.74111175537109,42.73897552490234,29.516111373901367,11.301015853881836,34.73931121826172,3.425489664077759,1.1430017948150637,0.0,1.5381755828857422,0.0,0.0,0.0,0.0
2024-06-29,AL022024,48.0,2024-06-29 12:00:00,0 days 12:00:00,9.81,-46.69,993.1,65.0,30.416767120361328,64.84642028808594,43.77638626098633,25.176488876342773,55.48667526245117,30.968605041503903,21.858980178833008,15.05095100402832,25.40361213684082,11.152796745300291,7.600065231323242,5.571690559387207,9.494914054870604
2024-06-29,AL022024,48.0,2024-06-29 18:00:00,0 days 18:00:00,10.05,-48.69,978.5,81.3,26.58453750610352,91.28962707519533,71.59689331054688,47.68472671508789,81.3048095703125,47.549896240234375,36.73244857788086,28.843505859375,40.57157897949219,22.82428359985352,18.64626121520996,15.048619270324709,20.05599594116211
2024-06-29,AL022024,48.0,2024-06-30 00:00:00,1 days 00:00:00,10.54,-50.48,983.7,80.6,40.11122131347656,81.7776107788086,56.2962532043457,27.2801513671875,66.9192123413086,35.87130355834961,22.62413215637207,14.816123962402344,29.172605514526367,14.65629768371582,9.443078994750977,6.629907608032227,12.598328590393066
2024-06-29,AL022024,48.0,2024-06-30 06:00:00,1 days 06:00:00,10.54,-52.01,981.0,80.4,17.394880294799805,118.30957794189452,90.17119598388672,63.18204879760742,99.8813705444336,61.18751525878906,46.840579986572266,34.96296691894531,51.60517120361328,23.76961708068848,18.101062774658203,14.069241523742676,20.344682693481445
2024-06-29,AL022024,48.0,2024-06-30 12:00:00,1 days 12:00:00,11.03,-54.01,967.4,97.7,14.676931381225586,126.71797943115234,99.14920806884766,70.87288665771484,109.95555114746094,64.097412109375,50.52781677246094,40.4035758972168,55.5445556640625,30.61651611328125,24.866674423217773,20.5782470703125,27.163589477539062
2024-06-29,AL022024,48.0,2024-06-30 18:00:00,1 days 18:00:00,11.42,-55.62,976.8,87.9,37.1489143371582,119.90225982666016,93.6492919921875,58.77706527709961,100.79993438720705,59.894657135009766,45.4135856628418,34.3454475402832,51.15454864501953,31.21077919006348,25.089086532592773,20.0358943939209,27.16841506958008
2024-06-29,AL022024,48.0,2024-07-01 00:00:00,2 days 00:00:00,11.78,-57.07,959.7,109.6,37.22132873535156,133.7714080810547,106.51905059814452,69.6103515625,113.47112274169922,63.01481628417969,47.64420700073242,37.98201370239258,54.2645378112793,28.679161071777344,22.76329040527344,18.817523956298828,25.885671615600582
2024-06-29,AL022024,48.0,2024-07-01 06:00:00,2 days 06:00:00,12.19,-59.12,956.1,112.5,12.653800010681152,131.83987426757812,95.53892517089844,56.5960693359375,110.53130340576172,61.65906524658203,43.13302612304688,31.931678771972656,53.39509582519531,36.056434631347656,27.96460723876953,22.242998123168945,31.979162216186523
2024-06-29,AL022024,48.0,2024-07-01 12:00:00,2 days 12:00:00,12.4,-60.82,948.9,120.8,31.50047874450684,186.3876495361328,145.1623077392578,86.13076782226562,156.81771850585938,83.2889633178711,62.69639205932617,47.19350814819336,71.31497192382812,43.970794677734375,35.56137466430664,29.12345123291016,39.360958099365234
2024-06-29,AL022024,48.0,2024-07-01 18:00:00,2 days 18:00:00,12.93,-62.33,954.2,119.1,32.85195541381836,182.53868103027344,141.0676727294922,81.80799865722656,150.96737670898438,89.55250549316406,66.90089416503906,49.440528869628906,75.46595001220703,42.61631393432617,33.54697799682617,26.53064346313477,37.75015640258789
2024-06-29,AL022024,48.0,2024-07-02 00:00:00,3 days 00:00:00,13.68,-63.89,970.2,97.7,29.221582412719727,144.11070251464844,109.2893524169922,59.92135620117188,116.84493255615234,63.17075347900391,45.39679718017578,31.716676712036133,52.62603759765625,28.30557632446289,21.287229537963867,16.21567726135254,24.9356746673584
2024-06-29,AL022024,48.0,2024-07-02 06:00:00,3 days 06:00:00,14.53,-65.75,963.3,104.0,36.38875579833984,183.5176544189453,139.8148193359375,74.49694061279297,145.99781799316406,88.66259002685547,68.8430404663086,49.87408447265625,73.63201904296875,48.329689025878906,40.18056106567383,31.87778091430664,42.04030227661133
2024-06-29,AL022024,48.0,2024-07-02 12:00:00,3 days 12:00:00,15.34,-67.85,982.5,81.7,46.7245979309082,206.5025329589844,151.99607849121094,79.68540954589844,166.76759338378906,102.53009033203124,81.42102813720703,58.62040328979492,86.79872131347656,59.2061653137207,50.61370849609375,40.04215240478516,50.66959762573242
2024-06-29,AL022024,48.0,2024-07-02 18:00:00,3 days 18:00:00,15.73,-70.23,976.0,86.3,19.34419822692871,192.3581085205078,135.61622619628906,74.72599029541016,161.6492156982422,96.0592269897461,70.93968963623047,50.43710708618164,78.67469787597656,38.144287109375,29.97797393798828,22.876266479492188,32.67091369628906
2024-06-29,AL022024,48.0,2024-07-03 00:00:00,4 days 00:00:00,15.95,-72.27,987.3,67.1,24.88117790222168,165.54766845703125,120.19276428222656,65.85905456542969,135.07650756835938,69.63788604736328,50.10116958618164,31.84667015075684,54.40285110473633,12.955924034118652,6.995368480682373,3.188469171524048,10.319090843200684
2024-06-29,AL022024,48.0,2024-07-03 06:00:00,4 days 06:00:00,16.63,-74.35,993.5,63.2,52.642616271972656,127.84039306640624,87.83942413330078,41.70389175415039,102.74803161621094,54.31841659545898,38.003700256347656,22.98861312866211,41.9102668762207,14.847850799560549,9.632844924926758,6.003575325012207,12.17251682281494
2024-06-29,AL022024,48.0,2024-07-03 12:00:00,4 days 12:00:00,16.81,-76.37,991.7,62.6,31.651323318481445,168.68319702148438,126.935546875,72.65052032470703,137.90536499023438,61.35358428955078,46.7754135131836,29.93916320800781,46.895973205566406,4.400914192199707,1.3546465635299685,0.0,3.0261030197143555
2024-06-29,AL022024,48.0,2024-07-03 18:00:00,4 days 18:00:00,17.52,-77.91,997.6,57.9,70.31149291992188,122.15054321289062,91.73915100097656,51.47461700439453,100.5743179321289,34.46623992919922,25.917818069458008,15.856707572937012,26.631126403808597,2.276149272918701,0.499041348695755,0.0,1.663628339767456
2024-06-29,AL022024,48.0,2024-07-04 00:00:00,5 days 00:00:00,17.5,-79.49,997.8,55.7,58.33687973022461,151.7327423095703,115.69976043701172,70.32650756835938,121.50739288330078,52.07281494140625,38.98518753051758,26.153230667114254,40.409481048583984,4.53109073638916,1.742411494255066,0.0541443563997745,3.562171459197998
2024-06-29,AL022024,48.0,2024-07-04 06:00:00,5 days 06:00:00,18.2,-81.21,994.8,60.0,58.08248901367188,87.05811309814453,63.01760482788086,26.38702774047852,66.91768646240234,16.927785873413086,11.257183074951172,4.958514213562012,11.616579055786133,0.4547531604766845,0.0,0.0,0.269943356513977
2024-06-29,AL022024,48.0,2024-07-04 12:00:00,5 days 12:00:00,18.28,-83.08,1001.7,46.8,77.61319732666016,40.23391342163086,25.859962463378903,2.860509157180786,26.22358512878418,2.5068607330322266,0.786786675453186,0.0,0.8345139026641846,0.2759033739566803,0.0144483316689729,0.0,0.2043536603450775
2024-06-29,AL022024,48.0,2024-07-04 18:00:00,5 days 18:00:00,18.29,-84.7,999.2,45.3,50.10811996459961,151.1308135986328,127.60598754882812,81.30770874023438,120.05828094482422,7.763843059539795,4.354339122772217,1.1643601655960083,4.588459968566895,0.0,0.0,0.0,0.0
2024-06-29,AL022024,48.0,2024-07-05 00:00:00,6 days 00:00:00,18.28,-86.15,998.6,48.3,42.98031234741211,136.8527069091797,113.18505096435548,77.21585845947266,112.77893829345705,14.220958709716797,10.148425102233888,5.247998237609863,10.348445892333984,0.4090390503406524,0.0652051791548729,0.0,0.4117335975170135
2024-06-29,AL022024,48.0,2024-07-05 06:00:00,6 days 06:00:00,17.96,-87.62,1000.7,44.0,43.95176315307617,100.06985473632812,81.05635070800781,52.69874572753906,83.29558563232422,9.478939056396484,6.906708240509033,3.4702439308166504,5.921739101409912,0.0,0.0,0.0,0.0
2024-06-29,AL022024,48.0,2024-07-05 12:00:00,6 days 12:00:00,18.02,-88.54,999.8,41.2,59.74222183227539,69.2108154296875,58.115013122558594,35.01263427734375,52.31941223144531,0.8714703321456909,0.3767267167568207,0.0,0.5404634475708008,0.1893292069435119,0.0160405226051807,0.0454681999981403,0.0940379425883293
2024-06-29,AL022024,48.0,2024-07-05 18:00:00,6 days 18:00:00,18.34,-89.48,1007.1,30.5,107.4539794921875,10.795108795166016,7.848620891571045,0.0,4.532421588897705,0.1986258774995803,0.0134404832497239,0.080830879509449,0.0,0.0,0.2804411351680755,0.133853480219841,0.1918696612119674
2024-06-29,AL022024,48.0,2024-07-06 00:00:00,7 days 00:00:00,18.65,-90.81,1004.9,29.7,60.72477722167969,36.13336563110352,29.331148147583008,17.75146484375,25.29404067993164,0.0,0.0,0.0,0.0,0.0,0.1736967414617538,0.1311418265104293,0.1908933222293853
2024-06-29,AL022024,48.0,2024-07-06 06:00:00,7 days 06:00:00,18.75,-92.18,1005.4,25.5,54.88509750366211,2.617961168289185,1.0015534162521362,0.0,0.0,0.0,0.0,0.1147512048482894,0.0,0.0935490429401397,0.2268570363521576,0.2534905970096588,0.2388919293880462
2024-06-29,AL022024,48.0,2024-07-06 12:00:00,7 days 12:00:00,19.08,-93.01,1006.4,33.1,123.2920379638672,20.44798469543457,11.734333038330078,4.428041458129883,12.90507984161377,0.0905798077583313,0.0,0.3355552852153778,0.2381717562675476,0.0459552519023418,0.0164983309805393,0.0630389899015426,0.1163416281342506
2024-06-29,AL022024,48.0,2024-07-06 18:00:00,7 days 18:00:00,19.22,-93.62,1006.7,31.8,66.55178833007812,76.30879211425781,65.32347869873047,44.69690704345703,62.32880401611328,2.3859519958496094,1.63736891746521,1.0941734313964844,1.8846397399902344,0.0,0.0059299585409462,0.1155946403741836,0.080604150891304
2024-06-29,AL022024,49.0,2024-06-29 00:00:00,0 days 00:00:00,9.2,-43.1,1006.0,35.0,74.07997303488982,74.07997303488982,0.0,0.0,74.07997303488982,,,,,,,,
2024-06-29,AL022024,49.0,2024-06-29 06:00:00,0 days 06:00:00,9.76,-44.84,1002.6,41.9,77.91345977783203,21.670658111572266,10.63535976409912,6.092259883880615,15.67767333984375,0.0,0.0,0.0,0.0,0.0918876901268959,0.0452916175127029,0.0055216699838638,0.0640569180250167
2024-06-29,AL022024,49.0,2024-06-29 12:00:00,0 days 12:00:00,9.78,-46.47,1004.8,40.6,45.41496276855469,72.75420379638672,51.758914947509766,29.883405685424805,59.61265563964844,1.953886032104492,0.0652360916137695,0.0,0.7368316650390625,0.0,0.0,0.0,0.0
2024-06-29,AL022024,49.0,2024-06-29 18:00:00,0 days 18:00:00,9.92,-48.23,998.2,56.1,35.83712387084961,53.63603591918945,39.8562126159668,16.221607208251953,44.21049118041992,10.618234634399414,6.928934574127197,2.8906784057617188,6.8712477684021,0.0,0.0,0.0,0.0
2024-06-29,AL022024,49.0,2024-06-30 00:00:00,1 days 00:00:00,10.24,-49.88,996.7,60.8,32.20528793334961,97.26145935058594,71.1816177368164,42.306148529052734,81.89510345458984,35.35203170776367,25.761157989501957,16.010427474975586,26.79537010192871,3.072130918502808,0.7898059487342834,0.0,2.322192907333374
2024-06-29,AL022024,49.0,2024-06-30 06:00:00,1 days 06:00:00,10.21,-51.71,989.3,70.7,40.89896011352539,91.41686248779295,67.15460205078125,42.036922454833984,75.92518615722656,42.78071212768555,31.341508865356445,22.53598022460937,34.8038215637207,13.16148567199707,9.24495792388916,6.967679500579834,11.213115692138672
2024-06-29,AL022024,49.0,2024-06-30 12:00:00,1 days 12:00:00,10.68,-53.21,993.8,61.7,34.201778411865234,107.63617706298828,82.12535095214844,51.04207229614258,91.28887176513672,53.805274963378906,41.44896697998047,29.591827392578125,43.60999298095703,16.221952438354492,12.108136177062988,8.796346664428711,13.622950553894045
2024-06-29,AL022024,49.0,2024-06-30 18:00:00,1 days 18:00:00,11.12,-54.46,991.7,65.7,35.40128707885742,113.90562438964844,85.8240966796875,53.40797805786133,93.06634521484376,54.70269012451172,41.18272399902344,29.208820343017575,43.92257690429688,16.164945602416992,11.834969520568848,8.828158378601074,13.440629005432127
2024-06-29,AL022024,49.0,2024-07-01 00:00:00,2 days 00:00:00,11.71,-56.01,987.2,72.2,24.5456600189209,123.40921020507812,92.2225112915039,57.05693054199219,104.85105895996094,61.93328475952149,46.77653121948242,32.210750579833984,50.024410247802734,20.127592086791992,14.88056182861328,10.803692817687988,16.90384292602539
2024-06-29,AL022024,49.0,2024-07-01 06:00:00,2 days 06:00:00,11.92,-57.73,992.6,64.0,28.629886627197266,100.326904296875,77.22379302978516,45.07010269165039,82.62236022949219,32.64971160888672,23.33675575256348,13.82938003540039,24.202974319458008,2.571842670440674,0.290021538734436,0.0,1.7916570901870728
2024-06-29,AL022024,49.0,2024-07-01 12:00:00,2 days 12:00:00,12.69,-59.66,982.4,79.2,24.14827919006348,150.00950622558594,106.94298553466795,53.80628204345703,123.44947052001952,72.34544372558594,52.11748504638672,34.91879653930664,59.71407699584961,34.88162612915039,26.996994018554688,20.12354278564453,29.686363220214844
2024-06-29,AL022024,49.0,2024-07-01 18:00:00,2 days 18:00:00,12.61,-61.08,984.7,74.1,31.72439956665039,185.59494018554688,163.4011993408203,123.72551727294922,160.05397033691406,82.44795989990234,70.078125,55.65603256225586,67.60828399658203,16.88747215270996,14.45872688293457,11.886722564697266,14.20655345916748
2024-06-29,AL022024,49.0,2024-07-02 00:00:00,3 days 00:00:00,12.95,-63.65,997.4,57.9,65.65087127685547,124.4697494506836,93.7464599609375,53.85049819946289,100.8800811767578,54.895164489746094,41.74633026123047,27.82366752624512,42.15628433227539,8.509688377380371,5.1188645362854,3.251596450805664,6.637991428375244
2024-06-29,AL022024,49.0,2024-07-02 06:00:00,3 days 06:00:00,13.71,-65.55,999.7,53.3,90.26160430908205,63.8288688659668,43.2357063293457,15.642416000366213,45.08143997192383,1.681411623954773,0.0,0.0,0.2637366652488708,0.1664547175168991,0.0204552076756954,0.0,0.0560832135379314
2024-06-29,AL022024,49.0,2024-07-02 12:00:00,3 days 12:00:00,14.38,-67.84,1000.5,51.2,105.52930450439452,121.83435821533205,94.89015197753906,51.31421661376953,91.9067840576172,4.0486578941345215,0.9179121851921082,0.0,1.3733079433441162,0.171032577753067,0.0221244990825653,0.0,0.1357177048921585
2024-06-29,AL022024,49.0,2024-07-02 18:00:00,3 days 18:00:00,15.35,-69.97,999.3,50.4,80.54753112792969,26.387252807617188,14.42147731781006,0.0,15.409656524658203,1.4554355144500732,0.2433167695999145,0.0,0.1431988924741745,0.1702334880828857,0.1396239697933197,0.0358827747404575,0.1110464334487915
2024-06-29,AL022024,49.0,2024-07-03 00:00:00,4 days 00:00:00,16.08,-72.31,1000.1,50.0,67.59821319580078,75.26288604736328,55.660789489746094,23.73326301574707,56.80083465576172,4.7314324378967285,1.748728632926941,0.0,1.7136229276657104,0.3472267687320709,0.1332052797079086,0.0,0.2933281362056732
2024-06-29,AL022024,49.0,2024-07-03 06:00:00,4 days 06:00:00,16.83,-74.46,1000.6,49.2,78.38408660888672,95.18077850341795,69.68539428710938,35.127777099609375,69.76275634765625,2.7360482215881348,0.6001014113426208,0.0,0.8587197065353394,0.2105474323034286,0.1952497363090515,0.0,0.2731640934944153
2024-06-29,AL022024,49.0,2024-07-03 12:00:00,4 days 12:00:00,17.55,-76.2,1000.5,52.5,82.02550506591797,86.9931411743164,65.31798553466797,29.2808895111084,66.67037963867188,16.27461051940918,11.565522193908691,5.396800994873047,11.19403076171875,0.3619067966938019,0.0,0.0,0.0013540555955842
2024-06-29,AL022024,49.0,2024-07-03 18:00:00,4 days 18:00:00,17.71,-77.87,1000.9,50.9,40.64269256591797,191.0098419189453,155.60389709472656,98.43875885009766,155.89439392089844,63.16987609863281,51.507999420166016,35.4896125793457,48.04833984375,0.2452235221862793,0.0,0.0,0.0
2024-06-29,AL022024,49.0,2024-07-04 00:00:00,5 days 00:00:00,17.64,-79.5,1001.1,43.1,61.501220703125,176.8864288330078,147.4830322265625,95.62139892578124,140.6478729248047,8.188165664672852,4.306778907775879,1.1898833513259888,5.077425479888916,0.0,0.0,0.0,0.0
2024-06-29,AL022024,49.0,2024-07-04 06:00:00,5 days 06:00:00,18.49,-81.72,1002.5,48.3,106.5263214111328,42.79023742675781,25.892316818237305,2.740066766738892,28.916479110717773,1.5324454307556152,0.338436484336853,0.0,0.1572194993495941,0.1972060799598693,0.1150076389312744,0.0,0.1017628088593483
2024-06-29,AL022024,49.0,2024-07-04 12:00:00,5 days 12:00:00,18.78,-83.2,999.7,47.9,49.6799430847168,157.86212158203125,134.80300903320312,86.48393249511719,124.68040466308594,9.359320640563965,5.941904067993164,1.8991278409957888,5.637264251708984,0.0792756602168083,0.0,0.0,0.0364997386932373
2024-06-29,AL022024,49.0,2024-07-04 18:00:00,5 days 18:00:00,19.33,-85.07,1002.5,45.3,111.31114959716795,38.75874328613281,26.146337509155277,7.278586387634277,27.93384552001953,1.269486904144287,0.1871122121810913,0.0,0.2306651920080185,0.0623314343392849,0.1519490629434585,0.0321803912520408,0.1816620230674743
2024-06-29,AL022024,49.0,2024-07-05 00:00:00,6 days 00:00:00,18.96,-86.48,1000.4,47.0,48.56344604492188,119.5770492553711,98.52801513671876,60.6070442199707,95.78975677490234,4.303157806396484,1.5519620180130005,0.0,1.9506089687347408,0.1248530820012092,0.0,0.0,0.1373089402914047
2024-06-29,AL022024,49.0,2024-07-05 06:00:00,6 days 06:00:00,19.56,-87.95,1001.0,41.7,44.17046737670898,37.43891525268555,25.868370056152344,9.199801445007324,27.000978469848636,1.499515414237976,0.4482184648513794,0.0,0.8317137360572815,0.3417129516601562,0.0498185120522975,0.0772750824689865,0.2723424732685089
2024-06-29,AL022024,49.0,2024-07-05 12:00:00,6 days 12:00:00,19.89,-89.16,1004.7,35.0,101.30987548828124,14.299226760864258,8.758102416992188,0.0,3.810365915298462,0.419908344745636,0.0047298311255872,0.0,0.164263516664505,0.1542939841747284,0.184453397989273,0.1012163609266281,0.1904772967100143
2024-06-29,AL022024,49.0,2024-07-05 18:00:00,6 days 18:00:00,20.61,-91.18,1004.1,35.3,52.24474334716797,20.80489158630371,13.368492126464844,0.0,11.82636260986328,0.7377789616584778,0.1973616182804107,0.0,0.3952925503253937,0.1558649390935897,0.0989412739872932,0.0936315655708313,0.1494559943675995
2024-06-29,AL022024,49.0,2024-07-06 00:00:00,7 days 00:00:00,21.07,-92.6,1000.6,41.1,59.407257080078125,141.00914001464844,118.51693725585938,82.82685089111328,112.09234619140624,1.6627153158187866,0.0,0.0,0.4450315833091736,0.008960329927504,0.0539882145822048,0.059478785842657,0.2685653865337372
2024-06-29,AL022024,49.0,2024-07-06 06:00:00,7 days 06:00:00,22.62,-93.96,1002.0,46.6,96.98865509033205,115.64927673339844,91.79467010498048,54.66378784179688,90.18363189697266,5.160421848297119,2.8009402751922607,0.2427825033664703,2.429784774780273,0.0,0.0,0.0,0.0
2024-06-29,AL022024,49.0,2024-07-06 12:00:00,7 days 12:00:00,22.62,-95.45,999.7,44.5,59.84211349487305,150.82559204101562,126.77294158935548,82.85311889648438,118.87068176269533,7.824119091033935,4.300453186035156,1.833681583404541,4.468378067016602,0.0799264162778854,0.0106362840160727,0.0825371295213699,0.2642964124679565
2024-06-29,AL022024,49.0,2024-07-06 18:00:00,7 days 18:00:00,23.11,-96.51,998.1,48.0,37.45165252685547,145.01080322265625,117.20565032958984,75.06803894042969,118.35377502441406,41.438323974609375,33.27549362182617,22.5582218170166,31.168535232543945,0.0,0.0,0.0,0.0
2024-06-29,AL022024,49.0,2024-07-07 00:00:00,8 days 00:00:00,23.32,-97.88,992.4,54.2,24.176424026489254,66.72681427001953,52.68889236450195,30.47386360168457,53.751590728759766,12.798213005065918,9.852042198181152,3.9172322750091553,9.438849449157717,1.098591923713684,0.3590993881225586,0.1367442160844802,0.9761574268341064
2024-06-29,AL022024,49.0,2024-07-07 06:00:00,8 days 06:00:00,23.66,-98.94,996.5,44.6,34.805362701416016,167.62310791015625,145.5821533203125,112.30455780029295,139.83351135253906,20.827533721923828,18.228551864624023,11.197014808654783,16.10942840576172,0.0,0.0,0.0,0.0
2024-06-29,AL022024,49.0,2024-07-07 12:00:00,8 days 12:00:00,24.19,-100.0,1000.2,32.8,30.210742950439453,45.05416488647461,38.9318733215332,33.624813079833984,40.118309020996094,3.928443670272827,4.231443405151367,3.204402208328247,3.3478481769561768,0.0,0.0,0.0851220190525055,0.0
